"Taxa","k","Estimate","SE","tval","pval","CI_lower","CI_upper","Response","Flag","pval_fdr"
"S. purpuratus",3,-0.5161,0.4426,-1.1662,0.253,-1.4213,0.389,"Biomass","preliminary (k<5)",0.411171428571429
"M. franciscanus",2,0.4807,0.475,1.0121,0.3198,-0.4907,1.4521,"Biomass","preliminary (k<5)",0.411171428571429
"M. pyrifera",17,0.543,0.3721,1.4592,0.1552,-0.2181,1.3041,"Biomass","",0.411171428571429
"P. interruptus",2,0.5861,0.5633,1.0404,0.3067,-0.566,1.7382,"Biomass","preliminary (k<5)",0.411171428571429
"S. pulcher",10,1.1657,0.3738,3.1182,0.0041,0.4011,1.9302,"Biomass","",0.01845
"S. purpuratus",6,-2.4015,0.5307,-4.5254,4e-04,-3.5327,-1.2704,"Density","",0.0036
"M. franciscanus",1,-0.4432,0.7477,-0.5928,0.5621,-2.0369,1.1504,"Density","preliminary (k<5)",0.5621
"P. interruptus",2,0.7315,0.5839,1.2528,0.2294,-0.513,1.9761,"Density","preliminary (k<5)",0.411171428571429
"S. pulcher",10,-0.3244,0.5124,-0.6331,0.5362,-1.4166,0.7678,"Density","",0.5621
