"model","residual","fitted","std_residual","species","time","MPA","source","resp"
"pooled",-0.0381768859386836,0.47031024112901,-0.0203252794312382,"Mesocentrotus franciscanus",1,"Campus Point SMCA","LTER","pooled"
"pooled",-0.0250471374804025,-0.018803171213144,-0.0133350339013893,"Strongylocentrotus purpuratus",1,"Campus Point SMCA","LTER","pooled"
"pooled",-1.2836857536135,0.345416115020571,-0.683431112899032,"Mesocentrotus franciscanus",2,"Campus Point SMCA","LTER","pooled"
"pooled",0.632735867047385,-0.160184465722851,0.336867007030388,"Strongylocentrotus purpuratus",2,"Campus Point SMCA","LTER","pooled"
"pooled",-1.36565429321513,0.220521988912132,-0.7270709601786,"Mesocentrotus franciscanus",3,"Campus Point SMCA","LTER","pooled"
"pooled",0.613735464234739,-0.301565760232558,0.326751239675937,"Strongylocentrotus purpuratus",3,"Campus Point SMCA","LTER","pooled"
"pooled",-0.73161662952369,0.0956278628036933,-0.389510879842139,"Mesocentrotus franciscanus",4,"Campus Point SMCA","LTER","pooled"
"pooled",1.28676513780343,-0.442947054742265,0.685070569407793,"Strongylocentrotus purpuratus",4,"Campus Point SMCA","LTER","pooled"
"pooled",-0.606722503415251,-0.0292662633047456,-0.323017556721143,"Mesocentrotus franciscanus",5,"Campus Point SMCA","LTER","pooled"
"pooled",2.06314607926901,-0.584328349251971,1.0984138579547,"Strongylocentrotus purpuratus",5,"Campus Point SMCA","LTER","pooled"
"pooled",-1.08260223773575,-0.154160389413184,-0.576374747542373,"Mesocentrotus franciscanus",6,"Campus Point SMCA","LTER","pooled"
"pooled",1.1739772911046,-0.725709643761678,0.625022599432369,"Strongylocentrotus purpuratus",6,"Campus Point SMCA","LTER","pooled"
"pooled",-1.80038702615822,-0.279054515521623,-0.958521589472088,"Mesocentrotus franciscanus",7,"Campus Point SMCA","LTER","pooled"
"pooled",0.325602534928519,-0.867090938271385,0.173349982410059,"Strongylocentrotus purpuratus",7,"Campus Point SMCA","LTER","pooled"
"pooled",-1.67549290004978,-0.403948641630062,-0.892028266351092,"Mesocentrotus franciscanus",8,"Campus Point SMCA","LTER","pooled"
"pooled",0.470434045490217,-1.00847223278109,0.250457919588141,"Strongylocentrotus purpuratus",8,"Campus Point SMCA","LTER","pooled"
"pooled",-0.675130036587439,-0.528842767738501,-0.359437557796127,"Mesocentrotus franciscanus",9,"Campus Point SMCA","LTER","pooled"
"pooled",0.268364302155316,-1.1498535272908,0.142876489178208,"Strongylocentrotus purpuratus",9,"Campus Point SMCA","LTER","pooled"
"pooled",-0.786624688543231,-0.653736893846939,-0.418797034096258,"Mesocentrotus franciscanus",10,"Campus Point SMCA","LTER","pooled"
"pooled",0.458429968715869,-1.29123482180051,0.244066978872219,"Strongylocentrotus purpuratus",10,"Campus Point SMCA","LTER","pooled"
"pooled",-0.202198233056348,-0.778631019955378,-0.107649838019098,"Mesocentrotus franciscanus",11,"Campus Point SMCA","LTER","pooled"
"pooled",-0.483880147538808,-1.43261611631021,-0.257616590985214,"Strongylocentrotus purpuratus",11,"Campus Point SMCA","LTER","pooled"
"pooled",-1.48527661622153,0.345416115020571,-0.790757588397149,"Mesocentrotus franciscanus",2,"Campus Point SMCA","LTER","pooled"
"pooled",0.373537876584445,-0.160184465722851,0.19887063947343,"Strongylocentrotus purpuratus",2,"Campus Point SMCA","LTER","pooled"
"pooled",-1.22424491207728,0.220521988912132,-0.651784956222135,"Mesocentrotus franciscanus",3,"Campus Point SMCA","LTER","pooled"
"pooled",-0.179398177824123,-0.301565760232558,-0.0955111451360033,"Strongylocentrotus purpuratus",3,"Campus Point SMCA","LTER","pooled"
"pooled",-2.31939262329331,0.0956278628036933,-1.23483888274452,"Mesocentrotus franciscanus",4,"Campus Point SMCA","LTER","pooled"
"pooled",1.33540381896834,-0.442947054742265,0.710965682682132,"Strongylocentrotus purpuratus",4,"Campus Point SMCA","LTER","pooled"
"pooled",-0.293754921600851,0.47031024112901,-0.156394392026324,"Mesocentrotus franciscanus",1,"Campus Point SMCA","LTER","pooled"
"pooled",-0.126102754733059,-0.018803171213144,-0.06713679400449,"Strongylocentrotus purpuratus",1,"Campus Point SMCA","LTER","pooled"
"pooled",0.146368857508372,-1.00847223278109,0.0779264168813273,"Strongylocentrotus purpuratus",8,"Campus Point SMCA","LTER","pooled"
"pooled",-2.64445390324257,-0.528842767738501,-1.40790070234542,"Mesocentrotus franciscanus",9,"Campus Point SMCA","LTER","pooled"
"pooled",0.949456562218712,-1.1498535272908,0.505488319972268,"Strongylocentrotus purpuratus",9,"Campus Point SMCA","LTER","pooled"
"pooled",-0.80335756720606,-0.653736893846939,-0.427705577214659,"Mesocentrotus franciscanus",10,"Campus Point SMCA","LTER","pooled"
"pooled",0.200262409880516,-1.29123482180051,0.106619210559293,"Strongylocentrotus purpuratus",10,"Campus Point SMCA","LTER","pooled"
"pooled",-2.14145179839378,-0.778631019955378,-1.14010362869271,"Mesocentrotus franciscanus",11,"Campus Point SMCA","LTER","pooled"
"pooled",-1.5239690333606,-0.0292662633047456,-0.811357335361446,"Mesocentrotus franciscanus",5,"Campus Point SMCA","LTER","pooled"
"pooled",1.58774853931342,-0.584328349251971,0.845313386217961,"Strongylocentrotus purpuratus",5,"Campus Point SMCA","LTER","pooled"
"pooled",-2.36876968378861,-0.154160389413184,-1.26112710734387,"Mesocentrotus franciscanus",6,"Campus Point SMCA","LTER","pooled"
"pooled",0.506419937651921,-0.725709643761678,0.269616719364105,"Strongylocentrotus purpuratus",6,"Campus Point SMCA","LTER","pooled"
"pooled",-5.14473175318258,-0.279054515521623,-2.73904243133261,"Mesocentrotus franciscanus",7,"Campus Point SMCA","LTER","pooled"
"pooled",0.918705440613417,-0.867090938271385,0.489116499063264,"Strongylocentrotus purpuratus",7,"Campus Point SMCA","LTER","pooled"
"pooled",-4.46196187105254,-0.403948641630062,-2.37553743870918,"Mesocentrotus franciscanus",8,"Campus Point SMCA","LTER","pooled"
"pooled",0.177396363677522,-1.43261611631021,0.094445384246956,"Strongylocentrotus purpuratus",11,"Campus Point SMCA","LTER","pooled"
"pooled",-0.642860671855505,0.18543582481663,-0.342257428010305,"Strongylocentrotus purpuratus",5,"Naples SMCA","LTER","pooled"
"pooled",1.44348316952797,0.710601915147629,0.76850686098566,"Mesocentrotus franciscanus",6,"Naples SMCA","LTER","pooled"
"pooled",0.927645489898134,0.139052660799135,0.493876159139593,"Strongylocentrotus purpuratus",6,"Naples SMCA","LTER","pooled"
"pooled",1.08288267272996,0.680705919531403,0.576524050438078,"Mesocentrotus franciscanus",7,"Naples SMCA","LTER","pooled"
"pooled",0.839524637292428,0.0926694967816415,0.446960835668563,"Strongylocentrotus purpuratus",7,"Naples SMCA","LTER","pooled"
"pooled",-0.278405678067901,0.650809923915177,-0.148222492820967,"Mesocentrotus franciscanus",8,"Naples SMCA","LTER","pooled"
"pooled",0.20363125215512,0.0462863327641472,0.108412773834755,"Strongylocentrotus purpuratus",8,"Naples SMCA","LTER","pooled"
"pooled",-0.354804341101298,0.620913928298951,-0.188896951623626,"Mesocentrotus franciscanus",9,"Naples SMCA","LTER","pooled"
"pooled",0.215922001759877,-9.68312533472515e-05,0.11495633845491,"Strongylocentrotus purpuratus",9,"Naples SMCA","LTER","pooled"
"pooled",1.12196065869222,0.591017932682725,0.597329073287993,"Mesocentrotus franciscanus",10,"Naples SMCA","LTER","pooled"
"pooled",0.600156641769302,-0.0464799952708413,0.319521908257957,"Strongylocentrotus purpuratus",10,"Naples SMCA","LTER","pooled"
"pooled",0.846678629274351,0.561121937066499,0.450769603264615,"Mesocentrotus franciscanus",11,"Naples SMCA","LTER","pooled"
"pooled",1.04411827251758,-0.0928631592883353,0.555885979864007,"Strongylocentrotus purpuratus",11,"Naples SMCA","LTER","pooled"
"pooled",-0.606558739588299,0.86008189322876,-0.322930369265652,"Mesocentrotus franciscanus",1,"Naples SMCA","LTER","pooled"
"pooled",0.519501551365805,0.370968480886607,0.276581338075365,"Strongylocentrotus purpuratus",1,"Naples SMCA","LTER","pooled"
"pooled",-0.320961555213517,0.830185897612534,-0.170879136315026,"Mesocentrotus franciscanus",2,"Naples SMCA","LTER","pooled"
"pooled",-0.673960958326234,0.324585316869113,-0.358815143428068,"Strongylocentrotus purpuratus",2,"Naples SMCA","LTER","pooled"
"pooled",-0.0686764406085671,0.800289901996308,-0.0365631667274769,"Mesocentrotus franciscanus",3,"Naples SMCA","LTER","pooled"
"pooled",-0.278202152851618,0.278202152851618,-0.148114136500368,"Strongylocentrotus purpuratus",3,"Naples SMCA","LTER","pooled"
"pooled",1.55339339426457,0.770393906380082,0.827022792162171,"Mesocentrotus franciscanus",4,"Naples SMCA","LTER","pooled"
"pooled",-0.78438421877288,0.231818988834124,-0.417604213544767,"Strongylocentrotus purpuratus",4,"Naples SMCA","LTER","pooled"
"pooled",-0.890780113813194,0.740497910763856,-0.474249124303185,"Mesocentrotus franciscanus",5,"Naples SMCA","LTER","pooled"
"pooled",-0.260307366489528,0.86008189322876,-0.138586996603312,"Mesocentrotus franciscanus",1,"Naples SMCA","LTER","pooled"
"pooled",-0.0962109904940178,0.370968480886607,-0.0512224928268871,"Strongylocentrotus purpuratus",1,"Naples SMCA","LTER","pooled"
"pooled",-0.211287933789443,0.830185897612534,-0.11248917215555,"Mesocentrotus franciscanus",2,"Naples SMCA","LTER","pooled"
"pooled",-0.822240576280712,0.324585316869113,-0.437758844434026,"Strongylocentrotus purpuratus",2,"Naples SMCA","LTER","pooled"
"pooled",-0.0948693417861621,0.800289901996308,-0.0505082023808428,"Mesocentrotus franciscanus",3,"Naples SMCA","LTER","pooled"
"pooled",-0.218964737303227,0.278202152851618,-0.116576283315087,"Strongylocentrotus purpuratus",3,"Naples SMCA","LTER","pooled"
"pooled",1.60432614929208,0.770393906380082,0.854139264673827,"Mesocentrotus franciscanus",4,"Naples SMCA","LTER","pooled"
"pooled",-0.352472171511318,0.231818988834124,-0.187655310315493,"Strongylocentrotus purpuratus",4,"Naples SMCA","LTER","pooled"
"pooled",-0.683757195411341,0.740497910763856,-0.36403063576679,"Mesocentrotus franciscanus",5,"Naples SMCA","LTER","pooled"
"pooled",-0.828729124263009,0.18543582481663,-0.441213331294348,"Strongylocentrotus purpuratus",5,"Naples SMCA","LTER","pooled"
"pooled",0.221504002411577,0.710601915147629,0.1179281817638,"Mesocentrotus franciscanus",6,"Naples SMCA","LTER","pooled"
"pooled",-0.0144493422175895,0.139052660799135,-0.00769279397596197,"Strongylocentrotus purpuratus",6,"Naples SMCA","LTER","pooled"
"pooled",1.07651139098615,0.680705919531403,0.573131995832417,"Mesocentrotus franciscanus",7,"Naples SMCA","LTER","pooled"
"pooled",0.432595281347464,0.0926694967816415,0.230312655362835,"Strongylocentrotus purpuratus",7,"Naples SMCA","LTER","pooled"
"pooled",-0.107381929340286,0.650809923915177,-0.057169872975293,"Mesocentrotus franciscanus",8,"Naples SMCA","LTER","pooled"
"pooled",0.0515018080488433,0.0462863327641472,0.0274194349295014,"Strongylocentrotus purpuratus",8,"Naples SMCA","LTER","pooled"
"pooled",0.684619339175389,0.620913928298951,0.364489638969469,"Mesocentrotus franciscanus",9,"Naples SMCA","LTER","pooled"
"pooled",0.0956538963097573,-9.68312533472515e-05,0.0509258972642528,"Strongylocentrotus purpuratus",9,"Naples SMCA","LTER","pooled"
"pooled",1.01752810187842,0.591017932682725,0.541729438934151,"Mesocentrotus franciscanus",10,"Naples SMCA","LTER","pooled"
"pooled",0.475462553435021,-0.0464799952708413,0.253135084752018,"Strongylocentrotus purpuratus",10,"Naples SMCA","LTER","pooled"
"pooled",1.01924040612132,0.561121937066499,0.542641065468181,"Mesocentrotus franciscanus",11,"Naples SMCA","LTER","pooled"
"pooled",0.760751209339671,-0.0928631592883353,0.405022057910005,"Strongylocentrotus purpuratus",11,"Naples SMCA","LTER","pooled"
"pooled",-0.487901030428202,-0.893104101602328,-0.259757299067546,"Macrocystis pyrifera",1,"Abalone Cove SMCA","PISCO","pooled"
"pooled",0.885705052859858,0.229824947661542,0.471547174432974,"Mesocentrotus franciscanus",1,"Abalone Cove SMCA","PISCO","pooled"
"pooled",-1.01196546505527,-0.0866468236128415,-0.538767904879578,"Panulirus interruptus",1,"Abalone Cove SMCA","PISCO","pooled"
"pooled",-3.8802521167625,0.437918018271758,-2.06583660761438,"Semicossyphus pulcher",1,"Abalone Cove SMCA","PISCO","pooled"
"pooled",0.098985208790527,-0.259288464680612,0.0526994797705149,"Strongylocentrotus purpuratus",1,"Abalone Cove SMCA","PISCO","pooled"
"pooled",-0.487901030428202,-0.893104101602328,-0.259757299067546,"Macrocystis pyrifera",1,"Abalone Cove SMCA","PISCO","pooled"
"pooled",1.19811942234091,0.229824947661542,0.637875810252959,"Mesocentrotus franciscanus",1,"Abalone Cove SMCA","PISCO","pooled"
"pooled",-1.01196546505527,-0.0866468236128415,-0.538767904879578,"Panulirus interruptus",1,"Abalone Cove SMCA","PISCO","pooled"
"pooled",-2.52197850580789,0.437918018271758,-1.34269510437418,"Semicossyphus pulcher",1,"Abalone Cove SMCA","PISCO","pooled"
"pooled",0.833427665361351,-0.259288464680612,0.443714822927174,"Strongylocentrotus purpuratus",1,"Abalone Cove SMCA","PISCO","pooled"
"pooled",-2.93214398906092,-0.728621893034624,-1.56106619083619,"Macrocystis pyrifera",2,"Abalone Cove SMCA","PISCO","pooled"
"pooled",0.917319698142874,0.169399855805226,0.488378733207276,"Mesocentrotus franciscanus",2,"Abalone Cove SMCA","PISCO","pooled"
"pooled",-4.01170510565118,0.0241977646565275,-2.1358218530198,"Panulirus interruptus",2,"Abalone Cove SMCA","PISCO","pooled"
"pooled",-1.11122069968278,0.413142635613302,-0.591611145736296,"Semicossyphus pulcher",2,"Abalone Cove SMCA","PISCO","pooled"
"pooled",2.08797870343146,-0.336200724938196,1.1116346854974,"Strongylocentrotus purpuratus",2,"Abalone Cove SMCA","PISCO","pooled"
"pooled",-2.93214398906092,-0.728621893034624,-1.56106619083619,"Macrocystis pyrifera",2,"Abalone Cove SMCA","PISCO","pooled"
"pooled",1.03606780305078,0.169399855805226,0.551599929877422,"Mesocentrotus franciscanus",2,"Abalone Cove SMCA","PISCO","pooled"
"pooled",-3.11524021801485,0.0241977646565275,-1.65854616922604,"Panulirus interruptus",2,"Abalone Cove SMCA","PISCO","pooled"
"pooled",-0.501696032954747,0.413142635613302,-0.267101724214139,"Semicossyphus pulcher",2,"Abalone Cove SMCA","PISCO","pooled"
"pooled",3.02173750470552,-0.336200724938196,1.60876555645831,"Strongylocentrotus purpuratus",2,"Abalone Cove SMCA","PISCO","pooled"
"pooled",0.869725535561881,-0.564139684466919,0.463039719037598,"Macrocystis pyrifera",3,"Abalone Cove SMCA","PISCO","pooled"
"pooled",1.67520529935981,0.108974763948909,0.89187514845673,"Mesocentrotus franciscanus",3,"Abalone Cove SMCA","PISCO","pooled"
"pooled",-4.71990664280783,0.135042352925896,-2.51286659573298,"Panulirus interruptus",3,"Abalone Cove SMCA","PISCO","pooled"
"pooled",-0.35530574894068,0.388367252954846,-0.189163899914297,"Semicossyphus pulcher",3,"Abalone Cove SMCA","PISCO","pooled"
"pooled",-0.112065685332894,-0.41311298519578,-0.0596634930544785,"Strongylocentrotus purpuratus",3,"Abalone Cove SMCA","PISCO","pooled"
"pooled",0.869725535561881,-0.564139684466919,0.463039719037598,"Macrocystis pyrifera",3,"Abalone Cove SMCA","PISCO","pooled"
"pooled",1.51596733502116,0.108974763948909,0.807097251002159,"Mesocentrotus franciscanus",3,"Abalone Cove SMCA","PISCO","pooled"
"pooled",-3.82392180703984,0.135042352925896,-2.03584649036384,"Panulirus interruptus",3,"Abalone Cove SMCA","PISCO","pooled"
"pooled",-0.252929282059742,0.388367252954846,-0.134658922743555,"Semicossyphus pulcher",3,"Abalone Cove SMCA","PISCO","pooled"
"pooled",0.631090993209094,-0.41311298519578,0.335991280276611,"Strongylocentrotus purpuratus",3,"Abalone Cove SMCA","PISCO","pooled"
"pooled",1.6480220088768,-0.399657475899215,0.877402831992391,"Macrocystis pyrifera",4,"Abalone Cove SMCA","PISCO","pooled"
"pooled",0.990955382359847,0.0485496720925934,0.52758218893764,"Mesocentrotus franciscanus",4,"Abalone Cove SMCA","PISCO","pooled"
"pooled",-3.69384780654283,0.245886941195265,-1.96659541495955,"Panulirus interruptus",4,"Abalone Cove SMCA","PISCO","pooled"
"pooled",-1.85439875568529,0.36359187029639,-0.987277300374371,"Semicossyphus pulcher",4,"Abalone Cove SMCA","PISCO","pooled"
"pooled",0.0806448642708925,-0.490025245453364,0.0429351258149444,"Strongylocentrotus purpuratus",4,"Abalone Cove SMCA","PISCO","pooled"
"pooled",1.6480220088768,-0.399657475899215,0.877402831992391,"Macrocystis pyrifera",4,"Abalone Cove SMCA","PISCO","pooled"
"pooled",0.846125469305622,0.0485496720925934,0.450475102268576,"Mesocentrotus franciscanus",4,"Abalone Cove SMCA","PISCO","pooled"
"pooled",-2.31410502050526,0.245886941195265,-1.23202377612841,"Panulirus interruptus",4,"Abalone Cove SMCA","PISCO","pooled"
"pooled",0.495790729305886,0.36359187029639,0.263957755191045,"Semicossyphus pulcher",4,"Abalone Cove SMCA","PISCO","pooled"
"pooled",1.05105446118593,-0.490025245453364,0.559578789515858,"Strongylocentrotus purpuratus",4,"Abalone Cove SMCA","PISCO","pooled"
"pooled",0.561077242769451,-0.23517526733151,0.298716133110331,"Macrocystis pyrifera",5,"Abalone Cove SMCA","PISCO","pooled"
"pooled",0.630515219373492,-0.0118754197637227,0.33568473971391,"Mesocentrotus franciscanus",5,"Abalone Cove SMCA","PISCO","pooled"
"pooled",-2.3549153403054,0.356731529464634,-1.25375108921907,"Panulirus interruptus",5,"Abalone Cove SMCA","PISCO","pooled"
"pooled",-0.752138244732572,0.338816487637934,-0.400436536905179,"Semicossyphus pulcher",5,"Abalone Cove SMCA","PISCO","pooled"
"pooled",3.50520180009751,-0.566937505710949,1.86616074879148,"Strongylocentrotus purpuratus",5,"Abalone Cove SMCA","PISCO","pooled"
"pooled",0.561077242769451,-0.23517526733151,0.298716133110331,"Macrocystis pyrifera",5,"Abalone Cove SMCA","PISCO","pooled"
"pooled",0.872686999317649,-0.0118754197637227,0.464616394999544,"Mesocentrotus franciscanus",5,"Abalone Cove SMCA","PISCO","pooled"
"pooled",-1.35526035957576,0.356731529464634,-0.72153725567611,"Panulirus interruptus",5,"Abalone Cove SMCA","PISCO","pooled"
"pooled",-0.519270630257093,0.338816487637934,-0.276458396249552,"Semicossyphus pulcher",5,"Abalone Cove SMCA","PISCO","pooled"
"pooled",3.55709873421549,-0.566937505710949,1.89379054786065,"Strongylocentrotus purpuratus",5,"Abalone Cove SMCA","PISCO","pooled"
"pooled",2.99113686185676,-0.0706930587638059,1.59247385006624,"Macrocystis pyrifera",6,"Abalone Cove SMCA","PISCO","pooled"
"pooled",-0.183578678747244,-0.072300511620039,-0.0977368334637902,"Mesocentrotus franciscanus",6,"Abalone Cove SMCA","PISCO","pooled"
"pooled",1.04985829430771,0.467576117734003,0.558941953235251,"Panulirus interruptus",6,"Abalone Cove SMCA","PISCO","pooled"
"pooled",-0.34969895562656,0.314041104979477,-0.186178857053396,"Semicossyphus pulcher",6,"Abalone Cove SMCA","PISCO","pooled"
"pooled",3.74810155706731,-0.643849765968533,1.99547997724088,"Strongylocentrotus purpuratus",6,"Abalone Cove SMCA","PISCO","pooled"
"pooled",2.99113686185676,-0.0706930587638059,1.59247385006624,"Macrocystis pyrifera",6,"Abalone Cove SMCA","PISCO","pooled"
"pooled",0.206580127249914,-0.072300511620039,0.109982747624806,"Mesocentrotus franciscanus",6,"Abalone Cove SMCA","PISCO","pooled"
"pooled",0.663825993757097,0.467576117734003,0.353419313416572,"Panulirus interruptus",6,"Abalone Cove SMCA","PISCO","pooled"
"pooled",-0.282788561475373,0.314041104979477,-0.150555929081706,"Semicossyphus pulcher",6,"Abalone Cove SMCA","PISCO","pooled"
"pooled",2.90202900902002,-0.643849765968533,1.54503305011904,"Strongylocentrotus purpuratus",6,"Abalone Cove SMCA","PISCO","pooled"
"pooled",0.453590283341943,0.0937891498038987,0.241490342376976,"Macrocystis pyrifera",7,"Abalone Cove SMCA","PISCO","pooled"
"pooled",0.379608579820182,-0.132725603476355,0.202102666826542,"Mesocentrotus franciscanus",7,"Abalone Cove SMCA","PISCO","pooled"
"pooled",-0.587347098500042,0.578420706003372,-0.312702139176937,"Panulirus interruptus",7,"Abalone Cove SMCA","PISCO","pooled"
"pooled",-0.231915723787216,0.289265722321021,-0.123471356412983,"Semicossyphus pulcher",7,"Abalone Cove SMCA","PISCO","pooled"
"pooled",-0.151125983418451,-0.720762026226117,-0.080459098922687,"Strongylocentrotus purpuratus",7,"Abalone Cove SMCA","PISCO","pooled"
"pooled",0.453590283341943,0.0937891498038987,0.241490342376976,"Macrocystis pyrifera",7,"Abalone Cove SMCA","PISCO","pooled"
"pooled",0.123966423386474,-0.132725603476355,0.0659994164916462,"Mesocentrotus franciscanus",7,"Abalone Cove SMCA","PISCO","pooled"
"pooled",-0.250547752968346,0.578420706003372,-0.133391002559232,"Panulirus interruptus",7,"Abalone Cove SMCA","PISCO","pooled"
"pooled",-0.200750585649525,0.289265722321021,-0.1068791141285,"Semicossyphus pulcher",7,"Abalone Cove SMCA","PISCO","pooled"
"pooled",0.142306688752882,-0.720762026226117,0.0757637283062353,"Strongylocentrotus purpuratus",7,"Abalone Cove SMCA","PISCO","pooled"
"pooled",-0.529668236282395,0.258271358371603,-0.281994055921209,"Macrocystis pyrifera",8,"Abalone Cove SMCA","PISCO","pooled"
"pooled",-0.315066470811173,-0.193150695332671,-0.167740607993443,"Mesocentrotus franciscanus",8,"Abalone Cove SMCA","PISCO","pooled"
"pooled",-1.84816386216441,0.689265294272741,-0.983957858520485,"Panulirus interruptus",8,"Abalone Cove SMCA","PISCO","pooled"
"pooled",1.86270427568322,0.264490339662564,0.991699138631444,"Semicossyphus pulcher",8,"Abalone Cove SMCA","PISCO","pooled"
"pooled",-1.78911742832654,-0.797674286483701,-0.952521683524431,"Strongylocentrotus purpuratus",8,"Abalone Cove SMCA","PISCO","pooled"
"pooled",-0.529668236282395,0.258271358371603,-0.281994055921209,"Macrocystis pyrifera",8,"Abalone Cove SMCA","PISCO","pooled"
"pooled",-0.21737771473204,-0.193150695332671,-0.1157313564325,"Mesocentrotus franciscanus",8,"Abalone Cove SMCA","PISCO","pooled"
"pooled",-1.82066740576384,0.689265294272741,-0.96931881329799,"Panulirus interruptus",8,"Abalone Cove SMCA","PISCO","pooled"
"pooled",1.36363970578369,0.264490339662564,0.725998398824367,"Semicossyphus pulcher",8,"Abalone Cove SMCA","PISCO","pooled"
"pooled",-1.75094817769041,-0.797674286483701,-0.932200469109344,"Strongylocentrotus purpuratus",8,"Abalone Cove SMCA","PISCO","pooled"
"pooled",1.56117481349637,0.422753566939308,0.831165600470634,"Macrocystis pyrifera",9,"Abalone Cove SMCA","PISCO","pooled"
"pooled",1.0017033300906,-0.253575787188987,0.533304369664762,"Mesocentrotus franciscanus",9,"Abalone Cove SMCA","PISCO","pooled"
"pooled",1.01268767125543,0.80010988254211,0.539152405670157,"Panulirus interruptus",9,"Abalone Cove SMCA","PISCO","pooled"
"pooled",0.428745194970757,0.239714957004108,0.228262878920443,"Semicossyphus pulcher",9,"Abalone Cove SMCA","PISCO","pooled"
"pooled",0.959092842324686,-0.874586546741285,0.510618651611841,"Strongylocentrotus purpuratus",9,"Abalone Cove SMCA","PISCO","pooled"
"pooled",1.56117481349637,0.422753566939308,0.831165600470634,"Macrocystis pyrifera",9,"Abalone Cove SMCA","PISCO","pooled"
"pooled",0.452164016259241,-0.253575787188987,0.240731001317937,"Mesocentrotus franciscanus",9,"Abalone Cove SMCA","PISCO","pooled"
"pooled",0.95164425207225,0.80010988254211,0.506653040626893,"Panulirus interruptus",9,"Abalone Cove SMCA","PISCO","pooled"
"pooled",0.165750151104056,0.239714957004108,0.0882449695444186,"Semicossyphus pulcher",9,"Abalone Cove SMCA","PISCO","pooled"
"pooled",1.32922889082553,-0.874586546741285,0.707678166246875,"Strongylocentrotus purpuratus",9,"Abalone Cove SMCA","PISCO","pooled"
"pooled",-0.703741125358853,0.587235775507012,-0.374670030529627,"Macrocystis pyrifera",10,"Abalone Cove SMCA","PISCO","pooled"
"pooled",-0.705163169299607,-0.314000879045303,-0.375427123198362,"Mesocentrotus franciscanus",10,"Abalone Cove SMCA","PISCO","pooled"
"pooled",-2.33753217645566,0.910954470811479,-1.24449633587924,"Panulirus interruptus",10,"Abalone Cove SMCA","PISCO","pooled"
"pooled",0.738232447481622,0.214939574345652,0.39303312492198,"Semicossyphus pulcher",10,"Abalone Cove SMCA","PISCO","pooled"
"pooled",-0.553158733320681,-0.951498806998869,-0.294500338310209,"Strongylocentrotus purpuratus",10,"Abalone Cove SMCA","PISCO","pooled"
"pooled",-0.703741125358853,0.587235775507012,-0.374670030529627,"Macrocystis pyrifera",10,"Abalone Cove SMCA","PISCO","pooled"
"pooled",-0.615130139302029,-0.314000879045303,-0.32749376122429,"Mesocentrotus franciscanus",10,"Abalone Cove SMCA","PISCO","pooled"
"pooled",-1.16440337162102,0.910954470811479,-0.61992546843356,"Panulirus interruptus",10,"Abalone Cove SMCA","PISCO","pooled"
"pooled",0.636812636390932,0.214939574345652,0.339037468922366,"Semicossyphus pulcher",10,"Abalone Cove SMCA","PISCO","pooled"
"pooled",-0.804267059581281,-0.951498806998869,-0.428189788700546,"Strongylocentrotus purpuratus",10,"Abalone Cove SMCA","PISCO","pooled"
"pooled",-1.17374265849327,0.751717984074717,-0.624897681611762,"Macrocystis pyrifera",11,"Abalone Cove SMCA","PISCO","pooled"
"pooled",0.442468701102867,-0.374425970901619,0.235569239563882,"Mesocentrotus franciscanus",11,"Abalone Cove SMCA","PISCO","pooled"
"pooled",-2.92781665540909,1.02179905908085,-1.55876232912764,"Panulirus interruptus",11,"Abalone Cove SMCA","PISCO","pooled"
"pooled",0.639480386387258,0.190164191687196,0.340457772406917,"Semicossyphus pulcher",11,"Abalone Cove SMCA","PISCO","pooled"
"pooled",-0.130276781850657,-1.02841106725645,-0.0693590356942653,"Strongylocentrotus purpuratus",11,"Abalone Cove SMCA","PISCO","pooled"
"pooled",-1.17374265849327,0.751717984074717,-0.624897681611762,"Macrocystis pyrifera",11,"Abalone Cove SMCA","PISCO","pooled"
"pooled",0.395978529287353,-0.374425970901619,0.210817987340895,"Mesocentrotus franciscanus",11,"Abalone Cove SMCA","PISCO","pooled"
"pooled",-1.58141484701627,1.02179905908085,-0.841941344140516,"Panulirus interruptus",11,"Abalone Cove SMCA","PISCO","pooled"
"pooled",0.323934757423764,0.190164191687196,0.172462061801036,"Semicossyphus pulcher",11,"Abalone Cove SMCA","PISCO","pooled"
"pooled",0.883078079831839,-1.02841106725645,0.470148580505261,"Strongylocentrotus purpuratus",11,"Abalone Cove SMCA","PISCO","pooled"
"pooled",-1.56011164639027,0.914763057437712,-0.830599572938995,"Semicossyphus pulcher",1,"Anacapa Island SMR 2003","PISCO","pooled"
"pooled",-0.719018480311617,0.914763057437712,-0.382803656433109,"Semicossyphus pulcher",1,"Anacapa Island SMR 2003","PISCO","pooled"
"pooled",-0.287435898101079,0.792367490869088,-0.153030159580239,"Semicossyphus pulcher",2,"Anacapa Island SMR 2003","PISCO","pooled"
"pooled",-0.110393610907268,0.792367490869088,-0.0587732847754362,"Semicossyphus pulcher",2,"Anacapa Island SMR 2003","PISCO","pooled"
"pooled",-0.159373419476724,0.669971924300463,-0.084850013434282,"Semicossyphus pulcher",3,"Anacapa Island SMR 2003","PISCO","pooled"
"pooled",0.268297714292467,0.669971924300463,0.142841037965102,"Semicossyphus pulcher",3,"Anacapa Island SMR 2003","PISCO","pooled"
"pooled",-0.0212730857770219,-0.215672988463765,-0.011325738130583,"Macrocystis pyrifera",4,"Anacapa Island SMR 2003","PISCO","pooled"
"pooled",0.525335510256421,0.547576357731839,0.279687323326037,"Semicossyphus pulcher",4,"Anacapa Island SMR 2003","PISCO","pooled"
"pooled",-0.0212730857770219,-0.215672988463765,-0.011325738130583,"Macrocystis pyrifera",4,"Anacapa Island SMR 2003","PISCO","pooled"
"pooled",-0.792888166748109,0.232534159528043,-0.422131694365042,"Mesocentrotus franciscanus",4,"Anacapa Island SMR 2003","PISCO","pooled"
"pooled",1.85832492691123,0.429871428630715,0.989367584201878,"Panulirus interruptus",4,"Anacapa Island SMR 2003","PISCO","pooled"
"pooled",0.287991162869875,0.547576357731839,0.153325781166615,"Semicossyphus pulcher",4,"Anacapa Island SMR 2003","PISCO","pooled"
"pooled",-0.0488025212532012,-0.306040758017915,-0.0259823413311761,"Strongylocentrotus purpuratus",4,"Anacapa Island SMR 2003","PISCO","pooled"
"pooled",0.637190005678728,-0.148810963806229,0.33923837939567,"Macrocystis pyrifera",5,"Anacapa Island SMR 2003","PISCO","pooled"
"pooled",-0.93557356127551,0.425180791163215,-0.4980970446868,"Semicossyphus pulcher",5,"Anacapa Island SMR 2003","PISCO","pooled"
"pooled",0.637190005678729,-0.148810963806229,0.33923837939567,"Macrocystis pyrifera",5,"Anacapa Island SMR 2003","PISCO","pooled"
"pooled",-1.05569502593465,0.074488883761559,-0.562049414683867,"Mesocentrotus franciscanus",5,"Anacapa Island SMR 2003","PISCO","pooled"
"pooled",2.06920979098619,0.443095832989916,1.10164216304067,"Panulirus interruptus",5,"Anacapa Island SMR 2003","PISCO","pooled"
"pooled",-0.852624805990155,0.425180791163215,-0.453935333007223,"Semicossyphus pulcher",5,"Anacapa Island SMR 2003","PISCO","pooled"
"pooled",0.613771061654353,-0.480573202185667,0.326770191653892,"Strongylocentrotus purpuratus",5,"Anacapa Island SMR 2003","PISCO","pooled"
"pooled",0.316136728564032,-0.081948939148692,0.16831041056784,"Macrocystis pyrifera",6,"Anacapa Island SMR 2003","PISCO","pooled"
"pooled",0.343656264877126,0.302785224594591,0.182961743478547,"Semicossyphus pulcher",6,"Anacapa Island SMR 2003","PISCO","pooled"
"pooled",0.316136728564032,-0.081948939148692,0.16831041056784,"Macrocystis pyrifera",6,"Anacapa Island SMR 2003","PISCO","pooled"
"pooled",-0.0267542307076579,-0.0835563920049252,-0.0142438861036058,"Mesocentrotus franciscanus",6,"Anacapa Island SMR 2003","PISCO","pooled"
"pooled",2.27568320477558,0.456320237349117,1.21156809668364,"Panulirus interruptus",6,"Anacapa Island SMR 2003","PISCO","pooled"
"pooled",0.335420837934053,0.302785224594591,0.178577222590113,"Semicossyphus pulcher",6,"Anacapa Island SMR 2003","PISCO","pooled"
"pooled",0.557695276519392,-0.655105646353419,0.296915582662873,"Strongylocentrotus purpuratus",6,"Anacapa Island SMR 2003","PISCO","pooled"
"pooled",1.23878070013021,-0.0150869144911553,0.659523773746525,"Macrocystis pyrifera",7,"Anacapa Island SMR 2003","PISCO","pooled"
"pooled",0.723223449367219,0.180389658025967,0.385042371533971,"Semicossyphus pulcher",7,"Anacapa Island SMR 2003","PISCO","pooled"
"pooled",1.23878070013021,-0.0150869144911553,0.659523773746525,"Macrocystis pyrifera",7,"Anacapa Island SMR 2003","PISCO","pooled"
"pooled",-0.747372761704719,-0.241601667771409,-0.397899405555035,"Mesocentrotus franciscanus",7,"Anacapa Island SMR 2003","PISCO","pooled"
"pooled",1.28831327584405,0.469544641708318,0.685894794262705,"Panulirus interruptus",7,"Anacapa Island SMR 2003","PISCO","pooled"
"pooled",-0.152415805983561,0.180389658025967,-0.0811457972588131,"Semicossyphus pulcher",7,"Anacapa Island SMR 2003","PISCO","pooled"
"pooled",0.114946939786425,-0.829638090521171,0.0611974657827566,"Strongylocentrotus purpuratus",7,"Anacapa Island SMR 2003","PISCO","pooled"
"pooled",1.02879157603256,0.0517751101663811,0.54772608465107,"Macrocystis pyrifera",8,"Anacapa Island SMR 2003","PISCO","pooled"
"pooled",1.25766252076928,0.0579940914573424,0.669576408245736,"Semicossyphus pulcher",8,"Anacapa Island SMR 2003","PISCO","pooled"
"pooled",1.02879157603256,0.0517751101663811,0.54772608465107,"Macrocystis pyrifera",8,"Anacapa Island SMR 2003","PISCO","pooled"
"pooled",-0.846309191869057,-0.399646943537893,-0.450572915705891,"Mesocentrotus franciscanus",8,"Anacapa Island SMR 2003","PISCO","pooled"
"pooled",3.01373851539896,0.482769046067519,1.60450691438142,"Panulirus interruptus",8,"Anacapa Island SMR 2003","PISCO","pooled"
"pooled",1.20347720492981,0.0579940914573424,0.640728280421063,"Semicossyphus pulcher",8,"Anacapa Island SMR 2003","PISCO","pooled"
"pooled",0.310874289509189,-1.00417053468892,0.165508701060906,"Strongylocentrotus purpuratus",8,"Anacapa Island SMR 2003","PISCO","pooled"
"pooled",0.611115756804825,0.118637134823918,0.325356513934645,"Macrocystis pyrifera",9,"Anacapa Island SMR 2003","PISCO","pooled"
"pooled",1.13555550610915,-0.0644014751112817,0.604566936350425,"Semicossyphus pulcher",9,"Anacapa Island SMR 2003","PISCO","pooled"
"pooled",0.611115756804825,0.118637134823918,0.325356513934645,"Macrocystis pyrifera",9,"Anacapa Island SMR 2003","PISCO","pooled"
"pooled",-0.126818263522977,-0.557692219304377,-0.0675177291104583,"Mesocentrotus franciscanus",9,"Anacapa Island SMR 2003","PISCO","pooled"
"pooled",3.73811305417054,0.49599345042672,1.99016212306066,"Panulirus interruptus",9,"Anacapa Island SMR 2003","PISCO","pooled"
"pooled",1.07821722711931,-0.0644014751112817,0.574040178760857,"Semicossyphus pulcher",9,"Anacapa Island SMR 2003","PISCO","pooled"
"pooled",1.00272225205252,-1.17870297885668,0.533846841191329,"Strongylocentrotus purpuratus",9,"Anacapa Island SMR 2003","PISCO","pooled"
"pooled",4.78097739193408,0.252361184138991,2.54538051117019,"Macrocystis pyrifera",11,"Anacapa Island SMR 2003","PISCO","pooled"
"pooled",0.424565228006232,-0.30919260824853,0.226037474870889,"Semicossyphus pulcher",11,"Anacapa Island SMR 2003","PISCO","pooled"
"pooled",4.78097739193408,0.252361184138991,2.54538051117019,"Macrocystis pyrifera",11,"Anacapa Island SMR 2003","PISCO","pooled"
"pooled",0.0484638171689161,-0.873782770837345,0.025802016116368,"Mesocentrotus franciscanus",11,"Anacapa Island SMR 2003","PISCO","pooled"
"pooled",0.35791646350297,0.522442259145122,0.19055383787516,"Panulirus interruptus",11,"Anacapa Island SMR 2003","PISCO","pooled"
"pooled",0.990069696216661,-0.30919260824853,0.527110651830671,"Semicossyphus pulcher",11,"Anacapa Island SMR 2003","PISCO","pooled"
"pooled",-0.995074772226941,-1.52776786719218,-0.529775341890696,"Strongylocentrotus purpuratus",11,"Anacapa Island SMR 2003","PISCO","pooled"
"pooled",5.16778428099634,0.319223208796527,2.75131553999222,"Macrocystis pyrifera",12,"Anacapa Island SMR 2003","PISCO","pooled"
"pooled",0.931911389674489,-0.431588174817154,0.496147313605133,"Semicossyphus pulcher",12,"Anacapa Island SMR 2003","PISCO","pooled"
"pooled",5.16778428099634,0.319223208796527,2.75131553999222,"Macrocystis pyrifera",12,"Anacapa Island SMR 2003","PISCO","pooled"
"pooled",-0.857873182894611,-1.03182804660383,-0.456729555860152,"Mesocentrotus franciscanus",12,"Anacapa Island SMR 2003","PISCO","pooled"
"pooled",1.78441158693724,0.535666663504323,0.950016305234796,"Panulirus interruptus",12,"Anacapa Island SMR 2003","PISCO","pooled"
"pooled",0.278618830035727,-0.431588174817154,0.148335974400223,"Semicossyphus pulcher",12,"Anacapa Island SMR 2003","PISCO","pooled"
"pooled",-1.22111930058244,-1.70230031135993,-0.650120888410836,"Strongylocentrotus purpuratus",12,"Anacapa Island SMR 2003","PISCO","pooled"
"pooled",2.02385837786049,0.386085233454064,1.07749718312109,"Macrocystis pyrifera",13,"Anacapa Island SMR 2003","PISCO","pooled"
"pooled",1.47300038880482,-0.553983741385778,0.784221755353908,"Semicossyphus pulcher",13,"Anacapa Island SMR 2003","PISCO","pooled"
"pooled",2.02385837786049,0.386085233454064,1.07749718312109,"Macrocystis pyrifera",13,"Anacapa Island SMR 2003","PISCO","pooled"
"pooled",-0.814344798071937,-1.18987332237031,-0.433555151689725,"Mesocentrotus franciscanus",13,"Anacapa Island SMR 2003","PISCO","pooled"
"pooled",1.6483335094727,0.548891067863524,0.877568674137417,"Panulirus interruptus",13,"Anacapa Island SMR 2003","PISCO","pooled"
"pooled",0.666956406989264,-0.553983741385778,0.355085937660918,"Semicossyphus pulcher",13,"Anacapa Island SMR 2003","PISCO","pooled"
"pooled",-0.526379445984936,-1.87683275552768,-0.280243112119927,"Strongylocentrotus purpuratus",13,"Anacapa Island SMR 2003","PISCO","pooled"
"pooled",2.02079606967419,0.4529472581116,1.07586681783433,"Macrocystis pyrifera",14,"Anacapa Island SMR 2003","PISCO","pooled"
"pooled",0.124041236036726,-0.676379307954403,0.0660392465611759,"Semicossyphus pulcher",14,"Anacapa Island SMR 2003","PISCO","pooled"
"pooled",2.02079606967419,0.4529472581116,1.07586681783433,"Macrocystis pyrifera",14,"Anacapa Island SMR 2003","PISCO","pooled"
"pooled",-1.00294449512304,-1.3479185981368,-0.533965162851122,"Mesocentrotus franciscanus",14,"Anacapa Island SMR 2003","PISCO","pooled"
"pooled",0.687467843355265,0.562115472222725,0.366006175533243,"Panulirus interruptus",14,"Anacapa Island SMR 2003","PISCO","pooled"
"pooled",-0.679455845680777,-0.676379307954403,-0.361740607833511,"Semicossyphus pulcher",14,"Anacapa Island SMR 2003","PISCO","pooled"
"pooled",-0.921736377267475,-2.05136519969544,-0.490730162224032,"Strongylocentrotus purpuratus",14,"Anacapa Island SMR 2003","PISCO","pooled"
"pooled",1.13141016367992,0.519809282769137,0.602359966317627,"Macrocystis pyrifera",15,"Anacapa Island SMR 2003","PISCO","pooled"
"pooled",1.02981896965608,-0.798774874523027,0.54827306646927,"Semicossyphus pulcher",15,"Anacapa Island SMR 2003","PISCO","pooled"
"pooled",1.13141016367992,0.519809282769137,0.602359966317627,"Macrocystis pyrifera",15,"Anacapa Island SMR 2003","PISCO","pooled"
"pooled",-0.925454090933729,-1.50596387390328,-0.492709463763537,"Mesocentrotus franciscanus",15,"Anacapa Island SMR 2003","PISCO","pooled"
"pooled",0.971821106330664,0.575339876581926,0.517395147814585,"Panulirus interruptus",15,"Anacapa Island SMR 2003","PISCO","pooled"
"pooled",-0.141976154921289,-0.798774874523027,-0.0755877529137061,"Semicossyphus pulcher",15,"Anacapa Island SMR 2003","PISCO","pooled"
"pooled",-1.10666305509583,-2.22589764386319,-0.589184667056846,"Strongylocentrotus purpuratus",15,"Anacapa Island SMR 2003","PISCO","pooled"
"pooled",0.596119013557787,0.586671307426673,0.31737228500764,"Macrocystis pyrifera",16,"Anacapa Island SMR 2003","PISCO","pooled"
"pooled",0.818714688647971,-0.921170441091651,0.435881670599217,"Semicossyphus pulcher",16,"Anacapa Island SMR 2003","PISCO","pooled"
"pooled",0.596119013557787,0.586671307426673,0.31737228500764,"Macrocystis pyrifera",16,"Anacapa Island SMR 2003","PISCO","pooled"
"pooled",-0.617891037170765,-1.66400914966977,-0.328963656405193,"Mesocentrotus franciscanus",16,"Anacapa Island SMR 2003","PISCO","pooled"
"pooled",1.16929363661124,0.588564280941127,0.62252903339113,"Panulirus interruptus",16,"Anacapa Island SMR 2003","PISCO","pooled"
"pooled",0.152440579365699,-0.921170441091651,0.081158986546049,"Semicossyphus pulcher",16,"Anacapa Island SMR 2003","PISCO","pooled"
"pooled",-0.58196056858548,-2.40043008803094,-0.309834364003917,"Strongylocentrotus purpuratus",16,"Anacapa Island SMR 2003","PISCO","pooled"
"pooled",-0.380696166787565,0.65353333208421,-0.202681695431791,"Macrocystis pyrifera",17,"Anacapa Island SMR 2003","PISCO","pooled"
"pooled",1.1245378016575,-1.04356600766028,0.598701137813837,"Semicossyphus pulcher",17,"Anacapa Island SMR 2003","PISCO","pooled"
"pooled",-0.380696166787566,0.65353333208421,-0.202681695431792,"Macrocystis pyrifera",17,"Anacapa Island SMR 2003","PISCO","pooled"
"pooled",-0.0866826021593707,-1.82205442543625,-0.0461496024988991,"Mesocentrotus franciscanus",17,"Anacapa Island SMR 2003","PISCO","pooled"
"pooled",1.77404686943331,0.601788685300328,0.944498155330388,"Panulirus interruptus",17,"Anacapa Island SMR 2003","PISCO","pooled"
"pooled",0.789963248861357,-1.04356600766028,0.420574475333162,"Semicossyphus pulcher",17,"Anacapa Island SMR 2003","PISCO","pooled"
"pooled",0.0589235384379516,-2.57496253219869,0.0313707457898009,"Strongylocentrotus purpuratus",17,"Anacapa Island SMR 2003","PISCO","pooled"
"pooled",0.231120744199533,0.720395356741747,0.123048111251297,"Macrocystis pyrifera",18,"Anacapa Island SMR 2003","PISCO","pooled"
"pooled",1.22081844458259,-1.1659615742289,0.649960713422357,"Semicossyphus pulcher",18,"Anacapa Island SMR 2003","PISCO","pooled"
"pooled",0.231120744199533,0.720395356741747,0.123048111251297,"Macrocystis pyrifera",18,"Anacapa Island SMR 2003","PISCO","pooled"
"pooled",-0.367648825803327,-1.98009970120273,-0.19573532343683,"Mesocentrotus franciscanus",18,"Anacapa Island SMR 2003","PISCO","pooled"
"pooled",-0.0533290486600474,0.615013089659529,-0.0283922533010804,"Panulirus interruptus",18,"Anacapa Island SMR 2003","PISCO","pooled"
"pooled",0.668123145989721,-1.1659615742289,0.355707106612354,"Semicossyphus pulcher",18,"Anacapa Island SMR 2003","PISCO","pooled"
"pooled",-0.354008697429686,-2.74949497636644,-0.188473352905303,"Strongylocentrotus purpuratus",18,"Anacapa Island SMR 2003","PISCO","pooled"
"pooled",-0.0138528870744571,0.787257381399283,-0.00737524273640209,"Macrocystis pyrifera",19,"Anacapa Island SMR 2003","PISCO","pooled"
"pooled",1.81447262294964,-1.28835714079752,0.966020726284905,"Semicossyphus pulcher",19,"Anacapa Island SMR 2003","PISCO","pooled"
"pooled",-0.0138528870744571,0.787257381399283,-0.00737524273640209,"Macrocystis pyrifera",19,"Anacapa Island SMR 2003","PISCO","pooled"
"pooled",0.415886294247918,-2.13814497696922,0.221416832053498,"Mesocentrotus franciscanus",19,"Anacapa Island SMR 2003","PISCO","pooled"
"pooled",1.77827852182355,0.62823749401873,0.946751076572461,"Panulirus interruptus",19,"Anacapa Island SMR 2003","PISCO","pooled"
"pooled",1.37173874973658,-1.28835714079752,0.730310309746927,"Semicossyphus pulcher",19,"Anacapa Island SMR 2003","PISCO","pooled"
"pooled",0.318168160328536,-2.9240274205342,0.169391939803235,"Strongylocentrotus purpuratus",19,"Anacapa Island SMR 2003","PISCO","pooled"
"pooled",-0.0331388539869898,0.85411940605682,-0.0176430437097037,"Macrocystis pyrifera",20,"Anacapa Island SMR 2003","PISCO","pooled"
"pooled",1.95513109485729,-1.41075270736615,1.04090694802875,"Semicossyphus pulcher",20,"Anacapa Island SMR 2003","PISCO","pooled"
"pooled",-0.0331388539869898,0.85411940605682,-0.0176430437097037,"Macrocystis pyrifera",20,"Anacapa Island SMR 2003","PISCO","pooled"
"pooled",0.535158797875431,-2.2961902527357,0.284917217301949,"Mesocentrotus franciscanus",20,"Anacapa Island SMR 2003","PISCO","pooled"
"pooled",0.399163132639829,0.641461898377931,0.212513462270952,"Panulirus interruptus",20,"Anacapa Island SMR 2003","PISCO","pooled"
"pooled",1.62206180103336,-1.41075270736615,0.863581681693265,"Semicossyphus pulcher",20,"Anacapa Island SMR 2003","PISCO","pooled"
"pooled",0.941901669351178,-3.09855986470195,0.501466113738571,"Strongylocentrotus purpuratus",20,"Anacapa Island SMR 2003","PISCO","pooled"
"pooled",0.159371514055242,-0.625055482156461,0.0848489989926082,"Macrocystis pyrifera",1,"Campus Point SMCA","PISCO","pooled"
"pooled",-0.203169694522902,0.497873567107409,-0.108167041695588,"Mesocentrotus franciscanus",1,"Campus Point SMCA","PISCO","pooled"
"pooled",1.39640734619422,0.705966637717626,0.743443809346226,"Semicossyphus pulcher",1,"Campus Point SMCA","PISCO","pooled"
"pooled",1.65965655165296,0.00876015476525548,0.883597033723772,"Strongylocentrotus purpuratus",1,"Campus Point SMCA","PISCO","pooled"
"pooled",0.159371514055242,-0.625055482156461,0.0848489989926082,"Macrocystis pyrifera",1,"Campus Point SMCA","PISCO","pooled"
"pooled",0.0468391259701609,0.497873567107409,0.024937034549846,"Mesocentrotus franciscanus",1,"Campus Point SMCA","PISCO","pooled"
"pooled",2.38354756162851,0.181401795833026,1.2689948128707,"Panulirus interruptus",1,"Campus Point SMCA","PISCO","pooled"
"pooled",0.903471274716474,0.705966637717626,0.481005866906033,"Semicossyphus pulcher",1,"Campus Point SMCA","PISCO","pooled"
"pooled",1.74826133749118,0.00876015476525548,0.930770002048096,"Strongylocentrotus purpuratus",1,"Campus Point SMCA","PISCO","pooled"
"pooled",-1.82368394115102,-0.525042307840879,-0.970924809259974,"Macrocystis pyrifera",2,"Campus Point SMCA","PISCO","pooled"
"pooled",0.202498904180999,0.37297944099897,0.107809914580483,"Mesocentrotus franciscanus",2,"Campus Point SMCA","PISCO","pooled"
"pooled",0.481890067861063,0.616722220807047,0.256557077498295,"Semicossyphus pulcher",2,"Campus Point SMCA","PISCO","pooled"
"pooled",0.861565897051781,-0.132621139744451,0.458695547722996,"Strongylocentrotus purpuratus",2,"Campus Point SMCA","PISCO","pooled"
"pooled",-1.82368394115102,-0.525042307840879,-0.970924809259974,"Macrocystis pyrifera",2,"Campus Point SMCA","PISCO","pooled"
"pooled",0.292617787792744,0.37297944099897,0.155788984805903,"Mesocentrotus franciscanus",2,"Campus Point SMCA","PISCO","pooled"
"pooled",1.38166056258383,0.227777349850272,0.735592658310107,"Panulirus interruptus",2,"Campus Point SMCA","PISCO","pooled"
"pooled",0.992715691627053,0.616722220807047,0.528519373227601,"Semicossyphus pulcher",2,"Campus Point SMCA","PISCO","pooled"
"pooled",1.09146525082654,-0.132621139744451,0.581093393740036,"Strongylocentrotus purpuratus",2,"Campus Point SMCA","PISCO","pooled"
"pooled",0.958724842792152,-0.425029133525297,0.51042272957301,"Macrocystis pyrifera",3,"Campus Point SMCA","PISCO","pooled"
"pooled",0.702744192496983,0.248085314890532,0.374139265945417,"Mesocentrotus franciscanus",3,"Campus Point SMCA","PISCO","pooled"
"pooled",0.737103181472382,0.527477803896468,0.39243190649817,"Semicossyphus pulcher",3,"Campus Point SMCA","PISCO","pooled"
"pooled",0.282670521568926,-0.274002434254158,0.150493084928141,"Strongylocentrotus purpuratus",3,"Campus Point SMCA","PISCO","pooled"
"pooled",0.958724842792152,-0.425029133525297,0.51042272957301,"Macrocystis pyrifera",3,"Campus Point SMCA","PISCO","pooled"
"pooled",0.415208902519732,0.248085314890532,0.221056190376702,"Mesocentrotus franciscanus",3,"Campus Point SMCA","PISCO","pooled"
"pooled",1.19218416492591,0.274152903867519,0.634715893919031,"Panulirus interruptus",3,"Campus Point SMCA","PISCO","pooled"
"pooled",-0.784197650744282,0.527477803896468,-0.417504885188853,"Semicossyphus pulcher",3,"Campus Point SMCA","PISCO","pooled"
"pooled",0.933605863183131,-0.274002434254158,0.497049447100445,"Strongylocentrotus purpuratus",3,"Campus Point SMCA","PISCO","pooled"
"pooled",0.802541955849877,-0.325015959209715,0.42727134775057,"Macrocystis pyrifera",4,"Campus Point SMCA","PISCO","pooled"
"pooled",-2.27082453997726,0.123191188782093,-1.2089813555899,"Mesocentrotus franciscanus",4,"Campus Point SMCA","PISCO","pooled"
"pooled",-0.592012802323207,0.438233386985889,-0.315186148325864,"Semicossyphus pulcher",4,"Campus Point SMCA","PISCO","pooled"
"pooled",0.648462506837877,-0.415383728763865,0.345239831067675,"Strongylocentrotus purpuratus",4,"Campus Point SMCA","PISCO","pooled"
"pooled",0.802541955849876,-0.325015959209715,0.42727134775057,"Macrocystis pyrifera",4,"Campus Point SMCA","PISCO","pooled"
"pooled",-0.820206846119958,0.123191188782093,-0.436676091538165,"Mesocentrotus franciscanus",4,"Campus Point SMCA","PISCO","pooled"
"pooled",2.33271350672245,0.320528457884765,1.24193088805902,"Panulirus interruptus",4,"Campus Point SMCA","PISCO","pooled"
"pooled",-1.20320630211709,0.438233386985889,-0.640584052435154,"Semicossyphus pulcher",4,"Campus Point SMCA","PISCO","pooled"
"pooled",0.594855191521901,-0.415383728763865,0.316699429288816,"Strongylocentrotus purpuratus",4,"Campus Point SMCA","PISCO","pooled"
"pooled",0.720592656882704,-0.225002784894134,0.383641744137088,"Macrocystis pyrifera",5,"Campus Point SMCA","PISCO","pooled"
"pooled",-0.531094075682032,-0.00170293732634608,-0.282753169282844,"Mesocentrotus franciscanus",5,"Campus Point SMCA","PISCO","pooled"
"pooled",-0.852653268521965,0.34898897007531,-0.453950486388599,"Semicossyphus pulcher",5,"Campus Point SMCA","PISCO","pooled"
"pooled",-0.539963669900888,-0.556765023273572,-0.287475319256771,"Strongylocentrotus purpuratus",5,"Campus Point SMCA","PISCO","pooled"
"pooled",0.720592656882704,-0.225002784894134,0.383641744137088,"Macrocystis pyrifera",5,"Campus Point SMCA","PISCO","pooled"
"pooled",0.104482806390681,-0.00170293732634608,0.0556263871040021,"Mesocentrotus franciscanus",5,"Campus Point SMCA","PISCO","pooled"
"pooled",2.73917631882085,0.366904011902011,1.45833068157742,"Panulirus interruptus",5,"Campus Point SMCA","PISCO","pooled"
"pooled",-1.18584287130143,0.34898897007531,-0.631339804913759,"Semicossyphus pulcher",5,"Campus Point SMCA","PISCO","pooled"
"pooled",-0.0398901770687481,-0.556765023273572,-0.0212374313815453,"Strongylocentrotus purpuratus",5,"Campus Point SMCA","PISCO","pooled"
"pooled",0.253688956733592,-0.124989610578552,0.135063371656639,"Macrocystis pyrifera",6,"Campus Point SMCA","PISCO","pooled"
"pooled",-1.70082007656578,-0.126597063434785,-0.9055123923408,"Mesocentrotus franciscanus",6,"Campus Point SMCA","PISCO","pooled"
"pooled",-0.717001006621349,0.259744553164731,-0.381729558441834,"Semicossyphus pulcher",6,"Campus Point SMCA","PISCO","pooled"
"pooled",-0.898798755137841,-0.698146317783279,-0.478518229065792,"Strongylocentrotus purpuratus",6,"Campus Point SMCA","PISCO","pooled"
"pooled",0.253688956733592,-0.124989610578552,0.135063371656639,"Macrocystis pyrifera",6,"Campus Point SMCA","PISCO","pooled"
"pooled",-0.554127597126603,-0.126597063434785,-0.295016158998617,"Mesocentrotus franciscanus",6,"Campus Point SMCA","PISCO","pooled"
"pooled",3.19763834672496,0.413279565919257,1.70241472868199,"Panulirus interruptus",6,"Campus Point SMCA","PISCO","pooled"
"pooled",-0.736084000859552,0.259744553164731,-0.391889297266502,"Semicossyphus pulcher",6,"Campus Point SMCA","PISCO","pooled"
"pooled",-0.208722984632317,-0.698146317783279,-0.111123599582941,"Strongylocentrotus purpuratus",6,"Campus Point SMCA","PISCO","pooled"
"pooled",0.155683722900289,-0.0249764362629699,0.0828856281239405,"Macrocystis pyrifera",7,"Campus Point SMCA","PISCO","pooled"
"pooled",-0.254667956211323,-0.251491189543224,-0.135584588551592,"Mesocentrotus franciscanus",7,"Campus Point SMCA","PISCO","pooled"
"pooled",-1.62261937639721,0.170500136254152,-0.863878533434724,"Semicossyphus pulcher",7,"Campus Point SMCA","PISCO","pooled"
"pooled",0.343100007993105,-0.839527612292985,0.182665593692485,"Strongylocentrotus purpuratus",7,"Campus Point SMCA","PISCO","pooled"
"pooled",0.155683722900289,-0.0249764362629699,0.0828856281239405,"Macrocystis pyrifera",7,"Campus Point SMCA","PISCO","pooled"
"pooled",-0.166244011156755,-0.251491189543224,-0.0885078994121708,"Mesocentrotus franciscanus",7,"Campus Point SMCA","PISCO","pooled"
"pooled",1.1497827924976,0.459655119936504,0.612141508353438,"Panulirus interruptus",7,"Campus Point SMCA","PISCO","pooled"
"pooled",-1.41482423610365,0.170500136254152,-0.753248915877562,"Semicossyphus pulcher",7,"Campus Point SMCA","PISCO","pooled"
"pooled",-0.171818904716235,-0.839527612292985,-0.0914759589227818,"Strongylocentrotus purpuratus",7,"Campus Point SMCA","PISCO","pooled"
"pooled",0.687555764303165,0.0750367380526118,0.366052984427944,"Macrocystis pyrifera",8,"Campus Point SMCA","PISCO","pooled"
"pooled",0.127571180811326,0.081255719343573,0.0679185804082535,"Semicossyphus pulcher",8,"Campus Point SMCA","PISCO","pooled"
"pooled",1.06519831587628,-0.980908906802692,0.567108942689634,"Strongylocentrotus purpuratus",8,"Campus Point SMCA","PISCO","pooled"
"pooled",0.687555764303166,0.0750367380526118,0.366052984427945,"Macrocystis pyrifera",8,"Campus Point SMCA","PISCO","pooled"
"pooled",0.418794497576756,-0.376385315651662,0.222965152296182,"Mesocentrotus franciscanus",8,"Campus Point SMCA","PISCO","pooled"
"pooled",3.04931738753566,0.50603067395375,1.6234490177051,"Panulirus interruptus",8,"Campus Point SMCA","PISCO","pooled"
"pooled",-0.0812557193435732,0.081255719343573,-0.0432603435412977,"Semicossyphus pulcher",8,"Campus Point SMCA","PISCO","pooled"
"pooled",1.35415927836666,-0.980908906802692,0.72095104277002,"Strongylocentrotus purpuratus",8,"Campus Point SMCA","PISCO","pooled"
"pooled",0.338696487479319,0.175049912368193,0.180321170287504,"Macrocystis pyrifera",9,"Campus Point SMCA","PISCO","pooled"
"pooled",2.22969963584657,-0.501279441760101,1.18708655858153,"Mesocentrotus franciscanus",9,"Campus Point SMCA","PISCO","pooled"
"pooled",0.773765516568292,-0.00798869756700582,0.411950842815367,"Semicossyphus pulcher",9,"Campus Point SMCA","PISCO","pooled"
"pooled",0.0494595114378795,-1.1222902013124,0.0263321212767854,"Strongylocentrotus purpuratus",9,"Campus Point SMCA","PISCO","pooled"
"pooled",0.33869648747932,0.175049912368193,0.180321170287505,"Macrocystis pyrifera",9,"Campus Point SMCA","PISCO","pooled"
"pooled",0.826175110552316,-0.501279441760101,0.43985358072631,"Mesocentrotus franciscanus",9,"Campus Point SMCA","PISCO","pooled"
"pooled",1.48447569929004,0.552406227970996,0.790331182208341,"Panulirus interruptus",9,"Campus Point SMCA","PISCO","pooled"
"pooled",0.518814321332997,-0.00798869756700582,0.276215458509578,"Semicossyphus pulcher",9,"Campus Point SMCA","PISCO","pooled"
"pooled",-0.520523872278701,-1.1222902013124,-0.277125619195003,"Strongylocentrotus purpuratus",9,"Campus Point SMCA","PISCO","pooled"
"pooled",1.26014976443307,0.275063086683775,0.670900610606333,"Macrocystis pyrifera",10,"Campus Point SMCA","PISCO","pooled"
"pooled",0.909772722232011,-0.62617356786854,0.484360741941684,"Mesocentrotus franciscanus",10,"Campus Point SMCA","PISCO","pooled"
"pooled",-0.179608108093805,-0.0972331144775846,-0.0956229114911539,"Semicossyphus pulcher",10,"Campus Point SMCA","PISCO","pooled"
"pooled",-0.092364565826154,-1.26367149582211,-0.0491746658692064,"Strongylocentrotus purpuratus",10,"Campus Point SMCA","PISCO","pooled"
"pooled",1.26014976443307,0.275063086683775,0.670900610606333,"Macrocystis pyrifera",10,"Campus Point SMCA","PISCO","pooled"
"pooled",0.643873144967941,-0.62617356786854,0.342796466185391,"Mesocentrotus franciscanus",10,"Campus Point SMCA","PISCO","pooled"
"pooled",1.59844279534798,0.598781781988242,0.851006981619133,"Panulirus interruptus",10,"Campus Point SMCA","PISCO","pooled"
"pooled",0.0972331144775849,-0.0972331144775846,0.0517666691018389,"Semicossyphus pulcher",10,"Campus Point SMCA","PISCO","pooled"
"pooled",0.0672200406235761,-1.26367149582211,0.0357877829859602,"Strongylocentrotus purpuratus",10,"Campus Point SMCA","PISCO","pooled"
"pooled",1.388512331262,0.375076260999357,0.73924052296847,"Macrocystis pyrifera",11,"Campus Point SMCA","PISCO","pooled"
"pooled",-1.79172254615386,-0.751067693976979,-0.953908641797473,"Mesocentrotus franciscanus",11,"Campus Point SMCA","PISCO","pooled"
"pooled",0.355634756907611,-0.186477531388164,0.189339062940263,"Semicossyphus pulcher",11,"Campus Point SMCA","PISCO","pooled"
"pooled",-0.100002469707557,-1.40505279033181,-0.0532410669608982,"Strongylocentrotus purpuratus",11,"Campus Point SMCA","PISCO","pooled"
"pooled",1.388512331262,0.375076260999357,0.73924052296847,"Macrocystis pyrifera",11,"Campus Point SMCA","PISCO","pooled"
"pooled",0.0579205134170339,-0.751067693976979,0.0308367377552163,"Mesocentrotus franciscanus",11,"Campus Point SMCA","PISCO","pooled"
"pooled",2.39936510171793,0.645157336005489,1.27741603200179,"Panulirus interruptus",11,"Campus Point SMCA","PISCO","pooled"
"pooled",0.613921546215103,-0.186477531388164,0.326850309260976,"Semicossyphus pulcher",11,"Campus Point SMCA","PISCO","pooled"
"pooled",-0.662583773189387,-1.40505279033181,-0.352757958265854,"Strongylocentrotus purpuratus",11,"Campus Point SMCA","PISCO","pooled"
"pooled",0.798270658326188,-0.525949871035894,0.42499731953773,"Macrocystis pyrifera",1,"Gull Island SMR","PISCO","pooled"
"pooled",-1.09359689709303,0.596979178227975,-0.582228276927852,"Mesocentrotus franciscanus",1,"Gull Island SMR","PISCO","pooled"
"pooled",-0.602510083552887,0.805072248838192,-0.320774874829231,"Semicossyphus pulcher",1,"Gull Island SMR","PISCO","pooled"
"pooled",-0.297963445131273,0.107865765885822,-0.158634999520769,"Strongylocentrotus purpuratus",1,"Gull Island SMR","PISCO","pooled"
"pooled",0.798270658326188,-0.525949871035894,0.42499731953773,"Macrocystis pyrifera",1,"Gull Island SMR","PISCO","pooled"
"pooled",-1.64192384603073,0.596979178227975,-0.874156185210806,"Mesocentrotus franciscanus",1,"Gull Island SMR","PISCO","pooled"
"pooled",0.818104881714518,0.280507406953592,0.43555701089959,"Panulirus interruptus",1,"Gull Island SMR","PISCO","pooled"
"pooled",-0.1049074956196,0.805072248838192,-0.0558524905966516,"Semicossyphus pulcher",1,"Gull Island SMR","PISCO","pooled"
"pooled",-0.957981930525737,0.107865765885822,-0.510027204924089,"Strongylocentrotus purpuratus",1,"Gull Island SMR","PISCO","pooled"
"pooled",0.340163017299351,-0.326184442419357,0.181101947128085,"Macrocystis pyrifera",2,"Gull Island SMR","PISCO","pooled"
"pooled",-0.448445012992096,0.571837306420492,-0.238751013198115,"Mesocentrotus franciscanus",2,"Gull Island SMR","PISCO","pooled"
"pooled",-0.3287435019796,0.815580086228569,-0.175022225481431,"Semicossyphus pulcher",2,"Gull Island SMR","PISCO","pooled"
"pooled",0.234188258846398,0.0662367256770702,0.124681248444757,"Strongylocentrotus purpuratus",2,"Gull Island SMR","PISCO","pooled"
"pooled",0.340163017299351,-0.326184442419357,0.181101947128085,"Macrocystis pyrifera",2,"Gull Island SMR","PISCO","pooled"
"pooled",-0.969558054029234,0.571837306420492,-0.51619030437953,"Mesocentrotus franciscanus",2,"Gull Island SMR","PISCO","pooled"
"pooled",-0.426635215271794,0.426635215271794,-0.227139530959467,"Panulirus interruptus",2,"Gull Island SMR","PISCO","pooled"
"pooled",0.340602054261021,0.815580086228569,0.181335689318082,"Semicossyphus pulcher",2,"Gull Island SMR","PISCO","pooled"
"pooled",-0.065432867112883,0.0662367256770702,-0.0348362962393647,"Strongylocentrotus purpuratus",2,"Gull Island SMR","PISCO","pooled"
"pooled",0.12933305180467,-0.12641901380282,0.0688565961573385,"Macrocystis pyrifera",3,"Gull Island SMR","PISCO","pooled"
"pooled",0.0950565173653506,0.546695434613008,0.0506078541951846,"Mesocentrotus franciscanus",3,"Gull Island SMR","PISCO","pooled"
"pooled",0.628851087268255,0.826087923618945,0.334798759906553,"Semicossyphus pulcher",3,"Gull Island SMR","PISCO","pooled"
"pooled",-0.511370864730873,0.0246076854683186,-0.272252580667329,"Strongylocentrotus purpuratus",3,"Gull Island SMR","PISCO","pooled"
"pooled",0.12933305180467,-0.12641901380282,0.0688565961573385,"Macrocystis pyrifera",3,"Gull Island SMR","PISCO","pooled"
"pooled",-1.0154546760546,0.546695434613008,-0.540625552165684,"Mesocentrotus franciscanus",3,"Gull Island SMR","PISCO","pooled"
"pooled",0.525849265078115,0.572763023589995,0.279960845119481,"Panulirus interruptus",3,"Gull Island SMR","PISCO","pooled"
"pooled",0.357682173389475,0.826087923618945,0.190429102399553,"Semicossyphus pulcher",3,"Gull Island SMR","PISCO","pooled"
"pooled",-0.728117653063811,0.0246076854683186,-0.387648033449047,"Strongylocentrotus purpuratus",3,"Gull Island SMR","PISCO","pooled"
"pooled",0.0464547849989033,0.0733464148137167,0.02473241236955,"Macrocystis pyrifera",4,"Gull Island SMR","PISCO","pooled"
"pooled",0.540501037064935,0.521553562805525,0.287761412202748,"Mesocentrotus franciscanus",4,"Gull Island SMR","PISCO","pooled"
"pooled",-0.359932927843125,0.836595761009321,-0.191627398490938,"Semicossyphus pulcher",4,"Gull Island SMR","PISCO","pooled"
"pooled",-0.284076004530698,-0.017021354740433,-0.151241360572722,"Strongylocentrotus purpuratus",4,"Gull Island SMR","PISCO","pooled"
"pooled",0.0464547849989043,0.0733464148137167,0.0247324123695506,"Macrocystis pyrifera",4,"Gull Island SMR","PISCO","pooled"
"pooled",-0.389857975105627,0.521553562805525,-0.207559419467721,"Mesocentrotus franciscanus",4,"Gull Island SMR","PISCO","pooled"
"pooled",0.890547080525903,0.718890831908197,0.474125057958733,"Panulirus interruptus",4,"Gull Island SMR","PISCO","pooled"
"pooled",0.286862526245319,0.836595761009321,0.152724897825651,"Semicossyphus pulcher",4,"Gull Island SMR","PISCO","pooled"
"pooled",-0.304933564178729,-0.017021354740433,-0.162345873622341,"Strongylocentrotus purpuratus",4,"Gull Island SMR","PISCO","pooled"
"pooled",-0.369284166576195,0.273111843430254,-0.196605974810209,"Macrocystis pyrifera",5,"Gull Island SMR","PISCO","pooled"
"pooled",1.45642036384956,0.496411690998041,0.775394591170485,"Mesocentrotus franciscanus",5,"Gull Island SMR","PISCO","pooled"
"pooled",-0.0583635704389266,0.847103598399698,-0.0310726202153102,"Semicossyphus pulcher",5,"Gull Island SMR","PISCO","pooled"
"pooled",2.38277628685716,-0.0586503949491846,1.26858418809446,"Strongylocentrotus purpuratus",5,"Gull Island SMR","PISCO","pooled"
"pooled",-0.369284166576195,0.273111843430254,-0.196605974810209,"Macrocystis pyrifera",5,"Gull Island SMR","PISCO","pooled"
"pooled",0.0968059126702248,0.496411690998041,0.0515392279186562,"Mesocentrotus franciscanus",5,"Gull Island SMR","PISCO","pooled"
"pooled",2.17950379749702,0.865018640226398,1.16036241868236,"Panulirus interruptus",5,"Gull Island SMR","PISCO","pooled"
"pooled",0.268458248582182,0.847103598399698,0.142926506022974,"Semicossyphus pulcher",5,"Gull Island SMR","PISCO","pooled"
"pooled",1.77264204607117,-0.0586503949491846,0.943750230855018,"Strongylocentrotus purpuratus",5,"Gull Island SMR","PISCO","pooled"
"pooled",-0.771965036745137,0.472877272046791,-0.410992271821004,"Macrocystis pyrifera",6,"Gull Island SMR","PISCO","pooled"
"pooled",0.712900561067832,0.471269819190558,0.379546491394363,"Mesocentrotus franciscanus",6,"Gull Island SMR","PISCO","pooled"
"pooled",0.267652710198076,0.857611435790074,0.142497639384248,"Semicossyphus pulcher",6,"Gull Island SMR","PISCO","pooled"
"pooled",1.74734507546672,-0.100279435157936,0.930282186417731,"Strongylocentrotus purpuratus",6,"Gull Island SMR","PISCO","pooled"
"pooled",-0.771965036745138,0.472877272046791,-0.410992271821005,"Macrocystis pyrifera",6,"Gull Island SMR","PISCO","pooled"
"pooled",-0.611155388788589,0.471269819190558,-0.32537761390455,"Mesocentrotus franciscanus",6,"Gull Island SMR","PISCO","pooled"
"pooled",2.83900115316546,1.0111464485446,1.51147717591146,"Panulirus interruptus",6,"Gull Island SMR","PISCO","pooled"
"pooled",0.556081899517926,0.857611435790074,0.296056624746939,"Semicossyphus pulcher",6,"Gull Island SMR","PISCO","pooled"
"pooled",1.83414228856156,-0.100279435157936,0.976492807494547,"Strongylocentrotus purpuratus",6,"Gull Island SMR","PISCO","pooled"
"pooled",-0.61429058574963,0.672642700663328,-0.32704678499429,"Macrocystis pyrifera",7,"Gull Island SMR","PISCO","pooled"
"pooled",0.336000369065027,0.446127947383074,0.178885763527556,"Mesocentrotus franciscanus",7,"Gull Island SMR","PISCO","pooled"
"pooled",0.17574466933288,0.86811927318045,0.0935660262725061,"Semicossyphus pulcher",7,"Gull Island SMR","PISCO","pooled"
"pooled",0.437100877497055,-0.141908475366688,0.232711423583266,"Strongylocentrotus purpuratus",7,"Gull Island SMR","PISCO","pooled"
"pooled",-0.61429058574963,0.672642700663328,-0.32704678499429,"Macrocystis pyrifera",7,"Gull Island SMR","PISCO","pooled"
"pooled",-0.681015641722153,0.446127947383074,-0.362571039379123,"Mesocentrotus franciscanus",7,"Gull Island SMR","PISCO","pooled"
"pooled",-0.0586619681946914,1.1572742568628,-0.0312314864407356,"Panulirus interruptus",7,"Gull Island SMR","PISCO","pooled"
"pooled",0.41707897106807,0.86811927318045,0.222051810235838,"Semicossyphus pulcher",7,"Gull Island SMR","PISCO","pooled"
"pooled",0.250948847982915,-0.141908475366688,0.133604544550653,"Strongylocentrotus purpuratus",7,"Gull Island SMR","PISCO","pooled"
"pooled",-1.71016770634872,0.872408129279865,-0.910489047263971,"Macrocystis pyrifera",8,"Gull Island SMR","PISCO","pooled"
"pooled",0.632845442570779,0.420986075575591,0.3369253447674,"Mesocentrotus franciscanus",8,"Gull Island SMR","PISCO","pooled"
"pooled",0.381797115279394,0.878627110570826,0.203267837679531,"Semicossyphus pulcher",8,"Gull Island SMR","PISCO","pooled"
"pooled",-0.0299171318256036,-0.183537515575439,-0.0159278068178011,"Strongylocentrotus purpuratus",8,"Gull Island SMR","PISCO","pooled"
"pooled",-1.71016770634872,0.872408129279865,-0.910489047263971,"Macrocystis pyrifera",8,"Gull Island SMR","PISCO","pooled"
"pooled",-0.686574315486328,0.420986075575591,-0.365530463510923,"Mesocentrotus franciscanus",8,"Gull Island SMR","PISCO","pooled"
"pooled",0.893822512155217,1.303402065181,0.475868889638212,"Panulirus interruptus",8,"Gull Island SMR","PISCO","pooled"
"pooled",0.320068636654264,0.878627110570826,0.170403748687672,"Semicossyphus pulcher",8,"Gull Island SMR","PISCO","pooled"
"pooled",-0.254325813270293,-0.183537515575439,-0.135402432497977,"Strongylocentrotus purpuratus",8,"Gull Island SMR","PISCO","pooled"
"pooled",-1.86686965135085,1.0721735578964,-0.993916774310705,"Macrocystis pyrifera",9,"Gull Island SMR","PISCO","pooled"
"pooled",0.0180479305860849,0.395844203768107,0.00960867350225829,"Mesocentrotus franciscanus",9,"Gull Island SMR","PISCO","pooled"
"pooled",-0.160495191239814,0.889134947961202,-0.0854472419400196,"Semicossyphus pulcher",9,"Gull Island SMR","PISCO","pooled"
"pooled",0.12789382975214,-0.225166555784191,0.068090357904479,"Strongylocentrotus purpuratus",9,"Gull Island SMR","PISCO","pooled"
"pooled",-1.86686965135085,1.0721735578964,-0.993916774310705,"Macrocystis pyrifera",9,"Gull Island SMR","PISCO","pooled"
"pooled",-0.49573037502482,0.395844203768107,-0.263925622721427,"Mesocentrotus franciscanus",9,"Gull Island SMR","PISCO","pooled"
"pooled",1.11541948396234,1.4495298734992,0.593846568077723,"Panulirus interruptus",9,"Gull Island SMR","PISCO","pooled"
"pooled",-0.111430379373193,0.889134947961202,-0.0593252577364912,"Semicossyphus pulcher",9,"Gull Island SMR","PISCO","pooled"
"pooled",-0.0209774731992928,-0.225166555784191,-0.0111683547270393,"Strongylocentrotus purpuratus",9,"Gull Island SMR","PISCO","pooled"
"pooled",-1.68829056589753,1.47170441512948,-0.898841711922343,"Macrocystis pyrifera",11,"Gull Island SMR","PISCO","pooled"
"pooled",0.326790584526283,0.34556046015314,0.173982497070671,"Mesocentrotus franciscanus",11,"Gull Island SMR","PISCO","pooled"
"pooled",0.113399291059725,0.910150622741955,0.0603735014373645,"Semicossyphus pulcher",11,"Gull Island SMR","PISCO","pooled"
"pooled",-0.469309714461551,-0.308424636201694,-0.249859328535756,"Strongylocentrotus purpuratus",11,"Gull Island SMR","PISCO","pooled"
"pooled",-1.68829056589753,1.47170441512948,-0.898841711922343,"Macrocystis pyrifera",11,"Gull Island SMR","PISCO","pooled"
"pooled",-0.992515752131931,0.34556046015314,-0.528412925936059,"Mesocentrotus franciscanus",11,"Gull Island SMR","PISCO","pooled"
"pooled",2.33575195377011,1.74178549013561,1.24354854973472,"Panulirus interruptus",11,"Gull Island SMR","PISCO","pooled"
"pooled",0.366709897332475,0.910150622741955,0.195235440246602,"Semicossyphus pulcher",11,"Gull Island SMR","PISCO","pooled"
"pooled",-0.355756581079584,-0.308424636201694,-0.189403921827413,"Strongylocentrotus purpuratus",11,"Gull Island SMR","PISCO","pooled"
"pooled",-2.02735889669822,1.67146984374601,-1.07936085067233,"Macrocystis pyrifera",12,"Gull Island SMR","PISCO","pooled"
"pooled",-0.35115243243969,0.320418588345656,-0.18695268450546,"Mesocentrotus franciscanus",12,"Gull Island SMR","PISCO","pooled"
"pooled",0.373689210819149,0.920658460132331,0.19895120944482,"Semicossyphus pulcher",12,"Gull Island SMR","PISCO","pooled"
"pooled",-1.0711427154049,-0.350053676410446,-0.570273726262194,"Strongylocentrotus purpuratus",12,"Gull Island SMR","PISCO","pooled"
"pooled",-2.02735889669822,1.67146984374601,-1.07936085067233,"Macrocystis pyrifera",12,"Gull Island SMR","PISCO","pooled"
"pooled",-1.73026737232405,0.320418588345656,-0.921190059601102,"Mesocentrotus franciscanus",12,"Gull Island SMR","PISCO","pooled"
"pooled",0.677036059007731,1.88791329845381,0.36045231940756,"Panulirus interruptus",12,"Gull Island SMR","PISCO","pooled"
"pooled",0.224014601912309,0.920658460132331,0.119264818714081,"Semicossyphus pulcher",12,"Gull Island SMR","PISCO","pooled"
"pooled",-1.57551817779063,-0.350053676410446,-0.838801972062941,"Strongylocentrotus purpuratus",12,"Gull Island SMR","PISCO","pooled"
"pooled",0.611327796288642,0.931166297522708,0.325469403230172,"Semicossyphus pulcher",13,"Gull Island SMR","PISCO","pooled"
"pooled",0.247054010700812,0.931166297522708,0.131530942837169,"Semicossyphus pulcher",13,"Gull Island SMR","PISCO","pooled"
"pooled",-1.00560911718871,2.07100070097909,-0.535383801033143,"Macrocystis pyrifera",14,"Gull Island SMR","PISCO","pooled"
"pooled",-2.73911671884986,0.270134844730689,-1.45829895070062,"Mesocentrotus franciscanus",14,"Gull Island SMR","PISCO","pooled"
"pooled",0.374607874916826,0.941674134913084,0.199440303933007,"Semicossyphus pulcher",14,"Gull Island SMR","PISCO","pooled"
"pooled",-1.25044319185058,-0.433311756827949,-0.66573285542652,"Strongylocentrotus purpuratus",14,"Gull Island SMR","PISCO","pooled"
"pooled",-1.00560911718871,2.07100070097909,-0.535383801033143,"Macrocystis pyrifera",14,"Gull Island SMR","PISCO","pooled"
"pooled",-3.20718248589927,0.270134844730689,-1.70749600471796,"Mesocentrotus franciscanus",14,"Gull Island SMR","PISCO","pooled"
"pooled",-3.27878120375832,2.18016891509021,-1.74561498460912,"Panulirus interruptus",14,"Gull Island SMR","PISCO","pooled"
"pooled",-0.0726362878894738,0.941674134913084,-0.0386713796031611,"Semicossyphus pulcher",14,"Gull Island SMR","PISCO","pooled"
"pooled",-2.07401400559718,-0.433311756827949,-1.10419991498966,"Strongylocentrotus purpuratus",14,"Gull Island SMR","PISCO","pooled"
"pooled",0.111571353171816,2.27076612959562,0.0594003118373965,"Macrocystis pyrifera",15,"Gull Island SMR","PISCO","pooled"
"pooled",-0.929659222374768,0.244992972923206,-0.494948265318003,"Mesocentrotus franciscanus",15,"Gull Island SMR","PISCO","pooled"
"pooled",0.5066680442215,0.95218197230346,0.269748810686679,"Semicossyphus pulcher",15,"Gull Island SMR","PISCO","pooled"
"pooled",-0.392692578343255,-0.474940797036701,-0.209068555204303,"Strongylocentrotus purpuratus",15,"Gull Island SMR","PISCO","pooled"
"pooled",0.111571353171816,2.27076612959562,0.0594003118373965,"Macrocystis pyrifera",15,"Gull Island SMR","PISCO","pooled"
"pooled",-0.977953235861326,0.244992972923206,-0.520659878374836,"Mesocentrotus franciscanus",15,"Gull Island SMR","PISCO","pooled"
"pooled",1.81683800298312,2.32629672340841,0.967280048750824,"Panulirus interruptus",15,"Gull Island SMR","PISCO","pooled"
"pooled",0.54913680203373,0.95218197230346,0.292359072063616,"Semicossyphus pulcher",15,"Gull Island SMR","PISCO","pooled"
"pooled",-0.850863852984969,-0.474940797036701,-0.452997805992758,"Strongylocentrotus purpuratus",15,"Gull Island SMR","PISCO","pooled"
"pooled",1.58241213827236,2.47053155821216,0.842472299532919,"Macrocystis pyrifera",16,"Gull Island SMR","PISCO","pooled"
"pooled",-1.6537579780739,0.219851101115722,-0.880456647773155,"Mesocentrotus franciscanus",16,"Gull Island SMR","PISCO","pooled"
"pooled",-0.0547624029999012,0.962689809693836,-0.0291553675982574,"Semicossyphus pulcher",16,"Gull Island SMR","PISCO","pooled"
"pooled",-0.939757914707168,-0.516569837245452,-0.500324784080581,"Strongylocentrotus purpuratus",16,"Gull Island SMR","PISCO","pooled"
"pooled",1.58241213827236,2.47053155821216,0.842472299532919,"Macrocystis pyrifera",16,"Gull Island SMR","PISCO","pooled"
"pooled",-1.84636975974745,0.219851101115722,-0.983002682841371,"Mesocentrotus franciscanus",16,"Gull Island SMR","PISCO","pooled"
"pooled",0.746451293141585,2.47242453172661,0.397408817976392,"Panulirus interruptus",16,"Gull Island SMR","PISCO","pooled"
"pooled",0.0917976740653338,0.962689809693836,0.0488728541011003,"Semicossyphus pulcher",16,"Gull Island SMR","PISCO","pooled"
"pooled",-1.82379344029294,-0.516569837245452,-0.970983106331676,"Strongylocentrotus purpuratus",16,"Gull Island SMR","PISCO","pooled"
"pooled",0.382896142440968,0.973197647084212,0.203852957015807,"Semicossyphus pulcher",17,"Gull Island SMR","PISCO","pooled"
"pooled",0.881014836790388,0.973197647084212,0.469050115024881,"Semicossyphus pulcher",17,"Gull Island SMR","PISCO","pooled"
"pooled",-1.90305659099206,2.87006241544523,-1.01318261126635,"Macrocystis pyrifera",18,"Gull Island SMR","PISCO","pooled"
"pooled",0.764675073073136,0.169567357500755,0.407111113234236,"Mesocentrotus franciscanus",18,"Gull Island SMR","PISCO","pooled"
"pooled",0.102277268759442,0.983705484474588,0.0544521643367744,"Semicossyphus pulcher",18,"Gull Island SMR","PISCO","pooled"
"pooled",-1.01443380470351,-0.599827917662956,-0.54008204278916,"Strongylocentrotus purpuratus",18,"Gull Island SMR","PISCO","pooled"
"pooled",-1.90305659099206,2.87006241544523,-1.01318261126635,"Macrocystis pyrifera",18,"Gull Island SMR","PISCO","pooled"
"pooled",-0.561650117176569,0.169567357500755,-0.299021130024495,"Mesocentrotus franciscanus",18,"Gull Island SMR","PISCO","pooled"
"pooled",-1.15524223592892,2.76468014836302,-0.615048102502025,"Panulirus interruptus",18,"Gull Island SMR","PISCO","pooled"
"pooled",0.389056870426721,0.983705484474588,0.207132913322652,"Semicossyphus pulcher",18,"Gull Island SMR","PISCO","pooled"
"pooled",-1.58907980538745,-0.599827917662956,-0.846022148975497,"Strongylocentrotus purpuratus",18,"Gull Island SMR","PISCO","pooled"
"pooled",0.448776685951115,0.994213321864965,0.238927595059262,"Semicossyphus pulcher",19,"Gull Island SMR","PISCO","pooled"
"pooled",0.635790868150615,0.994213321864965,0.338493482044239,"Semicossyphus pulcher",19,"Gull Island SMR","PISCO","pooled"
"pooled",-0.563314551224479,3.26959327267831,-0.299907270585382,"Macrocystis pyrifera",20,"Gull Island SMR","PISCO","pooled"
"pooled",0.699258321085069,1.00472115925534,0.372283396647373,"Semicossyphus pulcher",20,"Gull Island SMR","PISCO","pooled"
"pooled",-0.563314551224479,3.26959327267831,-0.299907270585382,"Macrocystis pyrifera",20,"Gull Island SMR","PISCO","pooled"
"pooled",-1.9544516576076,0.119283613885788,-1.04054521732138,"Mesocentrotus franciscanus",20,"Gull Island SMR","PISCO","pooled"
"pooled",-0.112496785832981,3.05693576499942,-0.0598930098920042,"Panulirus interruptus",20,"Gull Island SMR","PISCO","pooled"
"pooled",0.663701908199779,1.00472115925534,0.35335325057347,"Semicossyphus pulcher",20,"Gull Island SMR","PISCO","pooled"
"pooled",-1.46855379866682,-0.683085998080459,-0.78185440178777,"Strongylocentrotus purpuratus",20,"Gull Island SMR","PISCO","pooled"
"pooled",0.826510957176054,-0.539382047644854,0.440032384636206,"Macrocystis pyrifera",1,"Harris Point SMR","PISCO","pooled"
"pooled",-0.880967646720216,0.583547001619016,-0.469024991148508,"Mesocentrotus franciscanus",1,"Harris Point SMR","PISCO","pooled"
"pooled",-0.142990190715598,0.791640072229233,-0.076127623056748,"Semicossyphus pulcher",1,"Harris Point SMR","PISCO","pooled"
"pooled",-0.216974621731938,0.0944335892768626,-0.115516750718534,"Strongylocentrotus purpuratus",1,"Harris Point SMR","PISCO","pooled"
"pooled",0.826510957176054,-0.539382047644854,0.440032384636206,"Macrocystis pyrifera",1,"Harris Point SMR","PISCO","pooled"
"pooled",-0.403995687379944,0.583547001619016,-0.215086302434431,"Mesocentrotus franciscanus",1,"Harris Point SMR","PISCO","pooled"
"pooled",-0.267075230344633,0.267075230344633,-0.142190190541878,"Panulirus interruptus",1,"Harris Point SMR","PISCO","pooled"
"pooled",0.0107064002957038,0.791640072229233,0.00570006097570078,"Semicossyphus pulcher",1,"Harris Point SMR","PISCO","pooled"
"pooled",0.268065482947858,0.0944335892768626,0.142717398572947,"Strongylocentrotus purpuratus",1,"Harris Point SMR","PISCO","pooled"
"pooled",0.617834838356807,-0.41227171798882,0.328933736295962,"Macrocystis pyrifera",2,"Harris Point SMR","PISCO","pooled"
"pooled",0.0878051088893478,0.485750030851029,0.0467472222991854,"Mesocentrotus franciscanus",2,"Harris Point SMR","PISCO","pooled"
"pooled",1.06546821976806,0.729492810659106,0.567252638852515,"Semicossyphus pulcher",2,"Harris Point SMR","PISCO","pooled"
"pooled",-0.804146488419705,-0.0198505498923926,-0.428125596913026,"Strongylocentrotus purpuratus",2,"Harris Point SMR","PISCO","pooled"
"pooled",0.617834838356807,-0.41227171798882,0.328933736295962,"Macrocystis pyrifera",2,"Harris Point SMR","PISCO","pooled"
"pooled",0.533127289798231,0.485750030851029,0.283835647437863,"Mesocentrotus franciscanus",2,"Harris Point SMR","PISCO","pooled"
"pooled",-0.340547939702331,0.340547939702331,-0.181306878861188,"Panulirus interruptus",2,"Harris Point SMR","PISCO","pooled"
"pooled",0.879945101774994,0.729492810659106,0.468480590754615,"Semicossyphus pulcher",2,"Harris Point SMR","PISCO","pooled"
"pooled",-0.109683502299509,-0.0198505498923926,-0.0583952247130624,"Strongylocentrotus purpuratus",2,"Harris Point SMR","PISCO","pooled"
"pooled",0.146327337601478,-0.285161388332787,0.0779043117858268,"Macrocystis pyrifera",3,"Harris Point SMR","PISCO","pooled"
"pooled",-1.0981280243915,0.387953060083042,-0.584640637868651,"Mesocentrotus franciscanus",3,"Harris Point SMR","PISCO","pooled"
"pooled",5.96383890931473,0.667345549088978,3.17513305064746,"Semicossyphus pulcher",3,"Harris Point SMR","PISCO","pooled"
"pooled",0.0372449119662947,-0.134134689061648,0.019829098798751,"Strongylocentrotus purpuratus",3,"Harris Point SMR","PISCO","pooled"
"pooled",0.146327337601478,-0.285161388332787,0.0779043117858268,"Macrocystis pyrifera",3,"Harris Point SMR","PISCO","pooled"
"pooled",-0.660814849879238,0.387953060083042,-0.351816187880785,"Mesocentrotus franciscanus",3,"Harris Point SMR","PISCO","pooled"
"pooled",-0.414020649060029,0.414020649060029,-0.220423567180499,"Panulirus interruptus",3,"Harris Point SMR","PISCO","pooled"
"pooled",2.62849131691535,0.667345549088978,1.3994022609569,"Semicossyphus pulcher",3,"Harris Point SMR","PISCO","pooled"
"pooled",0.93264238527942,-0.134134689061648,0.496536493853021,"Strongylocentrotus purpuratus",3,"Harris Point SMR","PISCO","pooled"
"pooled",-0.0670346759625347,-0.158051058676753,-0.0356890952999505,"Macrocystis pyrifera",4,"Harris Point SMR","PISCO","pooled"
"pooled",-0.583249767756303,0.290156089315055,-0.31052073044647,"Mesocentrotus franciscanus",4,"Harris Point SMR","PISCO","pooled"
"pooled",4.55164600571114,0.605198287518851,2.42328504966971,"Semicossyphus pulcher",4,"Harris Point SMR","PISCO","pooled"
"pooled",-0.974850208130737,-0.248418828230903,-0.51900783410364,"Strongylocentrotus purpuratus",4,"Harris Point SMR","PISCO","pooled"
"pooled",-0.0670346759625357,-0.158051058676753,-0.0356890952999511,"Macrocystis pyrifera",4,"Harris Point SMR","PISCO","pooled"
"pooled",-0.035330584857992,0.290156089315055,-0.0188099157920086,"Mesocentrotus franciscanus",4,"Harris Point SMR","PISCO","pooled"
"pooled",-0.487493358417727,0.487493358417727,-0.25954025549981,"Panulirus interruptus",4,"Harris Point SMR","PISCO","pooled"
"pooled",1.12940276786926,0.605198287518851,0.601291233764469,"Semicossyphus pulcher",4,"Harris Point SMR","PISCO","pooled"
"pooled",-0.344213394304739,-0.248418828230903,-0.183258357804655,"Strongylocentrotus purpuratus",4,"Harris Point SMR","PISCO","pooled"
"pooled",0.31913095000799,-0.0309407290207198,0.16990452664177,"Macrocystis pyrifera",5,"Harris Point SMR","PISCO","pooled"
"pooled",0.598394861220817,0.192359118547068,0.318583940661491,"Mesocentrotus franciscanus",5,"Harris Point SMR","PISCO","pooled"
"pooled",-0.756178734000457,0.543051025948724,-0.402587683374815,"Semicossyphus pulcher",5,"Harris Point SMR","PISCO","pooled"
"pooled",-0.568127528166867,-0.362702967400158,-0.302469687577885,"Strongylocentrotus purpuratus",5,"Harris Point SMR","PISCO","pooled"
"pooled",0.31913095000799,-0.0309407290207198,0.16990452664177,"Macrocystis pyrifera",5,"Harris Point SMR","PISCO","pooled"
"pooled",1.06221873247912,0.192359118547068,0.565522619875533,"Mesocentrotus franciscanus",5,"Harris Point SMR","PISCO","pooled"
"pooled",-0.560966067775425,0.560966067775425,-0.29865694381912,"Panulirus interruptus",5,"Harris Point SMR","PISCO","pooled"
"pooled",-0.71010511061189,0.543051025948724,-0.378058200501688,"Semicossyphus pulcher",5,"Harris Point SMR","PISCO","pooled"
"pooled",-0.659311850395782,-0.362702967400158,-0.351015994681808,"Strongylocentrotus purpuratus",5,"Harris Point SMR","PISCO","pooled"
"pooled",-1.06997423871008,0.0961696006353136,-0.569651632166583,"Macrocystis pyrifera",6,"Harris Point SMR","PISCO","pooled"
"pooled",0.633659999358222,0.0945621477790804,0.337359012781704,"Mesocentrotus franciscanus",6,"Harris Point SMR","PISCO","pooled"
"pooled",7.18809523924187,0.480903764378596,3.82692408570455,"Semicossyphus pulcher",6,"Harris Point SMR","PISCO","pooled"
"pooled",0.297757103963575,-0.476987106569413,0.158525143994617,"Strongylocentrotus purpuratus",6,"Harris Point SMR","PISCO","pooled"
"pooled",-1.06997423871008,0.0961696006353136,-0.569651632166583,"Macrocystis pyrifera",6,"Harris Point SMR","PISCO","pooled"
"pooled",1.0132239244585,0.0945621477790804,0.539437905546071,"Mesocentrotus franciscanus",6,"Harris Point SMR","PISCO","pooled"
"pooled",-0.634438777133123,0.634438777133123,-0.337773632138431,"Panulirus interruptus",6,"Harris Point SMR","PISCO","pooled"
"pooled",3.48938814917352,0.480903764378596,1.85774160024243,"Semicossyphus pulcher",6,"Harris Point SMR","PISCO","pooled"
"pooled",0.123040239424936,-0.476987106569413,0.0655063184465828,"Strongylocentrotus purpuratus",6,"Harris Point SMR","PISCO","pooled"
"pooled",-3.59242547178787,0.223279930291347,-1.91259841536734,"Macrocystis pyrifera",7,"Harris Point SMR","PISCO","pooled"
"pooled",0.215712338143229,-0.00323482298890662,0.114844714065173,"Mesocentrotus franciscanus",7,"Harris Point SMR","PISCO","pooled"
"pooled",1.2251126596864,0.418756502808469,0.652246942898038,"Semicossyphus pulcher",7,"Harris Point SMR","PISCO","pooled"
"pooled",-1.6759422091332,-0.591271245738669,-0.892267477393245,"Strongylocentrotus purpuratus",7,"Harris Point SMR","PISCO","pooled"
"pooled",-3.59242547178787,0.223279930291347,-1.91259841536734,"Macrocystis pyrifera",7,"Harris Point SMR","PISCO","pooled"
"pooled",0.7537298596277,-0.00323482298890662,0.401283908729648,"Mesocentrotus franciscanus",7,"Harris Point SMR","PISCO","pooled"
"pooled",-0.707911486490821,0.707911486490821,-0.376890320457741,"Panulirus interruptus",7,"Harris Point SMR","PISCO","pooled"
"pooled",1.00262917812269,0.418756502808469,0.533797288861822,"Semicossyphus pulcher",7,"Harris Point SMR","PISCO","pooled"
"pooled",-1.01298082966306,-0.591271245738669,-0.539308482479625,"Strongylocentrotus purpuratus",7,"Harris Point SMR","PISCO","pooled"
"pooled",-4.77053252754377,0.35039025994738,-2.53981969126216,"Macrocystis pyrifera",8,"Harris Point SMR","PISCO","pooled"
"pooled",0.84711565166008,-0.101031793756894,0.451002272899376,"Mesocentrotus franciscanus",8,"Harris Point SMR","PISCO","pooled"
"pooled",1.40448529799793,0.356609241238342,0.747744490860849,"Semicossyphus pulcher",8,"Harris Point SMR","PISCO","pooled"
"pooled",-2.3818275877452,-0.705555384907924,-1.26807910303913,"Strongylocentrotus purpuratus",8,"Harris Point SMR","PISCO","pooled"
"pooled",-4.77053252754377,0.35039025994738,-2.53981969126216,"Macrocystis pyrifera",8,"Harris Point SMR","PISCO","pooled"
"pooled",1.27196474400463,-0.101031793756894,0.677190876440273,"Mesocentrotus franciscanus",8,"Harris Point SMR","PISCO","pooled"
"pooled",0.317228092819592,0.781384195848518,0.16889145019195,"Panulirus interruptus",8,"Harris Point SMR","PISCO","pooled"
"pooled",1.6802726860227,0.356609241238342,0.894573012553732,"Semicossyphus pulcher",8,"Harris Point SMR","PISCO","pooled"
"pooled",-1.68473528850523,-0.705555384907924,-0.896948891052403,"Strongylocentrotus purpuratus",8,"Harris Point SMR","PISCO","pooled"
"pooled",-2.26196018949676,0.477500589603414,-1.20426199736927,"Macrocystis pyrifera",9,"Harris Point SMR","PISCO","pooled"
"pooled",0.836245583676364,-0.198828764524881,0.445215075652318,"Mesocentrotus franciscanus",9,"Harris Point SMR","PISCO","pooled"
"pooled",7.09035061206263,0.294461979668214,3.77488508850841,"Semicossyphus pulcher",9,"Harris Point SMR","PISCO","pooled"
"pooled",-1.71752573519991,-0.819839524077179,-0.914406443583403,"Strongylocentrotus purpuratus",9,"Harris Point SMR","PISCO","pooled"
"pooled",-2.26196018949676,0.477500589603414,-1.20426199736927,"Macrocystis pyrifera",9,"Harris Point SMR","PISCO","pooled"
"pooled",1.38413953906617,-0.198828764524881,0.736912459243792,"Mesocentrotus franciscanus",9,"Harris Point SMR","PISCO","pooled"
"pooled",-0.854856905206216,0.854856905206216,-0.455123697096362,"Panulirus interruptus",9,"Harris Point SMR","PISCO","pooled"
"pooled",2.84103223626094,0.294461979668214,1.51255851951633,"Semicossyphus pulcher",9,"Harris Point SMR","PISCO","pooled"
"pooled",-1.13587462507475,-0.819839524077179,-0.604736834496597,"Strongylocentrotus purpuratus",9,"Harris Point SMR","PISCO","pooled"
"pooled",-0.235102799341425,0.731721248915481,-0.125168147537115,"Macrocystis pyrifera",11,"Harris Point SMR","PISCO","pooled"
"pooled",0.589082312836831,-0.394422706060855,0.313625962988156,"Mesocentrotus franciscanus",11,"Harris Point SMR","PISCO","pooled"
"pooled",1.39441630349859,0.17016745652796,0.74238378315097,"Semicossyphus pulcher",11,"Harris Point SMR","PISCO","pooled"
"pooled",-0.309008235812011,-1.04840780241569,-0.164515218698574,"Strongylocentrotus purpuratus",11,"Harris Point SMR","PISCO","pooled"
"pooled",-0.235102799341425,0.731721248915481,-0.125168147537115,"Macrocystis pyrifera",11,"Harris Point SMR","PISCO","pooled"
"pooled",0.971469354217149,-0.394422706060855,0.517207875861361,"Mesocentrotus franciscanus",11,"Harris Point SMR","PISCO","pooled"
"pooled",-1.00180232392161,1.00180232392161,-0.533357073734983,"Panulirus interruptus",11,"Harris Point SMR","PISCO","pooled"
"pooled",1.43927045590614,0.17016745652796,0.766264022696937,"Semicossyphus pulcher",11,"Harris Point SMR","PISCO","pooled"
"pooled",0.6883855750169,-1.04840780241569,0.366494773594792,"Strongylocentrotus purpuratus",11,"Harris Point SMR","PISCO","pooled"
"pooled",-2.0791850564806,0.985941908227548,-1.10695296966068,"Macrocystis pyrifera",13,"Harris Point SMR","PISCO","pooled"
"pooled",-0.0266085574036755,-0.59001664759683,-0.0141663299976974,"Mesocentrotus franciscanus",13,"Harris Point SMR","PISCO","pooled"
"pooled",0.641878064704499,0.0458729333877054,0.341734290399044,"Semicossyphus pulcher",13,"Harris Point SMR","PISCO","pooled"
"pooled",0.525345338317423,-1.2769760807542,0.27969255576135,"Strongylocentrotus purpuratus",13,"Harris Point SMR","PISCO","pooled"
"pooled",-2.0791850564806,0.985941908227548,-1.10695296966068,"Macrocystis pyrifera",13,"Harris Point SMR","PISCO","pooled"
"pooled",1.15262495646871,-0.59001664759683,0.613654669405783,"Mesocentrotus franciscanus",13,"Harris Point SMR","PISCO","pooled"
"pooled",-1.14874774263701,1.14874774263701,-0.611590450373604,"Panulirus interruptus",13,"Harris Point SMR","PISCO","pooled"
"pooled",0.402675760856771,0.0458729333877054,0.214383576825661,"Semicossyphus pulcher",13,"Harris Point SMR","PISCO","pooled"
"pooled",1.34596895224115,-1.2769760807542,0.716590533445053,"Strongylocentrotus purpuratus",13,"Harris Point SMR","PISCO","pooled"
"pooled",-1.24016256753961,1.24016256753961,-0.660259476529572,"Macrocystis pyrifera",15,"Harris Point SMR","PISCO","pooled"
"pooled",0.392613793218635,-0.785610589132804,0.209026610199267,"Mesocentrotus franciscanus",15,"Harris Point SMR","PISCO","pooled"
"pooled",0.130904572724,-0.0784215897525495,0.0696932699989068,"Semicossyphus pulcher",15,"Harris Point SMR","PISCO","pooled"
"pooled",0.540323899871119,-1.50554435909271,0.287667104799893,"Strongylocentrotus purpuratus",15,"Harris Point SMR","PISCO","pooled"
"pooled",-1.24016256753961,1.24016256753961,-0.660259476529572,"Macrocystis pyrifera",15,"Harris Point SMR","PISCO","pooled"
"pooled",1.12648850127557,-0.785610589132804,0.599739685454612,"Mesocentrotus franciscanus",15,"Harris Point SMR","PISCO","pooled"
"pooled",0.650216987702906,1.2956931613524,0.346173912330766,"Panulirus interruptus",15,"Harris Point SMR","PISCO","pooled"
"pooled",0.371408714434024,-0.0784215897525495,0.197737078822851,"Semicossyphus pulcher",15,"Harris Point SMR","PISCO","pooled"
"pooled",1.72744445415962,-1.50554435909271,0.919687144968527,"Strongylocentrotus purpuratus",15,"Harris Point SMR","PISCO","pooled"
"pooled",-1.36727289719565,1.36727289719565,-0.727932700925222,"Macrocystis pyrifera",16,"Harris Point SMR","PISCO","pooled"
"pooled",0.706687226187066,-0.883407559900791,0.376238527307028,"Mesocentrotus franciscanus",16,"Harris Point SMR","PISCO","pooled"
"pooled",1.75229891491078,-0.140568851322677,0.932919598256919,"Semicossyphus pulcher",16,"Harris Point SMR","PISCO","pooled"
"pooled",0.994320360084357,-1.61982849826197,0.529373694736212,"Strongylocentrotus purpuratus",16,"Harris Point SMR","PISCO","pooled"
"pooled",-1.36727289719565,1.36727289719565,-0.727932700925222,"Macrocystis pyrifera",16,"Harris Point SMR","PISCO","pooled"
"pooled",1.03781150046133,-0.883407559900791,0.552528270056076,"Mesocentrotus franciscanus",16,"Harris Point SMR","PISCO","pooled"
"pooled",-1.3691658707101,1.3691658707101,-0.728940515331536,"Panulirus interruptus",16,"Harris Point SMR","PISCO","pooled"
"pooled",0.736552283428975,-0.140568851322677,0.392138609745566,"Semicossyphus pulcher",16,"Harris Point SMR","PISCO","pooled"
"pooled",1.86608675798153,-1.61982849826197,0.993499963821713,"Strongylocentrotus purpuratus",16,"Harris Point SMR","PISCO","pooled"
"pooled",-1.49438322685168,1.49438322685168,-0.795605925320872,"Macrocystis pyrifera",17,"Harris Point SMR","PISCO","pooled"
"pooled",2.10312523310801,-0.202716112892804,1.11969866034815,"Semicossyphus pulcher",17,"Harris Point SMR","PISCO","pooled"
"pooled",-1.49438322685168,1.49438322685168,-0.795605925320872,"Macrocystis pyrifera",17,"Harris Point SMR","PISCO","pooled"
"pooled",0.888457495179941,-0.981204530668778,0.473012567900736,"Mesocentrotus franciscanus",17,"Harris Point SMR","PISCO","pooled"
"pooled",0.1667993323663,1.4426385800678,0.0888035510474619,"Panulirus interruptus",17,"Harris Point SMR","PISCO","pooled"
"pooled",2.06346845360781,-0.202716112892804,1.0985854892535,"Semicossyphus pulcher",17,"Harris Point SMR","PISCO","pooled"
"pooled",1.26552433115257,-1.73411263743122,0.673762016603958,"Strongylocentrotus purpuratus",17,"Harris Point SMR","PISCO","pooled"
"pooled",-0.522881267839605,1.62149355650771,-0.27838069074752,"Macrocystis pyrifera",18,"Harris Point SMR","PISCO","pooled"
"pooled",0.740544981430494,-1.07900150143677,0.394264312263466,"Mesocentrotus franciscanus",18,"Harris Point SMR","PISCO","pooled"
"pooled",2.10187955499976,-0.264863374462932,1.11903546441142,"Semicossyphus pulcher",18,"Harris Point SMR","PISCO","pooled"
"pooled",1.90905231187398,-1.84839677660048,1.01637471820017,"Strongylocentrotus purpuratus",18,"Harris Point SMR","PISCO","pooled"
"pooled",-0.522881267839605,1.62149355650771,-0.27838069074752,"Macrocystis pyrifera",18,"Harris Point SMR","PISCO","pooled"
"pooled",1.5827089438615,-1.07900150143677,0.842630318092779,"Mesocentrotus franciscanus",18,"Harris Point SMR","PISCO","pooled"
"pooled",0.0933266230086027,1.5161112894255,0.0496868627281515,"Panulirus interruptus",18,"Harris Point SMR","PISCO","pooled"
"pooled",1.25526207849081,-0.264863374462932,0.668298418727503,"Semicossyphus pulcher",18,"Harris Point SMR","PISCO","pooled"
"pooled",2.6504008354864,-1.84839677660048,1.41106683432927,"Strongylocentrotus purpuratus",18,"Harris Point SMR","PISCO","pooled"
"pooled",-1.74860388616375,1.74860388616375,-0.930952374112172,"Macrocystis pyrifera",19,"Harris Point SMR","PISCO","pooled"
"pooled",0.273539525829178,-1.17679847220475,0.145631765432519,"Mesocentrotus franciscanus",19,"Harris Point SMR","PISCO","pooled"
"pooled",1.56144747034511,-0.327010636033059,0.831310762300971,"Semicossyphus pulcher",19,"Harris Point SMR","PISCO","pooled"
"pooled",1.29397275615234,-1.96268091576973,0.688907887548685,"Strongylocentrotus purpuratus",19,"Harris Point SMR","PISCO","pooled"
"pooled",-1.74860388616375,1.74860388616375,-0.930952374112172,"Macrocystis pyrifera",19,"Harris Point SMR","PISCO","pooled"
"pooled",1.39654471274436,-1.17679847220475,0.743516942956981,"Mesocentrotus franciscanus",19,"Harris Point SMR","PISCO","pooled"
"pooled",-1.5895839987832,1.5895839987832,-0.846290580289467,"Panulirus interruptus",19,"Harris Point SMR","PISCO","pooled"
"pooled",1.6620117027654,-0.327010636033059,0.884850910337489,"Semicossyphus pulcher",19,"Harris Point SMR","PISCO","pooled"
"pooled",2.06049771156412,-1.96268091576973,1.09700387355406,"Strongylocentrotus purpuratus",19,"Harris Point SMR","PISCO","pooled"
"pooled",-1.87571421581978,1.87571421581978,-0.998625598507823,"Macrocystis pyrifera",20,"Harris Point SMR","PISCO","pooled"
"pooled",1.95677626198988,-0.389157897603186,1.04178283093169,"Semicossyphus pulcher",20,"Harris Point SMR","PISCO","pooled"
"pooled",-1.87571421581978,1.87571421581978,-0.998625598507823,"Macrocystis pyrifera",20,"Harris Point SMR","PISCO","pooled"
"pooled",1.42264854293188,-1.27459544297274,0.757414557436041,"Mesocentrotus franciscanus",20,"Harris Point SMR","PISCO","pooled"
"pooled",-0.564444419472783,1.66305670814089,-0.300508809639776,"Panulirus interruptus",20,"Harris Point SMR","PISCO","pooled"
"pooled",1.4477648516576,-0.389157897603186,0.770786417936956,"Semicossyphus pulcher",20,"Harris Point SMR","PISCO","pooled"
"pooled",1.75995109262973,-2.07696505493899,0.936993598704338,"Strongylocentrotus purpuratus",20,"Harris Point SMR","PISCO","pooled"
"pooled",1.28734825644438,-0.368321544751352,0.685381020326655,"Macrocystis pyrifera",7,"Matlahuayl SMR","PISCO","pooled"
"pooled",-4.08250315409174,-0.594836298031606,-2.17351455849746,"Mesocentrotus franciscanus",7,"Matlahuayl SMR","PISCO","pooled"
"pooled",-1.55862617874604,0.116310011448122,-0.829808713647758,"Panulirus interruptus",7,"Matlahuayl SMR","PISCO","pooled"
"pooled",1.01011073713597,-0.17284497223423,0.537780452333313,"Semicossyphus pulcher",7,"Matlahuayl SMR","PISCO","pooled"
"pooled",-0.714001757616542,-1.18287272078137,-0.380132765706972,"Strongylocentrotus purpuratus",7,"Matlahuayl SMR","PISCO","pooled"
"pooled",1.28734825644438,-0.368321544751352,0.685381020326655,"Macrocystis pyrifera",7,"Matlahuayl SMR","PISCO","pooled"
"pooled",-1.66394617230404,-0.594836298031606,-0.885880817124211,"Mesocentrotus franciscanus",7,"Matlahuayl SMR","PISCO","pooled"
"pooled",-1.18484484487895,0.116310011448122,-0.630808458120592,"Panulirus interruptus",7,"Matlahuayl SMR","PISCO","pooled"
"pooled",1.02014283262143,-0.17284497223423,0.543121515099678,"Semicossyphus pulcher",7,"Matlahuayl SMR","PISCO","pooled"
"pooled",-0.726669784103072,-1.18287272078137,-0.386877191603693,"Strongylocentrotus purpuratus",7,"Matlahuayl SMR","PISCO","pooled"
"pooled",2.48917356354531,-0.273599847540885,1.32522983443876,"Macrocystis pyrifera",8,"Matlahuayl SMR","PISCO","pooled"
"pooled",-3.84589839651683,-0.725021901245159,-2.04754677212027,"Mesocentrotus franciscanus",8,"Matlahuayl SMR","PISCO","pooled"
"pooled",0.0429780806008872,0.157394088360253,0.0228814235669801,"Panulirus interruptus",8,"Matlahuayl SMR","PISCO","pooled"
"pooled",0.530309030144195,-0.267380866249924,0.282335212984669,"Semicossyphus pulcher",8,"Matlahuayl SMR","PISCO","pooled"
"pooled",0.230933203728079,-1.32954549239619,0.122948265169218,"Strongylocentrotus purpuratus",8,"Matlahuayl SMR","PISCO","pooled"
"pooled",2.48917356354531,-0.273599847540885,1.32522983443876,"Macrocystis pyrifera",8,"Matlahuayl SMR","PISCO","pooled"
"pooled",-2.70896530323999,-0.725021901245159,-1.44224641177688,"Mesocentrotus franciscanus",8,"Matlahuayl SMR","PISCO","pooled"
"pooled",-0.0757160573459857,0.157394088360253,-0.0403110412268968,"Panulirus interruptus",8,"Matlahuayl SMR","PISCO","pooled"
"pooled",0.362691046054249,-0.267380866249924,0.193095813789019,"Semicossyphus pulcher",8,"Matlahuayl SMR","PISCO","pooled"
"pooled",0.230933203728079,-1.32954549239619,0.122948265169218,"Strongylocentrotus purpuratus",8,"Matlahuayl SMR","PISCO","pooled"
"pooled",4.09090115575857,-0.178878150330418,2.17798563376579,"Macrocystis pyrifera",9,"Matlahuayl SMR","PISCO","pooled"
"pooled",-1.4497726689114,-0.855207504458713,-0.771855374865394,"Mesocentrotus franciscanus",9,"Matlahuayl SMR","PISCO","pooled"
"pooled",0.166285941022332,0.198478165272384,0.0885302227686573,"Panulirus interruptus",9,"Matlahuayl SMR","PISCO","pooled"
"pooled",1.27801035611958,-0.361916760265618,0.680409545342881,"Semicossyphus pulcher",9,"Matlahuayl SMR","PISCO","pooled"
"pooled",-1.62855149186743,-1.47621826401101,-0.86703677700504,"Strongylocentrotus purpuratus",9,"Matlahuayl SMR","PISCO","pooled"
"pooled",4.09090115575857,-0.178878150330418,2.17798563376579,"Macrocystis pyrifera",9,"Matlahuayl SMR","PISCO","pooled"
"pooled",-1.51637046002229,-0.855207504458713,-0.80731187375339,"Mesocentrotus franciscanus",9,"Matlahuayl SMR","PISCO","pooled"
"pooled",-0.143669928777389,0.198478165272384,-0.076489513915739,"Panulirus interruptus",9,"Matlahuayl SMR","PISCO","pooled"
"pooled",0.821449089644058,-0.361916760265618,0.437337458910808,"Semicossyphus pulcher",9,"Matlahuayl SMR","PISCO","pooled"
"pooled",-1.08873109345053,-1.47621826401101,-0.579637735131167,"Strongylocentrotus purpuratus",9,"Matlahuayl SMR","PISCO","pooled"
"pooled",4.15318320735776,-0.0841564531199512,2.2111444436367,"Macrocystis pyrifera",10,"Matlahuayl SMR","PISCO","pooled"
"pooled",-4.84752500229953,-0.985393107672267,-2.58081029395371,"Mesocentrotus franciscanus",10,"Matlahuayl SMR","PISCO","pooled"
"pooled",1.73301370055135,0.239562242184516,0.922652197941028,"Panulirus interruptus",10,"Matlahuayl SMR","PISCO","pooled"
"pooled",0.334318136265334,-0.456452654281311,0.177990146955343,"Semicossyphus pulcher",10,"Matlahuayl SMR","PISCO","pooled"
"pooled",-0.835629544710017,-1.62289103562583,-0.444887098033828,"Strongylocentrotus purpuratus",10,"Matlahuayl SMR","PISCO","pooled"
"pooled",4.15318320735776,-0.0841564531199512,2.2111444436367,"Macrocystis pyrifera",10,"Matlahuayl SMR","PISCO","pooled"
"pooled",-3.72413709364006,-0.985393107672267,-1.98272135632138,"Mesocentrotus franciscanus",10,"Matlahuayl SMR","PISCO","pooled"
"pooled",0.809657291154014,0.239562242184516,0.431059534627201,"Panulirus interruptus",10,"Matlahuayl SMR","PISCO","pooled"
"pooled",0.369441277291682,-0.456452654281311,0.196689620165649,"Semicossyphus pulcher",10,"Matlahuayl SMR","PISCO","pooled"
"pooled",-0.775004237172537,-1.62289103562583,-0.412610334594214,"Strongylocentrotus purpuratus",10,"Matlahuayl SMR","PISCO","pooled"
"pooled",1.49351215268575,0.0105652440905155,0.795142167594372,"Macrocystis pyrifera",11,"Matlahuayl SMR","PISCO","pooled"
"pooled",-2.45517322986523,0.280646319096647,-1.30712814107611,"Panulirus interruptus",11,"Matlahuayl SMR","PISCO","pooled"
"pooled",-1.51329081936523,-0.550988548297005,-0.805672280702167,"Semicossyphus pulcher",11,"Matlahuayl SMR","PISCO","pooled"
"pooled",1.49351215268575,0.0105652440905155,0.795142167594372,"Macrocystis pyrifera",11,"Matlahuayl SMR","PISCO","pooled"
"pooled",-2.26030086279205,-1.11557871088582,-1.20337857594524,"Mesocentrotus franciscanus",11,"Matlahuayl SMR","PISCO","pooled"
"pooled",-1.93356934347049,0.280646319096647,-1.02942752504314,"Panulirus interruptus",11,"Matlahuayl SMR","PISCO","pooled"
"pooled",-1.15375954394142,-0.550988548297005,-0.614258720963555,"Semicossyphus pulcher",11,"Matlahuayl SMR","PISCO","pooled"
"pooled",-0.715342842547346,-1.76956380724065,-0.380846755999511,"Strongylocentrotus purpuratus",11,"Matlahuayl SMR","PISCO","pooled"
"pooled",-2.13944757788054,-0.23528383005671,-1.13903658666003,"Macrocystis pyrifera",1,"Naples SMCA","PISCO","pooled"
"pooled",-0.644606489123125,0.88764521920716,-0.343186896795613,"Mesocentrotus franciscanus",1,"Naples SMCA","PISCO","pooled"
"pooled",2.0824595155835,1.09573828981738,1.10869628356951,"Semicossyphus pulcher",1,"Naples SMCA","PISCO","pooled"
"pooled",-1.73711419948575,0.398531806865006,-0.924835293408345,"Strongylocentrotus purpuratus",1,"Naples SMCA","PISCO","pooled"
"pooled",-2.13944757788054,-0.23528383005671,-1.13903658666003,"Macrocystis pyrifera",1,"Naples SMCA","PISCO","pooled"
"pooled",-0.989890840768638,0.88764521920716,-0.527015429633536,"Mesocentrotus franciscanus",1,"Naples SMCA","PISCO","pooled"
"pooled",0.527438840735333,0.571173447932777,0.280807131258742,"Panulirus interruptus",1,"Naples SMCA","PISCO","pooled"
"pooled",1.41656733415873,1.09573828981738,0.754176936960855,"Semicossyphus pulcher",1,"Naples SMCA","PISCO","pooled"
"pooled",-1.29146237138257,0.398531806865006,-0.687571364920637,"Strongylocentrotus purpuratus",1,"Naples SMCA","PISCO","pooled"
"pooled",-0.861029286172507,-0.0402725252489153,-0.458409857421157,"Macrocystis pyrifera",2,"Naples SMCA","PISCO","pooled"
"pooled",1.01830836754859,0.857749223590934,0.54214485044263,"Mesocentrotus franciscanus",2,"Naples SMCA","PISCO","pooled"
"pooled",2.75501896308159,1.10149200339901,1.46676526610709,"Semicossyphus pulcher",2,"Naples SMCA","PISCO","pooled"
"pooled",-2.09911669124528,0.352148642847512,-1.11756452259782,"Strongylocentrotus purpuratus",2,"Naples SMCA","PISCO","pooled"
"pooled",-0.861029286172507,-0.0402725252489153,-0.458409857421157,"Macrocystis pyrifera",2,"Naples SMCA","PISCO","pooled"
"pooled",0.807891785401726,0.857749223590934,0.430119583741465,"Mesocentrotus franciscanus",2,"Naples SMCA","PISCO","pooled"
"pooled",0.896890779991864,0.712547132442236,0.477502427828045,"Panulirus interruptus",2,"Naples SMCA","PISCO","pooled"
"pooled",1.73172134065721,1.10149200339901,0.921964148737213,"Semicossyphus pulcher",2,"Naples SMCA","PISCO","pooled"
"pooled",-1.91395850629236,0.352148642847512,-1.01898676394581,"Strongylocentrotus purpuratus",2,"Naples SMCA","PISCO","pooled"
"pooled",-0.26901824068408,0.154738779558879,-0.143224644429774,"Macrocystis pyrifera",3,"Naples SMCA","PISCO","pooled"
"pooled",0.0431715443276924,0.827853227974708,0.0229844231755244,"Mesocentrotus franciscanus",3,"Naples SMCA","PISCO","pooled"
"pooled",1.42455543895387,1.10724571698064,0.75842978415085,"Semicossyphus pulcher",3,"Naples SMCA","PISCO","pooled"
"pooled",-0.916340100165867,0.305765478830018,-0.487857197672792,"Strongylocentrotus purpuratus",3,"Naples SMCA","PISCO","pooled"
"pooled",-0.26901824068408,0.154738779558879,-0.143224644429774,"Macrocystis pyrifera",3,"Naples SMCA","PISCO","pooled"
"pooled",0.0114004142443274,0.827853227974708,0.00606955228145073,"Mesocentrotus franciscanus",3,"Naples SMCA","PISCO","pooled"
"pooled",1.93928719249083,0.853920816951695,1.03247169368672,"Panulirus interruptus",3,"Naples SMCA","PISCO","pooled"
"pooled",1.01881914078354,1.10724571698064,0.542416784846684,"Semicossyphus pulcher",3,"Naples SMCA","PISCO","pooled"
"pooled",-0.972846891760622,0.305765478830018,-0.517941273434518,"Strongylocentrotus purpuratus",3,"Naples SMCA","PISCO","pooled"
"pooled",-0.220493069184263,0.349750084366673,-0.117389963419735,"Macrocystis pyrifera",4,"Naples SMCA","PISCO","pooled"
"pooled",-0.349405103171422,0.797957232358482,-0.186022410734756,"Mesocentrotus franciscanus",4,"Naples SMCA","PISCO","pooled"
"pooled",0.278695092200362,1.11299943056228,0.148376576187617,"Semicossyphus pulcher",4,"Naples SMCA","PISCO","pooled"
"pooled",-1.08131945438404,0.259382314812524,-0.575691796866014,"Strongylocentrotus purpuratus",4,"Naples SMCA","PISCO","pooled"
"pooled",-0.220493069184263,0.349750084366673,-0.117389963419735,"Macrocystis pyrifera",4,"Naples SMCA","PISCO","pooled"
"pooled",-0.514497544786549,0.797957232358482,-0.273917217377766,"Mesocentrotus franciscanus",4,"Naples SMCA","PISCO","pooled"
"pooled",-0.995294501461154,0.995294501461154,-0.529892325190271,"Panulirus interruptus",4,"Naples SMCA","PISCO","pooled"
"pooled",0.029923904430742,1.11299943056228,0.0159314125359872,"Semicossyphus pulcher",4,"Naples SMCA","PISCO","pooled"
"pooled",-1.43393240231143,0.259382314812524,-0.763422056196432,"Strongylocentrotus purpuratus",4,"Naples SMCA","PISCO","pooled"
"pooled",-1.1358236022637,0.544761389174468,-0.604709670078484,"Macrocystis pyrifera",5,"Naples SMCA","PISCO","pooled"
"pooled",0.593014601971955,0.768061236742255,0.315719503975343,"Mesocentrotus franciscanus",5,"Naples SMCA","PISCO","pooled"
"pooled",1.17967183674235,1.11875314414391,0.628054361412825,"Semicossyphus pulcher",5,"Naples SMCA","PISCO","pooled"
"pooled",-1.32079642786429,0.212999150795029,-0.70318874387083,"Strongylocentrotus purpuratus",5,"Naples SMCA","PISCO","pooled"
"pooled",-1.1358236022637,0.544761389174468,-0.604709670078484,"Macrocystis pyrifera",5,"Naples SMCA","PISCO","pooled"
"pooled",0.378585072391965,0.768061236742255,0.201557754009088,"Mesocentrotus franciscanus",5,"Naples SMCA","PISCO","pooled"
"pooled",-2.23528047463872,1.13666818597061,-1.19005778331928,"Panulirus interruptus",5,"Naples SMCA","PISCO","pooled"
"pooled",-0.461112652040876,1.11875314414391,-0.245495232823939,"Semicossyphus pulcher",5,"Naples SMCA","PISCO","pooled"
"pooled",-1.01706827663141,0.212999150795029,-0.541484629112578,"Strongylocentrotus purpuratus",5,"Naples SMCA","PISCO","pooled"
"pooled",-1.25159668414085,0.739772693982262,-0.666346971862292,"Macrocystis pyrifera",6,"Naples SMCA","PISCO","pooled"
"pooled",-0.271876285642679,0.738165241126029,-0.144746260480488,"Mesocentrotus franciscanus",6,"Naples SMCA","PISCO","pooled"
"pooled",0.380332028685535,1.12450685772555,0.202487829208988,"Semicossyphus pulcher",6,"Naples SMCA","PISCO","pooled"
"pooled",-1.12292154616185,0.166615986777535,-0.597840647394735,"Strongylocentrotus purpuratus",6,"Naples SMCA","PISCO","pooled"
"pooled",-1.25159668414085,0.739772693982262,-0.666346971862292,"Macrocystis pyrifera",6,"Naples SMCA","PISCO","pooled"
"pooled",0.799725520016021,0.738165241126029,0.425771884294719,"Mesocentrotus franciscanus",6,"Naples SMCA","PISCO","pooled"
"pooled",-0.179429581811961,1.27804187048007,-0.0955278645412761,"Panulirus interruptus",6,"Naples SMCA","PISCO","pooled"
"pooled",-0.104506456627085,1.12450685772555,-0.0556389784312333,"Semicossyphus pulcher",6,"Naples SMCA","PISCO","pooled"
"pooled",-0.244106332131583,0.166615986777535,-0.129961606074362,"Strongylocentrotus purpuratus",6,"Naples SMCA","PISCO","pooled"
"pooled",-1.3676071921611,0.934783998790057,-0.728110678736091,"Macrocystis pyrifera",7,"Naples SMCA","PISCO","pooled"
"pooled",1.22326974675408,0.708269245509803,0.651265780621547,"Mesocentrotus franciscanus",7,"Naples SMCA","PISCO","pooled"
"pooled",0.529899740770531,1.13026057130718,0.282117308336781,"Semicossyphus pulcher",7,"Naples SMCA","PISCO","pooled"
"pooled",-0.6814867234308,0.120232822760041,-0.36282184211297,"Strongylocentrotus purpuratus",7,"Naples SMCA","PISCO","pooled"
"pooled",-1.3676071921611,0.934783998790057,-0.728110678736091,"Macrocystis pyrifera",7,"Naples SMCA","PISCO","pooled"
"pooled",1.09046331061012,0.708269245509803,0.580559963252673,"Mesocentrotus franciscanus",7,"Naples SMCA","PISCO","pooled"
"pooled",-1.41941555498953,1.41941555498953,-0.755693322670282,"Panulirus interruptus",7,"Naples SMCA","PISCO","pooled"
"pooled",0.120157730228931,1.13026057130718,0.0639716776965223,"Semicossyphus pulcher",7,"Naples SMCA","PISCO","pooled"
"pooled",-0.311960177840872,0.120232822760041,-0.16608682531672,"Strongylocentrotus purpuratus",7,"Naples SMCA","PISCO","pooled"
"pooled",-1.9322445510458,1.12979530359785,-1.02872220884047,"Macrocystis pyrifera",8,"Naples SMCA","PISCO","pooled"
"pooled",0.701238616132273,0.678373249893577,0.373337700821249,"Mesocentrotus franciscanus",8,"Naples SMCA","PISCO","pooled"
"pooled",0.582886391281038,1.13601428488881,0.310327269711868,"Semicossyphus pulcher",8,"Naples SMCA","PISCO","pooled"
"pooled",0.590139355551687,0.0738496587425467,0.314188729909081,"Strongylocentrotus purpuratus",8,"Naples SMCA","PISCO","pooled"
"pooled",-1.9322445510458,1.12979530359785,-1.02872220884047,"Macrocystis pyrifera",8,"Naples SMCA","PISCO","pooled"
"pooled",0.448283501481533,0.678373249893577,0.238665024870287,"Mesocentrotus franciscanus",8,"Naples SMCA","PISCO","pooled"
"pooled",-0.462176950830879,1.56078923949899,-0.246061862861283,"Panulirus interruptus",8,"Naples SMCA","PISCO","pooled"
"pooled",0.154359954352338,1.13601428488881,0.0821808570307034,"Semicossyphus pulcher",8,"Naples SMCA","PISCO","pooled"
"pooled",0.72708475812459,0.0738496587425467,0.387098122744007,"Strongylocentrotus purpuratus",8,"Naples SMCA","PISCO","pooled"
"pooled",-1.81428601415204,1.32480660840565,-0.965921376223672,"Macrocystis pyrifera",9,"Naples SMCA","PISCO","pooled"
"pooled",1.44536053418758,0.64847725427735,0.769506365276349,"Mesocentrotus franciscanus",9,"Naples SMCA","PISCO","pooled"
"pooled",1.2170868801679,1.14176799847045,0.647974037778721,"Semicossyphus pulcher",9,"Naples SMCA","PISCO","pooled"
"pooled",-0.452838122601725,0.0274664947250522,-0.241089893863531,"Strongylocentrotus purpuratus",9,"Naples SMCA","PISCO","pooled"
"pooled",-1.81428601415204,1.32480660840565,-0.965921376223672,"Macrocystis pyrifera",9,"Naples SMCA","PISCO","pooled"
"pooled",0.45160238608471,0.64847725427735,0.240431990805328,"Mesocentrotus franciscanus",9,"Naples SMCA","PISCO","pooled"
"pooled",-1.70216292400845,1.70216292400845,-0.906227320990289,"Panulirus interruptus",9,"Naples SMCA","PISCO","pooled"
"pooled",0.766162902519654,1.14176799847045,0.407903229943155,"Semicossyphus pulcher",9,"Naples SMCA","PISCO","pooled"
"pooled",-0.348224023780662,0.0274664947250522,-0.185393606995074,"Strongylocentrotus purpuratus",9,"Naples SMCA","PISCO","pooled"
"pooled",-1.88266612165088,1.51981791321344,-1.00232677593816,"Macrocystis pyrifera",10,"Naples SMCA","PISCO","pooled"
"pooled",-0.190561682477374,0.618581258661124,-0.101454567338476,"Mesocentrotus franciscanus",10,"Naples SMCA","PISCO","pooled"
"pooled",1.11185327984058,1.14752171205208,0.591947929844108,"Semicossyphus pulcher",10,"Naples SMCA","PISCO","pooled"
"pooled",-0.945416329554869,-0.0189166692924418,-0.503337310117988,"Strongylocentrotus purpuratus",10,"Naples SMCA","PISCO","pooled"
"pooled",-1.88266612165088,1.51981791321344,-1.00232677593816,"Macrocystis pyrifera",10,"Naples SMCA","PISCO","pooled"
"pooled",-0.312601701767765,0.618581258661124,-0.166428371065026,"Mesocentrotus franciscanus",10,"Naples SMCA","PISCO","pooled"
"pooled",0.102373540537403,1.84353660851791,0.0545034191926985,"Panulirus interruptus",10,"Naples SMCA","PISCO","pooled"
"pooled",0.82098826892047,1.14752171205208,0.43709211909997,"Semicossyphus pulcher",10,"Naples SMCA","PISCO","pooled"
"pooled",-0.867413762985839,-0.0189166692924418,-0.46180893704912,"Strongylocentrotus purpuratus",10,"Naples SMCA","PISCO","pooled"
"pooled",-1.66746660584299,1.71482921802123,-0.887755087213004,"Macrocystis pyrifera",11,"Naples SMCA","PISCO","pooled"
"pooled",0.769748563709112,0.588685263044898,0.409812227071378,"Mesocentrotus franciscanus",11,"Naples SMCA","PISCO","pooled"
"pooled",1.28503097157107,1.15327542563371,0.684147303604773,"Semicossyphus pulcher",11,"Naples SMCA","PISCO","pooled"
"pooled",-0.582659729974682,-0.0652998333099358,-0.31020659579427,"Strongylocentrotus purpuratus",11,"Naples SMCA","PISCO","pooled"
"pooled",-1.66746660584299,1.71482921802123,-0.887755087213004,"Macrocystis pyrifera",11,"Naples SMCA","PISCO","pooled"
"pooled",0.491644980785762,0.588685263044898,0.26175056895646,"Mesocentrotus franciscanus",11,"Naples SMCA","PISCO","pooled"
"pooled",-3.08352258169548,1.98491029302737,-1.6416597782793,"Panulirus interruptus",11,"Naples SMCA","PISCO","pooled"
"pooled",0.947985163440767,1.15327542563371,0.504704950910565,"Semicossyphus pulcher",11,"Naples SMCA","PISCO","pooled"
"pooled",-0.357944521111097,-0.0652998333099358,-0.190568775676171,"Strongylocentrotus purpuratus",11,"Naples SMCA","PISCO","pooled"
"pooled",-4.08014019421835,-0.923486469723427,-2.17225652451877,"Macrocystis pyrifera",1,"Point Vicente SMCA","PISCO","pooled"
"pooled",-0.659447249908656,0.199442579540443,-0.351088081046799,"Mesocentrotus franciscanus",1,"Point Vicente SMCA","PISCO","pooled"
"pooled",-3.06248989647298,-0.11702919173394,-1.63046202880798,"Panulirus interruptus",1,"Point Vicente SMCA","PISCO","pooled"
"pooled",-0.669879546251502,0.40753565015066,-0.356642209757517,"Semicossyphus pulcher",1,"Point Vicente SMCA","PISCO","pooled"
"pooled",-3.24059196255839,-0.289670832801711,-1.72528312726742,"Strongylocentrotus purpuratus",1,"Point Vicente SMCA","PISCO","pooled"
"pooled",-4.08014019421835,-0.923486469723427,-2.17225652451877,"Macrocystis pyrifera",1,"Point Vicente SMCA","PISCO","pooled"
"pooled",-0.707201557253211,0.199442579540443,-0.37651235589159,"Mesocentrotus franciscanus",1,"Point Vicente SMCA","PISCO","pooled"
"pooled",-2.71618415232228,-0.11702919173394,-1.44608970913238,"Panulirus interruptus",1,"Point Vicente SMCA","PISCO","pooled"
"pooled",-0.731104481935965,0.40753565015066,-0.389238213736075,"Semicossyphus pulcher",1,"Point Vicente SMCA","PISCO","pooled"
"pooled",-3.28280443108536,-0.289670832801711,-1.74775694086424,"Strongylocentrotus purpuratus",1,"Point Vicente SMCA","PISCO","pooled"
"pooled",0.61197503603374,0.40361569876177,0.32581399206592,"Semicossyphus pulcher",2,"Point Vicente SMCA","PISCO","pooled"
"pooled",-0.112463717583546,0.40361569876177,-0.0598754044379829,"Semicossyphus pulcher",2,"Point Vicente SMCA","PISCO","pooled"
"pooled",0.0302511779697283,-0.552811190048885,0.0161056521568151,"Macrocystis pyrifera",3,"Point Vicente SMCA","PISCO","pooled"
"pooled",0.571470370917343,0.120303258366943,0.304249408771155,"Mesocentrotus franciscanus",3,"Point Vicente SMCA","PISCO","pooled"
"pooled",2.43922411421574,0.14637084734393,1.29863687144302,"Panulirus interruptus",3,"Point Vicente SMCA","PISCO","pooled"
"pooled",0.74061506934907,0.39969574737288,0.394301626897564,"Semicossyphus pulcher",3,"Point Vicente SMCA","PISCO","pooled"
"pooled",0.966623740942164,-0.401784490777746,0.51462808336629,"Strongylocentrotus purpuratus",3,"Point Vicente SMCA","PISCO","pooled"
"pooled",0.0302511779697283,-0.552811190048885,0.0161056521568151,"Macrocystis pyrifera",3,"Point Vicente SMCA","PISCO","pooled"
"pooled",0.290493404529582,0.120303258366943,0.154657968423054,"Mesocentrotus franciscanus",3,"Point Vicente SMCA","PISCO","pooled"
"pooled",1.78963823072867,0.14637084734393,0.952798957432229,"Panulirus interruptus",3,"Point Vicente SMCA","PISCO","pooled"
"pooled",0.0667654985836792,0.39969574737288,0.0355457859307528,"Semicossyphus pulcher",3,"Point Vicente SMCA","PISCO","pooled"
"pooled",0.509898316790401,-0.401784490777746,0.271468599794346,"Strongylocentrotus purpuratus",3,"Point Vicente SMCA","PISCO","pooled"
"pooled",0.43780079952543,-0.367473550211615,0.233084060336029,"Macrocystis pyrifera",4,"Point Vicente SMCA","PISCO","pooled"
"pooled",0.135731916366258,0.0807335977801936,0.072263335786805,"Mesocentrotus franciscanus",4,"Point Vicente SMCA","PISCO","pooled"
"pooled",-1.19969692135867,0.278070866882866,-0.638715666819314,"Panulirus interruptus",4,"Point Vicente SMCA","PISCO","pooled"
"pooled",0.169587397145677,0.39577579598399,0.0902879098242422,"Semicossyphus pulcher",4,"Point Vicente SMCA","PISCO","pooled"
"pooled",0.661163965759935,-0.457841319765764,0.352002056310191,"Strongylocentrotus purpuratus",4,"Point Vicente SMCA","PISCO","pooled"
"pooled",0.437800799525431,-0.367473550211615,0.23308406033603,"Macrocystis pyrifera",4,"Point Vicente SMCA","PISCO","pooled"
"pooled",0.3978157486149,0.0807335977801936,0.211796118356317,"Mesocentrotus franciscanus",4,"Point Vicente SMCA","PISCO","pooled"
"pooled",-1.59573672161366,0.278070866882866,-0.84956627467148,"Panulirus interruptus",4,"Point Vicente SMCA","PISCO","pooled"
"pooled",-0.324637187599295,0.39577579598399,-0.172836033885127,"Semicossyphus pulcher",4,"Point Vicente SMCA","PISCO","pooled"
"pooled",0.820298897094351,-0.457841319765764,0.436725099248733,"Strongylocentrotus purpuratus",4,"Point Vicente SMCA","PISCO","pooled"
"pooled",0.0453813517899658,-0.182135910374344,0.0241609191902094,"Macrocystis pyrifera",5,"Point Vicente SMCA","PISCO","pooled"
"pooled",0.599630573852333,0.0411639371934437,0.319241831003113,"Mesocentrotus franciscanus",5,"Point Vicente SMCA","PISCO","pooled"
"pooled",0.647123460300349,0.409770886421801,0.344526926010662,"Panulirus interruptus",5,"Point Vicente SMCA","PISCO","pooled"
"pooled",0.105579863025347,0.3918558445951,0.0562104573366368,"Semicossyphus pulcher",5,"Point Vicente SMCA","PISCO","pooled"
"pooled",0.995322374038207,-0.513898148753782,0.529907164481196,"Strongylocentrotus purpuratus",5,"Point Vicente SMCA","PISCO","pooled"
"pooled",0.0453813517899658,-0.182135910374344,0.0241609191902094,"Macrocystis pyrifera",5,"Point Vicente SMCA","PISCO","pooled"
"pooled",0.382326737342592,0.0411639371934437,0.203549807153017,"Mesocentrotus franciscanus",5,"Point Vicente SMCA","PISCO","pooled"
"pooled",0.0172933334898253,0.409770886421801,0.00920692787889572,"Panulirus interruptus",5,"Point Vicente SMCA","PISCO","pooled"
"pooled",-0.016083492007187,0.3918558445951,-0.00856281127280004,"Semicossyphus pulcher",5,"Point Vicente SMCA","PISCO","pooled"
"pooled",0.898168251098238,-0.513898148753782,0.47818255027816,"Strongylocentrotus purpuratus",5,"Point Vicente SMCA","PISCO","pooled"
"pooled",-0.249462415331296,0.00320172946292685,-0.132813171491876,"Macrocystis pyrifera",6,"Point Vicente SMCA","PISCO","pooled"
"pooled",0.793991435738864,0.0015942766066937,0.422719072040658,"Mesocentrotus franciscanus",6,"Point Vicente SMCA","PISCO","pooled"
"pooled",1.71261028599512,0.541470905960736,0.911789470612433,"Panulirus interruptus",6,"Point Vicente SMCA","PISCO","pooled"
"pooled",0.93698546273958,0.38793589320621,0.498848737526092,"Semicossyphus pulcher",6,"Point Vicente SMCA","PISCO","pooled"
"pooled",0.360143589967164,-0.5699549777418,0.191739554483533,"Strongylocentrotus purpuratus",6,"Point Vicente SMCA","PISCO","pooled"
"pooled",-0.249462415331296,0.00320172946292685,-0.132813171491876,"Macrocystis pyrifera",6,"Point Vicente SMCA","PISCO","pooled"
"pooled",0.626914066820211,0.0015942766066937,0.333767495021991,"Mesocentrotus franciscanus",6,"Point Vicente SMCA","PISCO","pooled"
"pooled",1.2665490841391,0.541470905960736,0.674307592553572,"Panulirus interruptus",6,"Point Vicente SMCA","PISCO","pooled"
"pooled",0.277424440641526,0.38793589320621,0.147700084447705,"Semicossyphus pulcher",6,"Point Vicente SMCA","PISCO","pooled"
"pooled",0.33838153391145,-0.5699549777418,0.180153489788758,"Strongylocentrotus purpuratus",6,"Point Vicente SMCA","PISCO","pooled"
"pooled",-0.162120294350155,0.188539369300198,-0.0863124428072487,"Macrocystis pyrifera",7,"Point Vicente SMCA","PISCO","pooled"
"pooled",0.745612829219604,-0.037975383980056,0.396962421862925,"Mesocentrotus franciscanus",7,"Point Vicente SMCA","PISCO","pooled"
"pooled",-0.0267715353111252,0.673170925499671,-0.0142530990315928,"Panulirus interruptus",7,"Point Vicente SMCA","PISCO","pooled"
"pooled",0.7395379628492,0.38401594181732,0.393728178067237,"Semicossyphus pulcher",7,"Point Vicente SMCA","PISCO","pooled"
"pooled",0.308501229894171,-0.626011806729818,0.164245290004811,"Strongylocentrotus purpuratus",7,"Point Vicente SMCA","PISCO","pooled"
"pooled",-0.162120294350155,0.188539369300198,-0.0863124428072487,"Macrocystis pyrifera",7,"Point Vicente SMCA","PISCO","pooled"
"pooled",0.694128472791564,-0.037975383980056,0.369552278133076,"Mesocentrotus franciscanus",7,"Point Vicente SMCA","PISCO","pooled"
"pooled",-0.310008197082196,0.673170925499671,-0.165047595599864,"Panulirus interruptus",7,"Point Vicente SMCA","PISCO","pooled"
"pooled",0.00540037368878032,0.38401594181732,0.00287514556409499,"Semicossyphus pulcher",7,"Point Vicente SMCA","PISCO","pooled"
"pooled",0.41391515021377,-0.626011806729818,0.220367399856288,"Strongylocentrotus purpuratus",7,"Point Vicente SMCA","PISCO","pooled"
"pooled",-0.658797550449102,0.373877009137468,-0.350742182665172,"Macrocystis pyrifera",8,"Point Vicente SMCA","PISCO","pooled"
"pooled",0.565917030381527,-0.0775450445668057,0.301292824036911,"Mesocentrotus franciscanus",8,"Point Vicente SMCA","PISCO","pooled"
"pooled",0.376156332718444,0.804870945038606,0.20026469902788,"Panulirus interruptus",8,"Point Vicente SMCA","PISCO","pooled"
"pooled",0.81615951448644,0.38009599042843,0.434521302210029,"Semicossyphus pulcher",8,"Point Vicente SMCA","PISCO","pooled"
"pooled",-0.27163588850599,-0.682068635717836,-0.144618273640872,"Strongylocentrotus purpuratus",8,"Point Vicente SMCA","PISCO","pooled"
"pooled",-0.658797550449102,0.373877009137468,-0.350742182665172,"Macrocystis pyrifera",8,"Point Vicente SMCA","PISCO","pooled"
"pooled",0.422300406363911,-0.0775450445668057,0.22483168944313,"Mesocentrotus franciscanus",8,"Point Vicente SMCA","PISCO","pooled"
"pooled",0.0328373902591158,0.804870945038606,0.0174825451683281,"Panulirus interruptus",8,"Point Vicente SMCA","PISCO","pooled"
"pooled",0.494100917766115,0.38009599042843,0.263058103716403,"Semicossyphus pulcher",8,"Point Vicente SMCA","PISCO","pooled"
"pooled",-0.29062320255434,-0.682068635717836,-0.154727072569659,"Strongylocentrotus purpuratus",8,"Point Vicente SMCA","PISCO","pooled"
"pooled",-1.21995989893793,0.559214648974739,-0.649503625849519,"Macrocystis pyrifera",9,"Point Vicente SMCA","PISCO","pooled"
"pooled",0.990372897690815,-0.117114705153556,0.527272075543858,"Mesocentrotus franciscanus",9,"Point Vicente SMCA","PISCO","pooled"
"pooled",-1.36665925946959,0.936570964577542,-0.72760600172111,"Panulirus interruptus",9,"Point Vicente SMCA","PISCO","pooled"
"pooled",0.65983571130508,0.37617603903954,0.351294896931239,"Semicossyphus pulcher",9,"Point Vicente SMCA","PISCO","pooled"
"pooled",1.16176465093441,-0.738125464705854,0.618520620081538,"Strongylocentrotus purpuratus",9,"Point Vicente SMCA","PISCO","pooled"
"pooled",-1.21995989893793,0.559214648974739,-0.649503625849519,"Macrocystis pyrifera",9,"Point Vicente SMCA","PISCO","pooled"
"pooled",0.661902484819361,-0.117114705153556,0.352395242026602,"Mesocentrotus franciscanus",9,"Point Vicente SMCA","PISCO","pooled"
"pooled",-1.89208240960498,0.936570964577542,-1.00733998430144,"Panulirus interruptus",9,"Point Vicente SMCA","PISCO","pooled"
"pooled",0.266885861120731,0.37617603903954,0.142089370836529,"Semicossyphus pulcher",9,"Point Vicente SMCA","PISCO","pooled"
"pooled",1.09265658529473,-0.738125464705854,0.581727657257517,"Strongylocentrotus purpuratus",9,"Point Vicente SMCA","PISCO","pooled"
"pooled",-0.63620890534224,0.74455228881201,-0.338716044008723,"Macrocystis pyrifera",10,"Point Vicente SMCA","PISCO","pooled"
"pooled",0.146663311223511,-0.156684365740305,0.0780831833093008,"Mesocentrotus franciscanus",10,"Point Vicente SMCA","PISCO","pooled"
"pooled",0.945206351684373,1.06827098411648,0.503225518420282,"Panulirus interruptus",10,"Point Vicente SMCA","PISCO","pooled"
"pooled",0.90751312302195,0.37225608765065,0.483157736923913,"Semicossyphus pulcher",10,"Point Vicente SMCA","PISCO","pooled"
"pooled",0.916236120553342,-0.794182293693872,0.487801839184854,"Strongylocentrotus purpuratus",10,"Point Vicente SMCA","PISCO","pooled"
"pooled",-0.63620890534224,0.74455228881201,-0.338716044008723,"Macrocystis pyrifera",10,"Point Vicente SMCA","PISCO","pooled"
"pooled",0.0631898412354112,-0.156684365740305,0.0336421148227784,"Mesocentrotus franciscanus",10,"Point Vicente SMCA","PISCO","pooled"
"pooled",0.0187132665565133,1.06827098411648,0.00996289672351132,"Panulirus interruptus",10,"Point Vicente SMCA","PISCO","pooled"
"pooled",0.311627391157612,0.37225608765065,0.165909650511548,"Semicossyphus pulcher",10,"Point Vicente SMCA","PISCO","pooled"
"pooled",0.478771651276667,-0.794182293693872,0.254896840239482,"Strongylocentrotus purpuratus",10,"Point Vicente SMCA","PISCO","pooled"
"pooled",-1.91483039817847,0.92988992864928,-1.01945095702451,"Macrocystis pyrifera",11,"Point Vicente SMCA","PISCO","pooled"
"pooled",0.105312137671206,-0.196254026327055,0.0560679210217977,"Mesocentrotus franciscanus",11,"Point Vicente SMCA","PISCO","pooled"
"pooled",-0.766357257718441,1.19997100365541,-0.408006704169172,"Panulirus interruptus",11,"Point Vicente SMCA","PISCO","pooled"
"pooled",0.80739390422493,0.36833613626176,0.429854513037212,"Semicossyphus pulcher",11,"Point Vicente SMCA","PISCO","pooled"
"pooled",-0.827776560049541,-0.850239122681889,-0.440706188468554,"Strongylocentrotus purpuratus",11,"Point Vicente SMCA","PISCO","pooled"
"pooled",-1.91483039817847,0.92988992864928,-1.01945095702451,"Macrocystis pyrifera",11,"Point Vicente SMCA","PISCO","pooled"
"pooled",0.0302849226520434,-0.196254026327055,0.0161236177420248,"Mesocentrotus franciscanus",11,"Point Vicente SMCA","PISCO","pooled"
"pooled",-1.18723197787798,1.19997100365541,-0.632079361811447,"Panulirus interruptus",11,"Point Vicente SMCA","PISCO","pooled"
"pooled",0.150200899994891,0.36833613626176,0.0799665868013145,"Semicossyphus pulcher",11,"Point Vicente SMCA","PISCO","pooled"
"pooled",-1.21157882492521,-0.850239122681889,-0.645041562822271,"Strongylocentrotus purpuratus",11,"Point Vicente SMCA","PISCO","pooled"
"pooled",1.06350169046688,-0.347595220761187,0.566205663527696,"Macrocystis pyrifera",1,"Scorpion SMR","PISCO","pooled"
"pooled",-1.24169051207617,0.775333828502683,-0.661072950412981,"Mesocentrotus franciscanus",1,"Scorpion SMR","PISCO","pooled"
"pooled",-0.085808724213672,0.9834268991129,-0.0456843520469987,"Semicossyphus pulcher",1,"Scorpion SMR","PISCO","pooled"
"pooled",-1.9819428414851,0.28622041616053,-1.05518145546566,"Strongylocentrotus purpuratus",1,"Scorpion SMR","PISCO","pooled"
"pooled",1.06350169046688,-0.347595220761187,0.566205663527696,"Macrocystis pyrifera",1,"Scorpion SMR","PISCO","pooled"
"pooled",-1.04234260356393,0.775333828502683,-0.554940618115058,"Mesocentrotus franciscanus",1,"Scorpion SMR","PISCO","pooled"
"pooled",3.02356076435644,0.4588620572283,1.60973625537651,"Panulirus interruptus",1,"Scorpion SMR","PISCO","pooled"
"pooled",-0.378690675897008,0.9834268991129,-0.201613977053376,"Semicossyphus pulcher",1,"Scorpion SMR","PISCO","pooled"
"pooled",-1.87035594521104,0.28622041616053,-0.995772868519164,"Strongylocentrotus purpuratus",1,"Scorpion SMR","PISCO","pooled"
"pooled",1.77203255307711,-0.135311288314515,0.943425738295941,"Macrocystis pyrifera",2,"Scorpion SMR","PISCO","pooled"
"pooled",-1.24109306972899,0.762710460525334,-0.66075487358843,"Mesocentrotus franciscanus",2,"Scorpion SMR","PISCO","pooled"
"pooled",-0.687694192420719,1.00645324033341,-0.366126683214559,"Semicossyphus pulcher",2,"Scorpion SMR","PISCO","pooled"
"pooled",-1.33588315576405,0.257109879781912,-0.711220880403868,"Strongylocentrotus purpuratus",2,"Scorpion SMR","PISCO","pooled"
"pooled",1.77203255307711,-0.135311288314515,0.943425738295941,"Macrocystis pyrifera",2,"Scorpion SMR","PISCO","pooled"
"pooled",-0.994733374211732,0.762710460525334,-0.529593582433743,"Mesocentrotus franciscanus",2,"Scorpion SMR","PISCO","pooled"
"pooled",1.12593252258061,0.617508369376636,0.599443683775716,"Panulirus interruptus",2,"Scorpion SMR","PISCO","pooled"
"pooled",-1.03696878425936,1.00645324033341,-0.552079610039288,"Semicossyphus pulcher",2,"Scorpion SMR","PISCO","pooled"
"pooled",-1.30513656338983,0.257109879781912,-0.69485147084626,"Strongylocentrotus purpuratus",2,"Scorpion SMR","PISCO","pooled"
"pooled",0.987188160948444,0.076972644132156,0.525576529597351,"Macrocystis pyrifera",3,"Scorpion SMR","PISCO","pooled"
"pooled",-0.231986824909639,0.750087092547985,-0.123509210474298,"Mesocentrotus franciscanus",3,"Scorpion SMR","PISCO","pooled"
"pooled",-0.850855840332432,1.02947958155392,-0.452993540076411,"Semicossyphus pulcher",3,"Scorpion SMR","PISCO","pooled"
"pooled",-0.27756238343261,0.227999343403295,-0.14777352484771,"Strongylocentrotus purpuratus",3,"Scorpion SMR","PISCO","pooled"
"pooled",0.987188160948444,0.076972644132156,0.525576529597351,"Macrocystis pyrifera",3,"Scorpion SMR","PISCO","pooled"
"pooled",0.0763143716224943,0.750087092547985,0.0406295822644573,"Mesocentrotus franciscanus",3,"Scorpion SMR","PISCO","pooled"
"pooled",1.47108031638591,0.776154681524972,0.783199513558041,"Panulirus interruptus",3,"Scorpion SMR","PISCO","pooled"
"pooled",-0.968933081685887,1.02947958155392,-0.515857570653271,"Semicossyphus pulcher",3,"Scorpion SMR","PISCO","pooled"
"pooled",0.122482471021123,0.227999343403295,0.0652093639311299,"Strongylocentrotus purpuratus",3,"Scorpion SMR","PISCO","pooled"
"pooled",-0.236718088842326,0.289256576578827,-0.126028123663007,"Macrocystis pyrifera",4,"Scorpion SMR","PISCO","pooled"
"pooled",-0.476592570974953,0.737463724570636,-0.253736703288904,"Mesocentrotus franciscanus",4,"Scorpion SMR","PISCO","pooled"
"pooled",-0.836920495888811,1.05250592277443,-0.445574397241082,"Semicossyphus pulcher",4,"Scorpion SMR","PISCO","pooled"
"pooled",0.483986510490563,0.198888807024678,0.257673218357049,"Strongylocentrotus purpuratus",4,"Scorpion SMR","PISCO","pooled"
"pooled",-0.236718088842326,0.289256576578827,-0.126028123663007,"Macrocystis pyrifera",4,"Scorpion SMR","PISCO","pooled"
"pooled",-0.721056280141972,0.737463724570636,-0.383888576010976,"Mesocentrotus franciscanus",4,"Scorpion SMR","PISCO","pooled"
"pooled",0.364481990456953,0.934800993673307,0.194049308149173,"Panulirus interruptus",4,"Scorpion SMR","PISCO","pooled"
"pooled",-0.858141336010266,1.05250592277443,-0.456872319914161,"Semicossyphus pulcher",4,"Scorpion SMR","PISCO","pooled"
"pooled",-0.108010961579837,0.198888807024678,-0.0575047681802254,"Strongylocentrotus purpuratus",4,"Scorpion SMR","PISCO","pooled"
"pooled",-1.09257788788323,0.501540509025499,-0.58168575895073,"Macrocystis pyrifera",5,"Scorpion SMR","PISCO","pooled"
"pooled",0.199820477732537,0.724840356593286,0.106383926979282,"Mesocentrotus franciscanus",5,"Scorpion SMR","PISCO","pooled"
"pooled",-0.501659396351169,1.07553226399494,-0.267082218977218,"Semicossyphus pulcher",5,"Scorpion SMR","PISCO","pooled"
"pooled",-0.242002625355496,0.16977827064606,-0.128841597801974,"Strongylocentrotus purpuratus",5,"Scorpion SMR","PISCO","pooled"
"pooled",-1.09257788788323,0.501540509025499,-0.581685758950729,"Macrocystis pyrifera",5,"Scorpion SMR","PISCO","pooled"
"pooled",-0.396459968439377,0.724840356593286,-0.211074304351919,"Mesocentrotus franciscanus",5,"Scorpion SMR","PISCO","pooled"
"pooled",-0.487311502251327,1.09344730582164,-0.25944343572765,"Panulirus interruptus",5,"Scorpion SMR","PISCO","pooled"
"pooled",-0.983569077908938,1.07553226399494,-0.523649738759016,"Semicossyphus pulcher",5,"Scorpion SMR","PISCO","pooled"
"pooled",-0.493678810304958,0.16977827064606,-0.26283337475051,"Strongylocentrotus purpuratus",5,"Scorpion SMR","PISCO","pooled"
"pooled",-0.839983943270219,0.71382444147217,-0.447205369032496,"Macrocystis pyrifera",6,"Scorpion SMR","PISCO","pooled"
"pooled",-0.592561353153826,0.712216988615937,-0.315478195428199,"Mesocentrotus franciscanus",6,"Scorpion SMR","PISCO","pooled"
"pooled",-0.841500278119479,1.09855860521545,-0.448012661947167,"Semicossyphus pulcher",6,"Scorpion SMR","PISCO","pooled"
"pooled",0.277373817701775,0.140667734267443,0.147673132920078,"Strongylocentrotus purpuratus",6,"Scorpion SMR","PISCO","pooled"
"pooled",-0.839983943270219,0.71382444147217,-0.447205369032496,"Macrocystis pyrifera",6,"Scorpion SMR","PISCO","pooled"
"pooled",-0.585634828372979,0.712216988615937,-0.311790530806097,"Mesocentrotus franciscanus",6,"Scorpion SMR","PISCO","pooled"
"pooled",1.06467611001602,1.25209361796998,0.566830921584209,"Panulirus interruptus",6,"Scorpion SMR","PISCO","pooled"
"pooled",-1.24697861033373,1.09855860521545,-0.663888320815827,"Semicossyphus pulcher",6,"Scorpion SMR","PISCO","pooled"
"pooled",0.352654543064657,0.140667734267443,0.187752404478381,"Strongylocentrotus purpuratus",6,"Scorpion SMR","PISCO","pooled"
"pooled",-0.282647404642239,0.926108373918841,-0.150480777533681,"Macrocystis pyrifera",7,"Scorpion SMR","PISCO","pooled"
"pooled",0.0221574720272092,0.699593620638588,0.0117965831777425,"Mesocentrotus franciscanus",7,"Scorpion SMR","PISCO","pooled"
"pooled",-0.0757260527997035,1.12158494643596,-0.0403163627816769,"Semicossyphus pulcher",7,"Scorpion SMR","PISCO","pooled"
"pooled",0.0954413458049791,0.111557197888826,0.0508127359024328,"Strongylocentrotus purpuratus",7,"Scorpion SMR","PISCO","pooled"
"pooled",-0.282647404642239,0.926108373918841,-0.150480777533681,"Macrocystis pyrifera",7,"Scorpion SMR","PISCO","pooled"
"pooled",-0.377846809583934,0.699593620638588,-0.201164704720285,"Mesocentrotus franciscanus",7,"Scorpion SMR","PISCO","pooled"
"pooled",3.38505061547842,1.41073993011831,1.80219255596142,"Panulirus interruptus",7,"Scorpion SMR","PISCO","pooled"
"pooled",-1.08949663188446,1.12158494643596,-0.580045305895583,"Semicossyphus pulcher",7,"Scorpion SMR","PISCO","pooled"
"pooled",-0.05117807749282,0.111557197888826,-0.0272470815840197,"Strongylocentrotus purpuratus",7,"Scorpion SMR","PISCO","pooled"
"pooled",-0.393517657004108,1.13839230636551,-0.209507825037927,"Macrocystis pyrifera",8,"Scorpion SMR","PISCO","pooled"
"pooled",-0.211942147181174,0.686970252661239,-0.112837473743478,"Mesocentrotus franciscanus",8,"Scorpion SMR","PISCO","pooled"
"pooled",-0.026668533627914,1.14461128765647,-0.0141982611907977,"Semicossyphus pulcher",8,"Scorpion SMR","PISCO","pooled"
"pooled",0.162985174828077,0.0824466615102085,0.0867729030296101,"Strongylocentrotus purpuratus",8,"Scorpion SMR","PISCO","pooled"
"pooled",-0.393517657004108,1.13839230636551,-0.209507825037927,"Macrocystis pyrifera",8,"Scorpion SMR","PISCO","pooled"
"pooled",-0.653656746409477,0.686970252661239,-0.348005231338801,"Mesocentrotus franciscanus",8,"Scorpion SMR","PISCO","pooled"
"pooled",0.680912014280969,1.56938624226665,0.362515868386334,"Panulirus interruptus",8,"Scorpion SMR","PISCO","pooled"
"pooled",-1.14461128765647,1.14461128765647,-0.609388211996458,"Semicossyphus pulcher",8,"Scorpion SMR","PISCO","pooled"
"pooled",-0.263689086754424,0.0824466615102085,-0.14038741608888,"Strongylocentrotus purpuratus",8,"Scorpion SMR","PISCO","pooled"
"pooled",1.90222406161833,1.35067623881218,1.01273937469166,"Macrocystis pyrifera",9,"Scorpion SMR","PISCO","pooled"
"pooled",-0.565539291936613,0.674346884683889,-0.301091717025273,"Mesocentrotus franciscanus",9,"Scorpion SMR","PISCO","pooled"
"pooled",-0.57852163478601,1.16763762887698,-0.308003484174377,"Semicossyphus pulcher",9,"Scorpion SMR","PISCO","pooled"
"pooled",0.406414582298878,0.0533361251315911,0.216374116092703,"Strongylocentrotus purpuratus",9,"Scorpion SMR","PISCO","pooled"
"pooled",1.90222406161833,1.35067623881218,1.01273937469166,"Macrocystis pyrifera",9,"Scorpion SMR","PISCO","pooled"
"pooled",-0.719654109401086,0.674346884683889,-0.383142063784584,"Mesocentrotus franciscanus",9,"Scorpion SMR","PISCO","pooled"
"pooled",1.48467041134613,1.72803255441499,0.790434846424301,"Panulirus interruptus",9,"Scorpion SMR","PISCO","pooled"
"pooled",-0.963623247471771,1.16763762887698,-0.513030628081035,"Semicossyphus pulcher",9,"Scorpion SMR","PISCO","pooled"
"pooled",0.0131092466032295,0.0533361251315911,0.00697933039304451,"Strongylocentrotus purpuratus",9,"Scorpion SMR","PISCO","pooled"
"pooled",2.7574865243172,1.56296017125886,1.46807898959172,"Macrocystis pyrifera",10,"Scorpion SMR","PISCO","pooled"
"pooled",-2.20730828726155,0.66172351670654,-1.1751654601042,"Mesocentrotus franciscanus",10,"Scorpion SMR","PISCO","pooled"
"pooled",-0.566551115477835,1.1906639700975,-0.301630409370255,"Semicossyphus pulcher",10,"Scorpion SMR","PISCO","pooled"
"pooled",0.127012836985945,0.0242255887529741,0.0676213195397845,"Strongylocentrotus purpuratus",10,"Scorpion SMR","PISCO","pooled"
"pooled",2.7574865243172,1.56296017125886,1.46807898959172,"Macrocystis pyrifera",10,"Scorpion SMR","PISCO","pooled"
"pooled",-1.55617419867141,0.66172351670654,-0.828503285534611,"Mesocentrotus franciscanus",10,"Scorpion SMR","PISCO","pooled"
"pooled",-0.167221703723583,1.88667886656332,-0.089028420510998,"Panulirus interruptus",10,"Scorpion SMR","PISCO","pooled"
"pooled",-0.751447878709628,1.1906639700975,-0.400068987746018,"Semicossyphus pulcher",10,"Scorpion SMR","PISCO","pooled"
"pooled",0.163053753752872,0.0242255887529741,0.0868094142791598,"Strongylocentrotus purpuratus",10,"Scorpion SMR","PISCO","pooled"
"pooled",1.5040246505205,1.77524410370553,0.800738995380554,"Macrocystis pyrifera",11,"Scorpion SMR","PISCO","pooled"
"pooled",-1.45191068848089,0.649100148729191,-0.772993651183931,"Mesocentrotus franciscanus",11,"Scorpion SMR","PISCO","pooled"
"pooled",-0.748900482922489,1.21369031131801,-0.398712760544074,"Semicossyphus pulcher",11,"Scorpion SMR","PISCO","pooled"
"pooled",-0.361171557888673,-0.00488494762564307,-0.192286842056558,"Strongylocentrotus purpuratus",11,"Scorpion SMR","PISCO","pooled"
"pooled",1.5040246505205,1.77524410370553,0.800738995380554,"Macrocystis pyrifera",11,"Scorpion SMR","PISCO","pooled"
"pooled",-1.12030641727548,0.649100148729191,-0.596448359258676,"Mesocentrotus franciscanus",11,"Scorpion SMR","PISCO","pooled"
"pooled",3.0360791862728,2.04532517871166,1.61640103217095,"Panulirus interruptus",11,"Scorpion SMR","PISCO","pooled"
"pooled",-0.37770478875953,1.21369031131801,-0.201089093185449,"Semicossyphus pulcher",11,"Scorpion SMR","PISCO","pooled"
"pooled",-0.50298845873612,-0.00488494762564307,-0.26778980849615,"Strongylocentrotus purpuratus",11,"Scorpion SMR","PISCO","pooled"
"pooled",4.02875229900976,1.9875280361522,2.14489773650302,"Macrocystis pyrifera",12,"Scorpion SMR","PISCO","pooled"
"pooled",-1.10744473738547,0.636476780751841,-0.58960083277002,"Mesocentrotus franciscanus",12,"Scorpion SMR","PISCO","pooled"
"pooled",-1.02937322091048,1.23671665253852,-0.548035750942147,"Semicossyphus pulcher",12,"Scorpion SMR","PISCO","pooled"
"pooled",-1.5315313562266,-0.0339954840042608,-0.815383497307903,"Strongylocentrotus purpuratus",12,"Scorpion SMR","PISCO","pooled"
"pooled",4.02875229900976,1.9875280361522,2.14489773650302,"Macrocystis pyrifera",12,"Scorpion SMR","PISCO","pooled"
"pooled",-1.41719589728764,0.636476780751841,-0.754511582412446,"Mesocentrotus franciscanus",12,"Scorpion SMR","PISCO","pooled"
"pooled",-0.633373411742154,2.20397149085999,-0.337206434245376,"Panulirus interruptus",12,"Scorpion SMR","PISCO","pooled"
"pooled",-1.55019147955203,1.23671665253852,-0.825318100706929,"Semicossyphus pulcher",12,"Scorpion SMR","PISCO","pooled"
"pooled",-2.07933527212553,-0.0339954840042608,-1.10703294409765,"Strongylocentrotus purpuratus",12,"Scorpion SMR","PISCO","pooled"
"pooled",-0.106542815937429,2.19981196859887,-0.0567231310798183,"Macrocystis pyrifera",13,"Scorpion SMR","PISCO","pooled"
"pooled",-0.266644966455743,0.623853412774492,-0.14196111911408,"Mesocentrotus franciscanus",13,"Scorpion SMR","PISCO","pooled"
"pooled",-0.426046331674394,1.25974299375903,-0.226826010792085,"Semicossyphus pulcher",13,"Scorpion SMR","PISCO","pooled"
"pooled",-0.848623341918482,-0.0631060203828778,-0.451804963455305,"Strongylocentrotus purpuratus",13,"Scorpion SMR","PISCO","pooled"
"pooled",-0.106542815937429,2.19981196859887,-0.0567231310798183,"Macrocystis pyrifera",13,"Scorpion SMR","PISCO","pooled"
"pooled",-0.5244763843665,0.623853412774492,-0.279229926832061,"Mesocentrotus franciscanus",13,"Scorpion SMR","PISCO","pooled"
"pooled",1.856250311484,2.36261780300833,0.9882630640915,"Panulirus interruptus",13,"Scorpion SMR","PISCO","pooled"
"pooled",-1.55948793866008,1.25974299375903,-0.830267512489646,"Semicossyphus pulcher",13,"Scorpion SMR","PISCO","pooled"
"pooled",-1.37818501648446,-0.0631060203828778,-0.733742286182867,"Strongylocentrotus purpuratus",13,"Scorpion SMR","PISCO","pooled"
"pooled",2.75645402408877,2.41209590104554,1.46752928902972,"Macrocystis pyrifera",14,"Scorpion SMR","PISCO","pooled"
"pooled",0.020721505139552,0.611230044797143,0.0110320779665916,"Mesocentrotus franciscanus",14,"Scorpion SMR","PISCO","pooled"
"pooled",-0.994055485513268,1.28276933497954,-0.529232676171202,"Semicossyphus pulcher",14,"Scorpion SMR","PISCO","pooled"
"pooled",-1.21745055751716,-0.092216556761495,-0.648167658697887,"Strongylocentrotus purpuratus",14,"Scorpion SMR","PISCO","pooled"
"pooled",2.75645402408877,2.41209590104554,1.46752928902972,"Macrocystis pyrifera",14,"Scorpion SMR","PISCO","pooled"
"pooled",-0.911844293019285,0.611230044797143,-0.485463641093295,"Mesocentrotus franciscanus",14,"Scorpion SMR","PISCO","pooled"
"pooled",0.864908679855394,2.52126411515667,0.460475237000704,"Panulirus interruptus",14,"Scorpion SMR","PISCO","pooled"
"pooled",-1.65626206384443,1.28276933497954,-0.881789816829623,"Semicossyphus pulcher",14,"Scorpion SMR","PISCO","pooled"
"pooled",-1.87383193712178,-0.092216556761495,-0.997623477995272,"Strongylocentrotus purpuratus",14,"Scorpion SMR","PISCO","pooled"
"pooled",1.54676780783208,2.62437983349221,0.823495346370692,"Macrocystis pyrifera",15,"Scorpion SMR","PISCO","pooled"
"pooled",-0.198208769672693,0.598606676819794,-0.105525857603731,"Mesocentrotus franciscanus",15,"Scorpion SMR","PISCO","pooled"
"pooled",-0.912453536789573,1.30579567620005,-0.485788000966249,"Semicossyphus pulcher",15,"Scorpion SMR","PISCO","pooled"
"pooled",-1.04788261490502,-0.121327093140113,-0.557890106419073,"Strongylocentrotus purpuratus",15,"Scorpion SMR","PISCO","pooled"
"pooled",1.54676780783208,2.62437983349221,0.823495346370692,"Macrocystis pyrifera",15,"Scorpion SMR","PISCO","pooled"
"pooled",-0.963947291684886,0.598606676819794,-0.513203148416775,"Mesocentrotus franciscanus",15,"Scorpion SMR","PISCO","pooled"
"pooled",0.180824177701938,2.679910427305,0.0962703439358231,"Panulirus interruptus",15,"Scorpion SMR","PISCO","pooled"
"pooled",-1.58768734451713,1.30579567620005,-0.845280806260118,"Semicossyphus pulcher",15,"Scorpion SMR","PISCO","pooled"
"pooled",-1.61038747759676,-0.121327093140113,-0.857366300836885,"Strongylocentrotus purpuratus",15,"Scorpion SMR","PISCO","pooled"
"pooled",1.52927712438981,2.83666376593888,0.814183349866355,"Macrocystis pyrifera",16,"Scorpion SMR","PISCO","pooled"
"pooled",-0.877224148916286,0.585983308842445,-0.467031962198024,"Mesocentrotus franciscanus",16,"Scorpion SMR","PISCO","pooled"
"pooled",-0.502163892010704,1.32882201742056,-0.267350811215683,"Semicossyphus pulcher",16,"Scorpion SMR","PISCO","pooled"
"pooled",-1.70622936001686,-0.15043762951873,-0.908392281440258,"Strongylocentrotus purpuratus",16,"Scorpion SMR","PISCO","pooled"
"pooled",1.52927712438981,2.83666376593888,0.814183349866355,"Macrocystis pyrifera",16,"Scorpion SMR","PISCO","pooled"
"pooled",-1.29013801858822,0.585983308842445,-0.686866282776065,"Mesocentrotus franciscanus",16,"Scorpion SMR","PISCO","pooled"
"pooled",-0.632241190415867,2.83855673945334,-0.336603642418097,"Panulirus interruptus",16,"Scorpion SMR","PISCO","pooled"
"pooled",-1.31146800272741,1.32882201742056,-0.698222313453612,"Semicossyphus pulcher",16,"Scorpion SMR","PISCO","pooled"
"pooled",-2.30701441157565,-0.15043762951873,-1.22824875351228,"Strongylocentrotus purpuratus",16,"Scorpion SMR","PISCO","pooled"
"pooled",1.97594577633776,3.04894769838555,1.05198863284826,"Macrocystis pyrifera",17,"Scorpion SMR","PISCO","pooled"
"pooled",-0.710462269934887,1.35184835864107,-0.378248351239835,"Semicossyphus pulcher",17,"Scorpion SMR","PISCO","pooled"
"pooled",1.97594577633776,3.04894769838555,1.05198863284826,"Macrocystis pyrifera",17,"Scorpion SMR","PISCO","pooled"
"pooled",-0.963716238146494,0.573359940865096,-0.513080136085729,"Mesocentrotus franciscanus",17,"Scorpion SMR","PISCO","pooled"
"pooled",0.172091598656387,2.99720305160167,0.0916211405004964,"Panulirus interruptus",17,"Scorpion SMR","PISCO","pooled"
"pooled",-1.24093146079789,1.35184835864107,-0.660668833394148,"Semicossyphus pulcher",17,"Scorpion SMR","PISCO","pooled"
"pooled",-2.27965685901719,-0.179548165897347,-1.21368366035097,"Strongylocentrotus purpuratus",17,"Scorpion SMR","PISCO","pooled"
"pooled",-0.0816128683942061,3.26123163083223,-0.0434504888104632,"Macrocystis pyrifera",18,"Scorpion SMR","PISCO","pooled"
"pooled",-0.376907662197586,0.560736572887746,-0.200664704979989,"Mesocentrotus franciscanus",18,"Scorpion SMR","PISCO","pooled"
"pooled",-1.04493352248627,1.37487469986158,-0.556320016926287,"Semicossyphus pulcher",18,"Scorpion SMR","PISCO","pooled"
"pooled",-1.75359813607278,-0.208658702275965,-0.933611300382729,"Strongylocentrotus purpuratus",18,"Scorpion SMR","PISCO","pooled"
"pooled",-0.0816128683942061,3.26123163083223,-0.0434504888104632,"Macrocystis pyrifera",18,"Scorpion SMR","PISCO","pooled"
"pooled",-0.952508578962414,0.560736572887746,-0.507113206120504,"Mesocentrotus franciscanus",18,"Scorpion SMR","PISCO","pooled"
"pooled",-0.614298835765009,3.15584936375001,-0.327051177282025,"Panulirus interruptus",18,"Scorpion SMR","PISCO","pooled"
"pooled",-1.10136543654926,1.37487469986158,-0.586364228075726,"Semicossyphus pulcher",18,"Scorpion SMR","PISCO","pooled"
"pooled",-2.21259926298868,-0.208658702275965,-1.17798236246471,"Strongylocentrotus purpuratus",18,"Scorpion SMR","PISCO","pooled"
"pooled",-0.0620032915256679,3.4735155632789,-0.0330103986988304,"Macrocystis pyrifera",19,"Scorpion SMR","PISCO","pooled"
"pooled",-0.014191995802462,0.548113204910397,-0.00755578338252346,"Mesocentrotus franciscanus",19,"Scorpion SMR","PISCO","pooled"
"pooled",-1.06695636439577,1.39790104108209,-0.568044923363117,"Semicossyphus pulcher",19,"Scorpion SMR","PISCO","pooled"
"pooled",-1.26668739282187,-0.237769238654582,-0.674381227753401,"Strongylocentrotus purpuratus",19,"Scorpion SMR","PISCO","pooled"
"pooled",-0.0620032915256679,3.4735155632789,-0.0330103986988304,"Macrocystis pyrifera",19,"Scorpion SMR","PISCO","pooled"
"pooled",-0.732101130263872,0.548113204910397,-0.389768826835109,"Mesocentrotus franciscanus",19,"Scorpion SMR","PISCO","pooled"
"pooled",-0.753022567592165,3.31449567589834,-0.400907348203344,"Panulirus interruptus",19,"Scorpion SMR","PISCO","pooled"
"pooled",-1.25494450799798,1.39790104108209,-0.668129344984397,"Semicossyphus pulcher",19,"Scorpion SMR","PISCO","pooled"
"pooled",-2.06817709645045,-0.237769238654582,-1.10109235902994,"Strongylocentrotus purpuratus",19,"Scorpion SMR","PISCO","pooled"
"pooled",-0.596923890452339,3.68579949572557,-0.317800799470967,"Macrocystis pyrifera",20,"Scorpion SMR","PISCO","pooled"
"pooled",-1.35190169887689,1.4209273823026,-0.719749113046328,"Semicossyphus pulcher",20,"Scorpion SMR","PISCO","pooled"
"pooled",-0.596923890452339,3.68579949572557,-0.317800799470967,"Macrocystis pyrifera",20,"Scorpion SMR","PISCO","pooled"
"pooled",-1.37641641631364,0.535489836933048,-0.732800687836376,"Mesocentrotus franciscanus",20,"Scorpion SMR","PISCO","pooled"
"pooled",-1.92130426539899,3.47314198804668,-1.02289762788365,"Panulirus interruptus",20,"Scorpion SMR","PISCO","pooled"
"pooled",-1.21205845878099,1.4209273823026,-0.645296918698048,"Semicossyphus pulcher",20,"Scorpion SMR","PISCO","pooled"
"pooled",-1.83207169673598,-0.266879775033199,-0.975390429539718,"Strongylocentrotus purpuratus",20,"Scorpion SMR","PISCO","pooled"
"pooled",0.0429662519050145,0.981984056609555,0.0228751259986215,"Semicossyphus pulcher",1,"South Point SMR","PISCO","pooled"
"pooled",-0.400062511159834,0.981984056609555,-0.212992289165397,"Semicossyphus pulcher",1,"South Point SMR","PISCO","pooled"
"pooled",-0.0428041171636976,-0.171543466349665,-0.0227888058642849,"Macrocystis pyrifera",2,"South Point SMR","PISCO","pooled"
"pooled",1.28639067639204,0.726478282490184,0.684871207080677,"Mesocentrotus franciscanus",2,"South Point SMR","PISCO","pooled"
"pooled",-0.232591768287082,0.97022106229826,-0.123831280828762,"Semicossyphus pulcher",2,"South Point SMR","PISCO","pooled"
"pooled",1.33218024347855,0.220877701746762,0.70924945908278,"Strongylocentrotus purpuratus",2,"South Point SMR","PISCO","pooled"
"pooled",-0.0428041171636976,-0.171543466349665,-0.0227888058642849,"Macrocystis pyrifera",2,"South Point SMR","PISCO","pooled"
"pooled",0.883904809598406,0.726478282490184,0.470588729383475,"Mesocentrotus franciscanus",2,"South Point SMR","PISCO","pooled"
"pooled",-0.581276191341486,0.581276191341486,-0.309470003255822,"Panulirus interruptus",2,"South Point SMR","PISCO","pooled"
"pooled",-0.346066753225267,0.97022106229826,-0.184245081499369,"Semicossyphus pulcher",2,"South Point SMR","PISCO","pooled"
"pooled",0.877734586921348,0.220877701746762,0.467303718126517,"Strongylocentrotus purpuratus",2,"South Point SMR","PISCO","pooled"
"pooled",-0.112155562799379,0.958458067986965,-0.0597113435948246,"Semicossyphus pulcher",3,"South Point SMR","PISCO","pooled"
"pooled",-0.247348187052847,0.958458067986965,-0.131687561597714,"Semicossyphus pulcher",3,"South Point SMR","PISCO","pooled"
"pooled",0.08635841065686,0.183445727480066,0.0459770037466502,"Macrocystis pyrifera",4,"South Point SMR","PISCO","pooled"
"pooled",0.807837512476066,0.631652875471874,0.430090688970388,"Mesocentrotus franciscanus",4,"South Point SMR","PISCO","pooled"
"pooled",-0.473058771596634,0.94669507367567,-0.251855317260363,"Semicossyphus pulcher",4,"South Point SMR","PISCO","pooled"
"pooled",1.81388471443537,0.0930779579259163,0.965707725249364,"Strongylocentrotus purpuratus",4,"South Point SMR","PISCO","pooled"
"pooled",0.08635841065686,0.183445727480066,0.0459770037466502,"Macrocystis pyrifera",4,"South Point SMR","PISCO","pooled"
"pooled",0.508492744952656,0.631652875471874,0.270720276832417,"Mesocentrotus franciscanus",4,"South Point SMR","PISCO","pooled"
"pooled",-0.828990144574546,0.828990144574546,-0.441352297861127,"Panulirus interruptus",4,"South Point SMR","PISCO","pooled"
"pooled",-0.590020129736939,0.94669507367567,-0.314125254380876,"Semicossyphus pulcher",4,"South Point SMR","PISCO","pooled"
"pooled",1.85283219112939,0.0930779579259163,0.986443265288408,"Strongylocentrotus purpuratus",4,"South Point SMR","PISCO","pooled"
"pooled",-0.28703295510628,0.360940324394932,-0.152815633728725,"Macrocystis pyrifera",5,"South Point SMR","PISCO","pooled"
"pooled",0.822288412856121,0.584240171962719,0.437784312508184,"Mesocentrotus franciscanus",5,"South Point SMR","PISCO","pooled"
"pooled",0.610840082669294,0.934932079364376,0.325209745708299,"Semicossyphus pulcher",5,"South Point SMR","PISCO","pooled"
"pooled",1.50551471179703,0.0291780860154935,0.801532300310235,"Strongylocentrotus purpuratus",5,"South Point SMR","PISCO","pooled"
"pooled",-0.28703295510628,0.360940324394932,-0.152815633728725,"Macrocystis pyrifera",5,"South Point SMR","PISCO","pooled"
"pooled",0.440010240779831,0.584240171962719,0.234260361382551,"Mesocentrotus franciscanus",5,"South Point SMR","PISCO","pooled"
"pooled",-0.952847121191076,0.952847121191076,-0.50729344516378,"Panulirus interruptus",5,"South Point SMR","PISCO","pooled"
"pooled",-0.124001863148047,0.934932079364376,-0.0660182845328507,"Semicossyphus pulcher",5,"South Point SMR","PISCO","pooled"
"pooled",1.59559616670135,0.0291780860154935,0.849491443584609,"Strongylocentrotus purpuratus",5,"South Point SMR","PISCO","pooled"
"pooled",-0.163110033720317,0.538434921309798,-0.0868393775943064,"Macrocystis pyrifera",6,"South Point SMR","PISCO","pooled"
"pooled",1.02093898053438,0.536827468453564,0.543545382274836,"Mesocentrotus franciscanus",6,"South Point SMR","PISCO","pooled"
"pooled",0.0719634811158155,0.92316908505308,0.0383131789447889,"Semicossyphus pulcher",6,"South Point SMR","PISCO","pooled"
"pooled",0.65153935801204,-0.0347217858949295,0.346877939005123,"Strongylocentrotus purpuratus",6,"South Point SMR","PISCO","pooled"
"pooled",-0.163110033720317,0.538434921309798,-0.0868393775943064,"Macrocystis pyrifera",6,"South Point SMR","PISCO","pooled"
"pooled",0.541833018317286,0.536827468453564,0.288470555719447,"Mesocentrotus franciscanus",6,"South Point SMR","PISCO","pooled"
"pooled",0.0219081908605032,1.07670409780761,0.0116638665025694,"Panulirus interruptus",6,"South Point SMR","PISCO","pooled"
"pooled",-0.571771198215193,0.92316908505308,-0.304409568478763,"Semicossyphus pulcher",6,"South Point SMR","PISCO","pooled"
"pooled",0.936235891076047,-0.0347217858949295,0.498449667430655,"Strongylocentrotus purpuratus",6,"South Point SMR","PISCO","pooled"
"pooled",-0.363472848887625,0.715929518224663,-0.193512043679378,"Macrocystis pyrifera",7,"South Point SMR","PISCO","pooled"
"pooled",0.78951257440023,0.48941476494441,0.420334537367303,"Mesocentrotus franciscanus",7,"South Point SMR","PISCO","pooled"
"pooled",0.139367249607455,0.911406090741785,0.0741987781922347,"Semicossyphus pulcher",7,"South Point SMR","PISCO","pooled"
"pooled",2.02401379764986,-0.0986216578053521,1.07757992823166,"Strongylocentrotus purpuratus",7,"South Point SMR","PISCO","pooled"
"pooled",-0.363472848887625,0.715929518224663,-0.193512043679378,"Macrocystis pyrifera",7,"South Point SMR","PISCO","pooled"
"pooled",0.411891459427256,0.48941476494441,0.219289991898384,"Mesocentrotus franciscanus",7,"South Point SMR","PISCO","pooled"
"pooled",-1.20056107442414,1.20056107442414,-0.639175739769085,"Panulirus interruptus",7,"South Point SMR","PISCO","pooled"
"pooled",-0.41774827059816,0.911406090741785,-0.222408143646429,"Semicossyphus pulcher",7,"South Point SMR","PISCO","pooled"
"pooled",2.2032858942507,-0.0986216578053521,1.17302394803695,"Strongylocentrotus purpuratus",7,"South Point SMR","PISCO","pooled"
"pooled",-1.50979372397034,0.893424115139529,-0.803810435783408,"Macrocystis pyrifera",8,"South Point SMR","PISCO","pooled"
"pooled",-1.2423390510389,0.442002061435255,-0.661418230948977,"Mesocentrotus franciscanus",8,"South Point SMR","PISCO","pooled"
"pooled",1.15095285983229,0.89964309643049,0.61276444930177,"Semicossyphus pulcher",8,"South Point SMR","PISCO","pooled"
"pooled",-0.6196968607551,-0.162521529715775,-0.329925072404761,"Strongylocentrotus purpuratus",8,"South Point SMR","PISCO","pooled"
"pooled",-1.50979372397034,0.893424115139529,-0.803810435783408,"Macrocystis pyrifera",8,"South Point SMR","PISCO","pooled"
"pooled",-1.45494555554856,0.442002061435255,-0.774609406887164,"Mesocentrotus franciscanus",8,"South Point SMR","PISCO","pooled"
"pooled",-1.32441805104067,1.32441805104067,-0.705116887071738,"Panulirus interruptus",8,"South Point SMR","PISCO","pooled"
"pooled",0.75261481318654,0.89964309643049,0.400690260768634,"Semicossyphus pulcher",8,"South Point SMR","PISCO","pooled"
"pooled",-0.296269234927161,-0.162521529715775,-0.157733006208136,"Strongylocentrotus purpuratus",8,"South Point SMR","PISCO","pooled"
"pooled",-0.646695885088489,1.07091871205439,-0.344299286027849,"Macrocystis pyrifera",9,"South Point SMR","PISCO","pooled"
"pooled",0.39858701019058,0.3945893579261,0.21220673610721,"Mesocentrotus franciscanus",9,"South Point SMR","PISCO","pooled"
"pooled",0.0697346918212215,0.887880102119196,0.0371265770496334,"Semicossyphus pulcher",9,"South Point SMR","PISCO","pooled"
"pooled",1.50607267157695,-0.226421401626198,0.801829356713853,"Strongylocentrotus purpuratus",9,"South Point SMR","PISCO","pooled"
"pooled",-0.646695885088489,1.07091871205439,-0.344299286027849,"Macrocystis pyrifera",9,"South Point SMR","PISCO","pooled"
"pooled",-0.0535637169214502,0.3945893579261,-0.0285171901016962,"Mesocentrotus franciscanus",9,"South Point SMR","PISCO","pooled"
"pooled",-1.4482750276572,1.4482750276572,-0.771058034374391,"Panulirus interruptus",9,"South Point SMR","PISCO","pooled"
"pooled",-0.4850431164173,0.887880102119196,-0.258235752733062,"Semicossyphus pulcher",9,"South Point SMR","PISCO","pooled"
"pooled",1.51949763391399,-0.226421401626198,0.808976773380902,"Strongylocentrotus purpuratus",9,"South Point SMR","PISCO","pooled"
"pooled",-0.511533960799035,0.876117107807901,-0.272339412609694,"Semicossyphus pulcher",10,"South Point SMR","PISCO","pooled"
"pooled",-0.843681832054747,0.876117107807901,-0.449174115854116,"Semicossyphus pulcher",10,"South Point SMR","PISCO","pooled"
"pooled",-0.641285641303798,1.42590790588413,-0.34141888564916,"Macrocystis pyrifera",11,"South Point SMR","PISCO","pooled"
"pooled",1.59088223079815,0.29976395090779,0.846981755795843,"Mesocentrotus franciscanus",11,"South Point SMR","PISCO","pooled"
"pooled",-0.874668830455553,0.864354113496606,-0.4656715169843,"Semicossyphus pulcher",11,"South Point SMR","PISCO","pooled"
"pooled",0.249842743641537,-0.354221145447043,0.133015657341395,"Strongylocentrotus purpuratus",11,"South Point SMR","PISCO","pooled"
"pooled",-0.641285641303798,1.42590790588413,-0.34141888564916,"Macrocystis pyrifera",11,"South Point SMR","PISCO","pooled"
"pooled",1.00266585458215,0.29976395090779,0.533816815317915,"Mesocentrotus franciscanus",11,"South Point SMR","PISCO","pooled"
"pooled",-1.69598898089026,1.69598898089026,-0.902940328979696,"Panulirus interruptus",11,"South Point SMR","PISCO","pooled"
"pooled",-1.13194942738165,0.864354113496606,-0.602647068975562,"Semicossyphus pulcher",11,"South Point SMR","PISCO","pooled"
"pooled",0.235709560564806,-0.354221145447043,0.12549118570825,"Strongylocentrotus purpuratus",11,"South Point SMR","PISCO","pooled"
"pooled",-0.959571301940241,1.60340250279899,-0.510873382325036,"Macrocystis pyrifera",12,"South Point SMR","PISCO","pooled"
"pooled",1.0278799195053,0.252351247398635,0.547240720976004,"Mesocentrotus franciscanus",12,"South Point SMR","PISCO","pooled"
"pooled",0.521774588250249,0.852591119185311,0.277791497277665,"Semicossyphus pulcher",12,"South Point SMR","PISCO","pooled"
"pooled",-0.676494416666673,-0.418121017357467,-0.360163950367941,"Strongylocentrotus purpuratus",12,"South Point SMR","PISCO","pooled"
"pooled",-0.959571301940241,1.60340250279899,-0.510873382325036,"Macrocystis pyrifera",12,"South Point SMR","PISCO","pooled"
"pooled",0.0768947709394406,0.252351247398635,0.0409385854219589,"Mesocentrotus franciscanus",12,"South Point SMR","PISCO","pooled"
"pooled",0.126064191548522,1.81984595750679,0.0671162630606426,"Panulirus interruptus",12,"South Point SMR","PISCO","pooled"
"pooled",-0.123404002142169,0.852591119185311,-0.0656999848154502,"Semicossyphus pulcher",12,"South Point SMR","PISCO","pooled"
"pooled",-0.290607285243448,-0.418121017357467,-0.1547185982328,"Strongylocentrotus purpuratus",12,"South Point SMR","PISCO","pooled"
"pooled",-0.717001248003518,1.78089709971386,-0.381729686953102,"Macrocystis pyrifera",13,"South Point SMR","PISCO","pooled"
"pooled",0.425491742230032,0.204938543889481,0.226530748746763,"Mesocentrotus franciscanus",13,"South Point SMR","PISCO","pooled"
"pooled",-0.717853471855102,0.840828124874016,-0.382183408818978,"Semicossyphus pulcher",13,"South Point SMR","PISCO","pooled"
"pooled",0.0331455660596683,-0.482020889267889,0.0176466172005582,"Strongylocentrotus purpuratus",13,"South Point SMR","PISCO","pooled"
"pooled",-0.717001248003518,1.78089709971386,-0.381729686953102,"Macrocystis pyrifera",13,"South Point SMR","PISCO","pooled"
"pooled",-0.39159549288972,0.204938543889481,-0.208484469628573,"Mesocentrotus franciscanus",13,"South Point SMR","PISCO","pooled"
"pooled",0.621246423338222,1.94370293412332,0.330750055682567,"Panulirus interruptus",13,"South Point SMR","PISCO","pooled"
"pooled",-0.730286250474192,0.840828124874016,-0.388802589334266,"Semicossyphus pulcher",13,"South Point SMR","PISCO","pooled"
"pooled",0.106556000196226,-0.482020889267889,0.0567301503465174,"Strongylocentrotus purpuratus",13,"South Point SMR","PISCO","pooled"
"pooled",-0.468190389738514,1.95839169662872,-0.249263402828076,"Macrocystis pyrifera",14,"South Point SMR","PISCO","pooled"
"pooled",1.1199876526435,0.157525840380326,0.596278649758845,"Mesocentrotus franciscanus",14,"South Point SMR","PISCO","pooled"
"pooled",-0.36828159163149,0.829065130562721,-0.196072206395084,"Semicossyphus pulcher",14,"South Point SMR","PISCO","pooled"
"pooled",0.291078363482816,-0.545920761178312,0.154969399119611,"Strongylocentrotus purpuratus",14,"South Point SMR","PISCO","pooled"
"pooled",-0.468190389738514,1.95839169662872,-0.249263402828076,"Macrocystis pyrifera",14,"South Point SMR","PISCO","pooled"
"pooled",0.182394437723367,0.157525840380326,0.0971063464784741,"Mesocentrotus franciscanus",14,"South Point SMR","PISCO","pooled"
"pooled",1.54335800190437,2.06755991073985,0.82167997414787,"Panulirus interruptus",14,"South Point SMR","PISCO","pooled"
"pooled",-0.187211244390326,0.829065130562721,-0.0996708024068448,"Semicossyphus pulcher",14,"South Point SMR","PISCO","pooled"
"pooled",0.079726290377476,-0.545920761178312,0.0424460793512827,"Strongylocentrotus purpuratus",14,"South Point SMR","PISCO","pooled"
"pooled",-1.41864156140458,2.13588629354359,-0.755281250404427,"Macrocystis pyrifera",15,"South Point SMR","PISCO","pooled"
"pooled",1.12040122826699,0.110113136871172,0.596498836395513,"Mesocentrotus franciscanus",15,"South Point SMR","PISCO","pooled"
"pooled",-0.120621037366746,0.817302136251426,-0.0642183412681317,"Semicossyphus pulcher",15,"South Point SMR","PISCO","pooled"
"pooled",1.20646733893848,-0.609820633088735,0.64232022035458,"Strongylocentrotus purpuratus",15,"South Point SMR","PISCO","pooled"
"pooled",-1.41864156140458,2.13588629354359,-0.755281250404427,"Macrocystis pyrifera",15,"South Point SMR","PISCO","pooled"
"pooled",0.456442012314469,0.110113136871172,0.243008595812363,"Mesocentrotus franciscanus",15,"South Point SMR","PISCO","pooled"
"pooled",0.183488867217291,2.19141688735638,0.0976890180278907,"Panulirus interruptus",15,"South Point SMR","PISCO","pooled"
"pooled",-0.646207642051255,0.817302136251426,-0.344039346645206,"Semicossyphus pulcher",15,"South Point SMR","PISCO","pooled"
"pooled",0.835582188516251,-0.609820633088735,0.444861885713666,"Strongylocentrotus purpuratus",15,"South Point SMR","PISCO","pooled"
"pooled",-4.11206080253108,2.31338089045845,-2.18925097725159,"Macrocystis pyrifera",16,"South Point SMR","PISCO","pooled"
"pooled",2.44660370167661,0.0627004333620166,1.30256574551281,"Mesocentrotus franciscanus",16,"South Point SMR","PISCO","pooled"
"pooled",0.124780171314705,0.80553914194013,0.0664326538713123,"Semicossyphus pulcher",16,"South Point SMR","PISCO","pooled"
"pooled",1.47070262187063,-0.673720504999158,0.782998429934431,"Strongylocentrotus purpuratus",16,"South Point SMR","PISCO","pooled"
"pooled",-4.11206080253108,2.31338089045845,-2.18925097725159,"Macrocystis pyrifera",16,"South Point SMR","PISCO","pooled"
"pooled",1.42366202851655,0.0627004333620166,0.757954134648837,"Mesocentrotus franciscanus",16,"South Point SMR","PISCO","pooled"
"pooled",1.29564404867131,2.31527386397291,0.689797679542564,"Panulirus interruptus",16,"South Point SMR","PISCO","pooled"
"pooled",0.0603207363071325,0.80553914194013,0.0321146104716255,"Semicossyphus pulcher",16,"South Point SMR","PISCO","pooled"
"pooled",1.02296674687018,-0.673720504999158,0.544624960045077,"Strongylocentrotus purpuratus",16,"South Point SMR","PISCO","pooled"
"pooled",-2.14300204990318,2.49087548737332,-1.14092897875316,"Macrocystis pyrifera",17,"South Point SMR","PISCO","pooled"
"pooled",0.406433600887495,0.793776147628835,0.216384241542135,"Semicossyphus pulcher",17,"South Point SMR","PISCO","pooled"
"pooled",-2.14300204990318,2.49087548737332,-1.14092897875316,"Macrocystis pyrifera",17,"South Point SMR","PISCO","pooled"
"pooled",0.280289919601699,0.0152877298528618,0.149225658342427,"Mesocentrotus franciscanus",17,"South Point SMR","PISCO","pooled"
"pooled",0.505308138577,2.43913084058944,0.269024800292826,"Panulirus interruptus",17,"South Point SMR","PISCO","pooled"
"pooled",0.0953986556294316,0.793776147628835,0.0507900077588025,"Semicossyphus pulcher",17,"South Point SMR","PISCO","pooled"
"pooled",0.0904157168201086,-0.737620376909581,0.0481371034896875,"Strongylocentrotus purpuratus",17,"South Point SMR","PISCO","pooled"
"pooled",-0.318306302722517,2.66837008428819,-0.169465486471328,"Macrocystis pyrifera",18,"South Point SMR","PISCO","pooled"
"pooled",0.356719990544388,-0.0321249736562932,0.189916838638131,"Mesocentrotus franciscanus",18,"South Point SMR","PISCO","pooled"
"pooled",0.00759167256080273,0.78201315331754,0.00404178765121405,"Semicossyphus pulcher",18,"South Point SMR","PISCO","pooled"
"pooled",0.467257895044625,-0.801520248820004,0.248766944964753,"Strongylocentrotus purpuratus",18,"South Point SMR","PISCO","pooled"
"pooled",-0.318306302722517,2.66837008428819,-0.169465486471328,"Macrocystis pyrifera",18,"South Point SMR","PISCO","pooled"
"pooled",-0.60619328809927,-0.0321249736562932,-0.322735803798867,"Mesocentrotus franciscanus",18,"South Point SMR","PISCO","pooled"
"pooled",0.381451161960471,2.56298781720597,0.203083652990173,"Panulirus interruptus",18,"South Point SMR","PISCO","pooled"
"pooled",-0.148504239077326,0.78201315331754,-0.0790632887349148,"Semicossyphus pulcher",18,"South Point SMR","PISCO","pooled"
"pooled",-0.246137699789706,-0.801520248820004,-0.131043101179679,"Strongylocentrotus purpuratus",18,"South Point SMR","PISCO","pooled"
"pooled",-0.155388911029075,0.770250159006245,-0.0827286710145605,"Semicossyphus pulcher",19,"South Point SMR","PISCO","pooled"
"pooled",-0.297451930829494,0.770250159006245,-0.158362670574573,"Semicossyphus pulcher",19,"South Point SMR","PISCO","pooled"
"pooled",0.275559254423822,3.02335927811792,0.146707063929294,"Macrocystis pyrifera",20,"South Point SMR","PISCO","pooled"
"pooled",-0.158159764056367,0.75848716469495,-0.0842038662971999,"Semicossyphus pulcher",20,"South Point SMR","PISCO","pooled"
"pooled",0.275559254423822,3.02335927811792,0.146707063929294,"Macrocystis pyrifera",20,"South Point SMR","PISCO","pooled"
"pooled",0.762618531809936,-0.126950380674603,0.406016215763983,"Mesocentrotus franciscanus",20,"South Point SMR","PISCO","pooled"
"pooled",0.13373720872741,2.81070177043903,0.0712013583848677,"Panulirus interruptus",20,"South Point SMR","PISCO","pooled"
"pooled",-0.535343613380741,0.75848716469495,-0.285015612618808,"Semicossyphus pulcher",20,"South Point SMR","PISCO","pooled"
"pooled",1.22453677264959,-0.929319992640849,0.651940342067295,"Strongylocentrotus purpuratus",20,"South Point SMR","PISCO","pooled"
"pooled",-6.77827005075197,-0.401293704113113,-3.60873417133082,"Macrocystis pyrifera",2,"Anacapa Island SMR 2003","KFM","pooled"
"pooled",-1.21277980988696,0.496728044726737,-0.6456809642386,"Mesocentrotus franciscanus",2,"Anacapa Island SMR 2003","KFM","pooled"
"pooled",1.2124495847793,0.351525953578038,0.64550515320993,"Panulirus interruptus",2,"Anacapa Island SMR 2003","KFM","pooled"
"pooled",-3.70863363952368,-0.0088725360166852,-1.9744673557837,"Strongylocentrotus purpuratus",2,"Anacapa Island SMR 2003","KFM","pooled"
"pooled",0.334431679455576,-0.334431679455576,0.178050597068348,"Macrocystis pyrifera",3,"Anacapa Island SMR 2003","KFM","pooled"
"pooled",-1.12195036743302,0.338682768960252,-0.597323594247112,"Mesocentrotus franciscanus",3,"Anacapa Island SMR 2003","KFM","pooled"
"pooled",2.82709679454304,0.364750357937239,1.50513932489241,"Panulirus interruptus",3,"Anacapa Island SMR 2003","KFM","pooled"
"pooled",-2.81918446309569,-0.183404980184437,-1.50092681924493,"Strongylocentrotus purpuratus",3,"Anacapa Island SMR 2003","KFM","pooled"
"pooled",0.26756965479804,-0.26756965479804,0.142453420895167,"Macrocystis pyrifera",4,"Anacapa Island SMR 2003","KFM","pooled"
"pooled",-1.861979209475,0.180637493193769,-0.991313115179667,"Mesocentrotus franciscanus",4,"Anacapa Island SMR 2003","KFM","pooled"
"pooled",2.99912506778666,0.37797476229644,1.59672675110014,"Panulirus interruptus",4,"Anacapa Island SMR 2003","KFM","pooled"
"pooled",-2.24924199407009,-0.357937424352189,-1.19749086165319,"Strongylocentrotus purpuratus",4,"Anacapa Island SMR 2003","KFM","pooled"
"pooled",6.69513975245798,-0.200707630140503,3.5644758066035,"Macrocystis pyrifera",5,"Anacapa Island SMR 2003","KFM","pooled"
"pooled",-1.49026618481555,0.0225922174272844,-0.793414022347203,"Mesocentrotus franciscanus",5,"Anacapa Island SMR 2003","KFM","pooled"
"pooled",2.27138866036981,0.391199166655641,1.20928169188841,"Panulirus interruptus",5,"Anacapa Island SMR 2003","KFM","pooled"
"pooled",-1.20089202933662,-0.532469868519941,-0.639351939344036,"Strongylocentrotus purpuratus",5,"Anacapa Island SMR 2003","KFM","pooled"
"pooled",5.13996604081613,-0.133845605482967,2.73650517788316,"Macrocystis pyrifera",6,"Anacapa Island SMR 2003","KFM","pooled"
"pooled",-1.04642309870915,-0.1354530583392,-0.557113063614611,"Mesocentrotus franciscanus",6,"Anacapa Island SMR 2003","KFM","pooled"
"pooled",2.61743500713137,0.404423571014843,1.39351590903709,"Panulirus interruptus",6,"Anacapa Island SMR 2003","KFM","pooled"
"pooled",0.266810249866115,-0.707002312687694,0.142049115592015,"Strongylocentrotus purpuratus",6,"Anacapa Island SMR 2003","KFM","pooled"
"pooled",6.48370056220954,-0.0669835808254299,3.45190610588415,"Macrocystis pyrifera",7,"Anacapa Island SMR 2003","KFM","pooled"
"pooled",-1.02281841886472,-0.293498334105684,-0.544545990582682,"Mesocentrotus franciscanus",7,"Anacapa Island SMR 2003","KFM","pooled"
"pooled",2.83493890683647,0.417647975374044,1.50931444603642,"Panulirus interruptus",7,"Anacapa Island SMR 2003","KFM","pooled"
"pooled",0.355740927757248,-0.881534756855445,0.189395588037406,"Strongylocentrotus purpuratus",7,"Anacapa Island SMR 2003","KFM","pooled"
"pooled",0.000121556167893333,-0.000121556167893333,6.47162024422489e-05,"Macrocystis pyrifera",8,"Anacapa Island SMR 2003","KFM","pooled"
"pooled",-1.17620743698162,-0.451543609872167,-0.626209923568644,"Mesocentrotus franciscanus",8,"Anacapa Island SMR 2003","KFM","pooled"
"pooled",3.68000148444006,0.430872379733245,1.95922366739781,"Panulirus interruptus",8,"Anacapa Island SMR 2003","KFM","pooled"
"pooled",0.0019202152456077,-1.0560672010232,0.00102231783644651,"Strongylocentrotus purpuratus",8,"Anacapa Island SMR 2003","KFM","pooled"
"pooled",-0.0667404684896431,0.0667404684896431,-0.0355324599707389,"Macrocystis pyrifera",9,"Anacapa Island SMR 2003","KFM","pooled"
"pooled",-2.72023183318128,-0.609588885638652,-1.4482446843873,"Mesocentrotus franciscanus",9,"Anacapa Island SMR 2003","KFM","pooled"
"pooled",4.58197431813366,0.444096784092446,2.43943176801797,"Panulirus interruptus",9,"Anacapa Island SMR 2003","KFM","pooled"
"pooled",-1.09940802610305,-1.23059964519095,-0.585322107606689,"Strongylocentrotus purpuratus",9,"Anacapa Island SMR 2003","KFM","pooled"
"pooled",4.88106278366288,0.13360249314718,2.59866572560963,"Macrocystis pyrifera",10,"Anacapa Island SMR 2003","KFM","pooled"
"pooled",-3.07935637375215,-0.767634161405136,-1.63944169949852,"Mesocentrotus franciscanus",10,"Anacapa Island SMR 2003","KFM","pooled"
"pooled",5.48021501663078,0.457321188451647,2.9176528891117,"Panulirus interruptus",10,"Anacapa Island SMR 2003","KFM","pooled"
"pooled",-3.0772858382597,-1.4051320893587,-1.63833935153531,"Strongylocentrotus purpuratus",10,"Anacapa Island SMR 2003","KFM","pooled"
"pooled",5.34846964586038,0.200464517804716,2.84751198031727,"Macrocystis pyrifera",11,"Anacapa Island SMR 2003","KFM","pooled"
"pooled",-2.25615511601623,-0.92567943717162,-1.20117139063932,"Mesocentrotus franciscanus",11,"Anacapa Island SMR 2003","KFM","pooled"
"pooled",2.73940160131305,0.470545592810848,1.45845062141779,"Panulirus interruptus",11,"Anacapa Island SMR 2003","KFM","pooled"
"pooled",-3.50460242883265,-1.57966453352645,-1.86584164501594,"Strongylocentrotus purpuratus",11,"Anacapa Island SMR 2003","KFM","pooled"
"pooled",2.42836287591549,0.267326542462253,1.29285437509755,"Macrocystis pyrifera",12,"Anacapa Island SMR 2003","KFM","pooled"
"pooled",-3.77090633268157,-1.0837247129381,-2.00762118324366,"Mesocentrotus franciscanus",12,"Anacapa Island SMR 2003","KFM","pooled"
"pooled",4.90347357857239,0.483769997170049,2.6105971772619,"Panulirus interruptus",12,"Anacapa Island SMR 2003","KFM","pooled"
"pooled",-4.2863222488605,-1.75419697769421,-2.28202733927404,"Strongylocentrotus purpuratus",12,"Anacapa Island SMR 2003","KFM","pooled"
"pooled",-7.56978178687476,0.33418856711979,-4.03013305744318,"Macrocystis pyrifera",13,"Anacapa Island SMR 2003","KFM","pooled"
"pooled",-1.81537091297804,-1.24176998870459,-0.966498973669116,"Mesocentrotus franciscanus",13,"Anacapa Island SMR 2003","KFM","pooled"
"pooled",3.28317647279409,0.49699440152925,1.74795501494766,"Panulirus interruptus",13,"Anacapa Island SMR 2003","KFM","pooled"
"pooled",-4.32829939244418,-1.92872942186196,-2.30437586645444,"Strongylocentrotus purpuratus",13,"Anacapa Island SMR 2003","KFM","pooled"
"pooled",-2.34848912324182,0.401050591777326,-1.25032978718534,"Macrocystis pyrifera",14,"Anacapa Island SMR 2003","KFM","pooled"
"pooled",-1.41644852127137,-1.39981526447107,-0.754113681274166,"Mesocentrotus franciscanus",14,"Anacapa Island SMR 2003","KFM","pooled"
"pooled",1.77586728772556,0.510218805888451,0.945467341516268,"Panulirus interruptus",14,"Anacapa Island SMR 2003","KFM","pooled"
"pooled",-1.14711262589786,-2.10326186602971,-0.610719918275223,"Strongylocentrotus purpuratus",14,"Anacapa Island SMR 2003","KFM","pooled"
"pooled",-0.375448624977318,0.467912616434862,-0.199887917180949,"Macrocystis pyrifera",15,"Anacapa Island SMR 2003","KFM","pooled"
"pooled",-2.13931771669107,-1.55786054023756,-1.1389674488847,"Mesocentrotus franciscanus",15,"Anacapa Island SMR 2003","KFM","pooled"
"pooled",2.58963627415739,0.523443210247652,1.37871593251627,"Panulirus interruptus",15,"Anacapa Island SMR 2003","KFM","pooled"
"pooled",-3.23339177972369,-2.27779431019746,-1.72144976777586,"Strongylocentrotus purpuratus",15,"Anacapa Island SMR 2003","KFM","pooled"
"pooled",-1.97815215869376,0.534774641092399,-1.05316330534486,"Macrocystis pyrifera",16,"Anacapa Island SMR 2003","KFM","pooled"
"pooled",-0.93733614860317,-1.71590581600404,-0.499035441810499,"Mesocentrotus franciscanus",16,"Anacapa Island SMR 2003","KFM","pooled"
"pooled",1.05784464761058,0.536667614606853,0.563193867935107,"Panulirus interruptus",16,"Anacapa Island SMR 2003","KFM","pooled"
"pooled",-1.19932998925812,-2.45232675436521,-0.638520313078621,"Strongylocentrotus purpuratus",16,"Anacapa Island SMR 2003","KFM","pooled"
"pooled",-7.91215538903864,0.668498690407472,-4.21241191447299,"Macrocystis pyrifera",18,"Anacapa Island SMR 2003","KFM","pooled"
"pooled",-3.28775627973109,-2.03199636753701,-1.75039329280733,"Mesocentrotus franciscanus",18,"Anacapa Island SMR 2003","KFM","pooled"
"pooled",1.36246782271602,0.563116423325255,0.725374491184299,"Panulirus interruptus",18,"Anacapa Island SMR 2003","KFM","pooled"
"pooled",-2.84797375525425,-2.80139164270072,-1.51625416701997,"Strongylocentrotus purpuratus",18,"Anacapa Island SMR 2003","KFM","pooled"
"pooled",-0.85262803249544,0.735360715065009,-0.453937050790638,"Macrocystis pyrifera",19,"Anacapa Island SMR 2003","KFM","pooled"
"pooled",-3.19903008651301,-2.19004164330349,-1.70315568749495,"Mesocentrotus franciscanus",19,"Anacapa Island SMR 2003","KFM","pooled"
"pooled",2.86143426011762,0.576340827684456,1.52342050643993,"Panulirus interruptus",19,"Anacapa Island SMR 2003","KFM","pooled"
"pooled",-2.69739918030302,-2.97592408686847,-1.43608863659826,"Strongylocentrotus purpuratus",19,"Anacapa Island SMR 2003","KFM","pooled"
"pooled",-1.92986270954632,0.534774641092399,-1.02745412233085,"Macrocystis pyrifera",16,"Anacapa Island SMR 2003","KFM","pooled"
"pooled",-0.62343299151274,-1.71590581600404,-0.331914179158063,"Mesocentrotus franciscanus",16,"Anacapa Island SMR 2003","KFM","pooled"
"pooled",-0.705894643068336,-2.45232675436521,-0.375816558019472,"Strongylocentrotus purpuratus",16,"Anacapa Island SMR 2003","KFM","pooled"
"pooled",-12.4389990975082,0.668498690407472,-6.62249228257748,"Macrocystis pyrifera",18,"Anacapa Island SMR 2003","KFM","pooled"
"pooled",-3.14810188300879,-2.03199636753701,-1.67604163820301,"Mesocentrotus franciscanus",18,"Anacapa Island SMR 2003","KFM","pooled"
"pooled",-3.27820036166492,-2.80139164270072,-1.74530574571853,"Strongylocentrotus purpuratus",18,"Anacapa Island SMR 2003","KFM","pooled"
"pooled",-0.852759532269894,0.735360715065009,-0.454007060944562,"Macrocystis pyrifera",19,"Anacapa Island SMR 2003","KFM","pooled"
"pooled",-3.32143001071351,-2.19004164330349,-1.76832110370341,"Mesocentrotus franciscanus",19,"Anacapa Island SMR 2003","KFM","pooled"
"pooled",-2.66864886993169,-2.97592408686847,-1.42078204263011,"Strongylocentrotus purpuratus",19,"Anacapa Island SMR 2003","KFM","pooled"
"pooled",0.304068480492453,-1.0560672010232,0.161885305212356,"Strongylocentrotus purpuratus",8,"Anacapa Island SMR 2003","KFM","pooled"
"pooled",-0.0667404684896431,0.0667404684896431,-0.0355324599707389,"Macrocystis pyrifera",9,"Anacapa Island SMR 2003","KFM","pooled"
"pooled",-1.21946839734033,-0.609588885638652,-0.649241951617413,"Mesocentrotus franciscanus",9,"Anacapa Island SMR 2003","KFM","pooled"
"pooled",-0.75051383412791,-1.23059964519095,-0.399571704726257,"Strongylocentrotus purpuratus",9,"Anacapa Island SMR 2003","KFM","pooled"
"pooled",9.40202395053826,0.13360249314718,5.00561424315252,"Macrocystis pyrifera",10,"Anacapa Island SMR 2003","KFM","pooled"
"pooled",-1.44448501431385,-0.767634161405136,-0.769040240666038,"Mesocentrotus franciscanus",10,"Anacapa Island SMR 2003","KFM","pooled"
"pooled",-1.96666078655576,-1.4051320893587,-1.0470453273063,"Strongylocentrotus purpuratus",10,"Anacapa Island SMR 2003","KFM","pooled"
"pooled",5.34846964586038,0.200464517804716,2.84751198031727,"Macrocystis pyrifera",11,"Anacapa Island SMR 2003","KFM","pooled"
"pooled",-0.66689810470627,-0.92567943717162,-0.355054897669987,"Mesocentrotus franciscanus",11,"Anacapa Island SMR 2003","KFM","pooled"
"pooled",-2.29388644712349,-1.57966453352645,-1.22125945778286,"Strongylocentrotus purpuratus",11,"Anacapa Island SMR 2003","KFM","pooled"
"pooled",-11.3050669296353,-0.401293704113113,-6.0187896074797,"Macrocystis pyrifera",2,"Anacapa Island SMR 2003","KFM","pooled"
"pooled",-1.64902747965983,0.496728044726737,-0.877938142144657,"Mesocentrotus franciscanus",2,"Anacapa Island SMR 2003","KFM","pooled"
"pooled",-3.86993867806342,-0.0088725360166852,-2.06034575841854,"Strongylocentrotus purpuratus",2,"Anacapa Island SMR 2003","KFM","pooled"
"pooled",0.334431679455576,-0.334431679455576,0.178050597068348,"Macrocystis pyrifera",3,"Anacapa Island SMR 2003","KFM","pooled"
"pooled",-1.42683340047178,0.338682768960252,-0.759642565215802,"Mesocentrotus franciscanus",3,"Anacapa Island SMR 2003","KFM","pooled"
"pooled",-3.45639907696687,-0.183404980184437,-1.84017829998126,"Strongylocentrotus purpuratus",3,"Anacapa Island SMR 2003","KFM","pooled"
"pooled",0.26756965479804,-0.26756965479804,0.142453420895167,"Macrocystis pyrifera",4,"Anacapa Island SMR 2003","KFM","pooled"
"pooled",-1.65054767599733,0.180637493193769,-0.878747490906096,"Mesocentrotus franciscanus",4,"Anacapa Island SMR 2003","KFM","pooled"
"pooled",-2.6977804920661,-0.357937424352189,-1.43629164603564,"Strongylocentrotus purpuratus",4,"Anacapa Island SMR 2003","KFM","pooled"
"pooled",11.2211940664108,-0.200707630140503,5.97413590302424,"Macrocystis pyrifera",5,"Anacapa Island SMR 2003","KFM","pooled"
"pooled",-0.995366780465445,0.0225922174272844,-0.529930806352972,"Mesocentrotus franciscanus",5,"Anacapa Island SMR 2003","KFM","pooled"
"pooled",-1.45014531601478,-0.532469868519941,-0.772053771259423,"Strongylocentrotus purpuratus",5,"Anacapa Island SMR 2003","KFM","pooled"
"pooled",5.13996604081613,-0.133845605482967,2.73650517788316,"Macrocystis pyrifera",6,"Anacapa Island SMR 2003","KFM","pooled"
"pooled",-0.613219102911735,-0.1354530583392,-0.326476330187657,"Mesocentrotus franciscanus",6,"Anacapa Island SMR 2003","KFM","pooled"
"pooled",0.0215383195566117,-0.707002312687694,0.0114669479373081,"Strongylocentrotus purpuratus",6,"Anacapa Island SMR 2003","KFM","pooled"
"pooled",11.0096338297949,-0.0669835808254299,5.86150175751895,"Macrocystis pyrifera",7,"Anacapa Island SMR 2003","KFM","pooled"
"pooled",-0.0849966158729154,-0.293498334105684,-0.0452519875796393,"Mesocentrotus franciscanus",7,"Anacapa Island SMR 2003","KFM","pooled"
"pooled",0.811385322848729,-0.881534756855445,0.431979534417585,"Strongylocentrotus purpuratus",7,"Anacapa Island SMR 2003","KFM","pooled"
"pooled",0.000121556167893333,-0.000121556167893333,6.47162024422489e-05,"Macrocystis pyrifera",8,"Anacapa Island SMR 2003","KFM","pooled"
"pooled",-0.603785290109603,-0.451543609872167,-0.321453791638722,"Mesocentrotus franciscanus",8,"Anacapa Island SMR 2003","KFM","pooled"
"pooled",6.95543229850481,0.267326542462253,3.70305491283986,"Macrocystis pyrifera",12,"Anacapa Island SMR 2003","KFM","pooled"
"pooled",-2.67565895982364,-1.0837247129381,-1.4245141971102,"Mesocentrotus franciscanus",12,"Anacapa Island SMR 2003","KFM","pooled"
"pooled",-3.02909560809949,-1.75419697769421,-1.61268299246414,"Strongylocentrotus purpuratus",12,"Anacapa Island SMR 2003","KFM","pooled"
"pooled",-12.0966197675973,0.33418856711979,-6.44021037610937,"Macrocystis pyrifera",13,"Anacapa Island SMR 2003","KFM","pooled"
"pooled",-1.49217880597915,-1.24176998870459,-0.794432297113214,"Mesocentrotus franciscanus",13,"Anacapa Island SMR 2003","KFM","pooled"
"pooled",-4.15829741941591,-1.92872942186196,-2.21386723745806,"Strongylocentrotus purpuratus",13,"Anacapa Island SMR 2003","KFM","pooled"
"pooled",-6.87541760223504,0.401050591777326,-3.66045528690649,"Macrocystis pyrifera",14,"Anacapa Island SMR 2003","KFM","pooled"
"pooled",-0.870060358433838,-1.39981526447107,-0.463217977904584,"Mesocentrotus franciscanus",14,"Anacapa Island SMR 2003","KFM","pooled"
"pooled",-0.69232335913429,-2.10326186602971,-0.368591240096915,"Strongylocentrotus purpuratus",14,"Anacapa Island SMR 2003","KFM","pooled"
"pooled",-4.62702133725567,0.467912616434862,-2.46341468932459,"Macrocystis pyrifera",15,"Anacapa Island SMR 2003","KFM","pooled"
"pooled",-1.71266390848697,-1.55786054023756,-0.911818019094161,"Mesocentrotus franciscanus",15,"Anacapa Island SMR 2003","KFM","pooled"
"pooled",-3.00470581581341,-2.27779431019746,-1.59969792751461,"Strongylocentrotus purpuratus",15,"Anacapa Island SMR 2003","KFM","pooled"
"pooled",-0.0947526470327445,0.268521922011382,-0.0504460743834157,"Mesocentrotus franciscanus",12,"Gull Island SMR","KFM","pooled"
"pooled",-1.58470220383863,1.83601663211953,-0.843691524763208,"Panulirus interruptus",12,"Gull Island SMR","KFM","pooled"
"pooled",-1.75178912265176,-0.401950342744721,-0.93264818612202,"Strongylocentrotus purpuratus",12,"Gull Island SMR","KFM","pooled"
"pooled",3.45668877775931,1.81933860602828,1.84033253596497,"Macrocystis pyrifera",13,"Gull Island SMR","KFM","pooled"
"pooled",1.96547256512744,0.243380050203898,1.04641272116353,"Mesocentrotus franciscanus",13,"Gull Island SMR","KFM","pooled"
"pooled",-2.88008603364369,1.98214444043774,-1.53335066442648,"Panulirus interruptus",13,"Gull Island SMR","KFM","pooled"
"pooled",-0.778377453032168,-0.443579382953472,-0.414406226355501,"Strongylocentrotus purpuratus",13,"Gull Island SMR","KFM","pooled"
"pooled",2.94502481853948,2.01910403464481,1.56792391251832,"Macrocystis pyrifera",14,"Gull Island SMR","KFM","pooled"
"pooled",2.34671117906513,0.218238178396415,1.24938321411329,"Mesocentrotus franciscanus",14,"Gull Island SMR","KFM","pooled"
"pooled",-0.828989264625678,2.12827224875594,-0.441351829378531,"Panulirus interruptus",14,"Gull Island SMR","KFM","pooled"
"pooled",-0.729322967724207,-0.485208423162223,-0.388289739986203,"Strongylocentrotus purpuratus",14,"Gull Island SMR","KFM","pooled"
"pooled",2.77282600314098,2.21886946326135,1.47624569009012,"Macrocystis pyrifera",15,"Gull Island SMR","KFM","pooled"
"pooled",0.611754863551015,0.193096306588932,0.325696772781937,"Mesocentrotus franciscanus",15,"Gull Island SMR","KFM","pooled"
"pooled",-2.48570915074135,2.27440005707414,-1.3233853896504,"Panulirus interruptus",15,"Gull Island SMR","KFM","pooled"
"pooled",-0.330734459992413,-0.526837463370975,-0.176082206591762,"Strongylocentrotus purpuratus",15,"Gull Island SMR","KFM","pooled"
"pooled",2.75294542789979,2.41863489187789,1.46566132111671,"Macrocystis pyrifera",16,"Gull Island SMR","KFM","pooled"
"pooled",1.91804450744455,0.167954434781448,1.02116214082982,"Mesocentrotus franciscanus",16,"Gull Island SMR","KFM","pooled"
"pooled",-3.59059911804259,2.42052786539234,-1.91162606916098,"Panulirus interruptus",16,"Gull Island SMR","KFM","pooled"
"pooled",0.303185367817113,-0.568466503579727,0.161415138213288,"Strongylocentrotus purpuratus",16,"Gull Island SMR","KFM","pooled"
"pooled",-4.42546957432526,2.81816574911096,-2.35610903039791,"Macrocystis pyrifera",18,"Gull Island SMR","KFM","pooled"
"pooled",-0.166067232028331,0.117670691166481,-0.0884137826424423,"Mesocentrotus franciscanus",18,"Gull Island SMR","KFM","pooled"
"pooled",-0.00473328092653302,2.71278348202874,-0.00251998703123272,"Panulirus interruptus",18,"Gull Island SMR","KFM","pooled"
"pooled",-0.4438665543367,-0.65172458399723,-0.236313453160223,"Strongylocentrotus purpuratus",18,"Gull Island SMR","KFM","pooled"
"pooled",1.28685678119811,3.0179311777275,0.685119360123934,"Macrocystis pyrifera",19,"Gull Island SMR","KFM","pooled"
"pooled",-0.0470664452822397,0.0925288193589969,-0.0250580587880602,"Mesocentrotus franciscanus",19,"Gull Island SMR","KFM","pooled"
"pooled",-1.65060008442241,2.85891129034694,-0.878775393021688,"Panulirus interruptus",19,"Gull Island SMR","KFM","pooled"
"pooled",-2.47765296062656,-0.693353624205982,-1.319096294005,"Strongylocentrotus purpuratus",19,"Gull Island SMR","KFM","pooled"
"pooled",-0.563105809844671,-0.577846537370169,-0.299796137192253,"Macrocystis pyrifera",1,"Gull Island SMR","KFM","pooled"
"pooled",-0.310409145358055,0.545082511893701,-0.165261059467959,"Mesocentrotus franciscanus",1,"Gull Island SMR","KFM","pooled"
"pooled",-3.29877255434978,0.0559690995515473,-1.7562583301044,"Strongylocentrotus purpuratus",1,"Gull Island SMR","KFM","pooled"
"pooled",0.313886845532988,-0.378081108753632,0.167112578419691,"Macrocystis pyrifera",2,"Gull Island SMR","KFM","pooled"
"pooled",1.84229723189639,0.519940640086217,0.980834479109479,"Mesocentrotus franciscanus",2,"Gull Island SMR","KFM","pooled"
"pooled",-1.71252658731363,0.0143400593427957,-0.911744909641897,"Strongylocentrotus purpuratus",2,"Gull Island SMR","KFM","pooled"
"pooled",7.4026616343452,-0.178315680137095,3.94115870253614,"Macrocystis pyrifera",3,"Gull Island SMR","KFM","pooled"
"pooled",-0.101151303808075,0.494798768278734,-0.0538527033879934,"Mesocentrotus franciscanus",3,"Gull Island SMR","KFM","pooled"
"pooled",-2.37441479988004,-0.027288980865956,-1.26413255315641,"Strongylocentrotus purpuratus",3,"Gull Island SMR","KFM","pooled"
"pooled",0.346940212406154,0.0214497484794422,0.184710109001922,"Macrocystis pyrifera",4,"Gull Island SMR","KFM","pooled"
"pooled",2.21242658754017,0.46965689647125,1.177890430484,"Mesocentrotus franciscanus",4,"Gull Island SMR","KFM","pooled"
"pooled",0.0881270355055769,-0.0689180210747075,0.0469186152315926,"Strongylocentrotus purpuratus",4,"Gull Island SMR","KFM","pooled"
"pooled",0.386623152840735,0.221215177095979,0.205837208113187,"Macrocystis pyrifera",5,"Gull Island SMR","KFM","pooled"
"pooled",1.19419222017193,0.444515024663767,0.635784977553938,"Mesocentrotus franciscanus",5,"Gull Island SMR","KFM","pooled"
"pooled",-0.445024221618623,-0.110547061283459,-0.2369297923512,"Strongylocentrotus purpuratus",5,"Gull Island SMR","KFM","pooled"
"pooled",1.78748731185499,0.420980605712516,0.951653813556125,"Macrocystis pyrifera",6,"Gull Island SMR","KFM","pooled"
"pooled",0.554701428953473,0.419373152856283,0.295321665640684,"Mesocentrotus franciscanus",6,"Gull Island SMR","KFM","pooled"
"pooled",-2.15914306993559,-0.152176101492211,-1.14952241780398,"Strongylocentrotus purpuratus",6,"Gull Island SMR","KFM","pooled"
"pooled",-1.5660389956896,0.620746034329053,-0.833755279011743,"Macrocystis pyrifera",7,"Gull Island SMR","KFM","pooled"
"pooled",0.80305946743181,0.3942312810488,0.427546869633853,"Mesocentrotus franciscanus",7,"Gull Island SMR","KFM","pooled"
"pooled",-0.180997323023938,-0.193805141700962,-0.0963625260760192,"Strongylocentrotus purpuratus",7,"Gull Island SMR","KFM","pooled"
"pooled",6.1133161942634,0.82051146294559,3.25471438659204,"Macrocystis pyrifera",8,"Gull Island SMR","KFM","pooled"
"pooled",0.695882946376944,0.369089409241316,0.3704863555205,"Mesocentrotus franciscanus",8,"Gull Island SMR","KFM","pooled"
"pooled",0.751279550742561,-0.235434181909714,0.399979370353645,"Strongylocentrotus purpuratus",8,"Gull Island SMR","KFM","pooled"
"pooled",1.41740320150016,1.02027689156213,0.754621950661273,"Macrocystis pyrifera",9,"Gull Island SMR","KFM","pooled"
"pooled",1.14175652005269,0.343947537433832,0.607868340801322,"Mesocentrotus franciscanus",9,"Gull Island SMR","KFM","pooled"
"pooled",3.18380656611041,-0.277063222118466,1.69505072297251,"Strongylocentrotus purpuratus",9,"Gull Island SMR","KFM","pooled"
"pooled",-3.77536090039967,1.22004232017866,-2.00999278405367,"Macrocystis pyrifera",10,"Gull Island SMR","KFM","pooled"
"pooled",1.29673293765415,0.318805665626349,0.690377401337615,"Mesocentrotus franciscanus",10,"Gull Island SMR","KFM","pooled"
"pooled",1.69748601146795,-0.318692262327217,0.90373734434804,"Strongylocentrotus purpuratus",10,"Gull Island SMR","KFM","pooled"
"pooled",-2.42401450910557,1.4198077487952,-1.29053931538779,"Macrocystis pyrifera",11,"Gull Island SMR","KFM","pooled"
"pooled",0.343394579207286,0.293663793818865,0.182822422676657,"Mesocentrotus franciscanus",11,"Gull Island SMR","KFM","pooled"
"pooled",-0.664469608285042,-0.360321302535969,-0.353761972195695,"Strongylocentrotus purpuratus",11,"Gull Island SMR","KFM","pooled"
"pooled",7.69691857624345,1.61957317741174,4.09782036892426,"Macrocystis pyrifera",12,"Gull Island SMR","KFM","pooled"
"pooled",1.31575494682829,0.268521922011382,0.70050467186536,"Mesocentrotus franciscanus",12,"Gull Island SMR","KFM","pooled"
"pooled",-1.22255009007283,-0.401950342744721,-0.650882637188518,"Strongylocentrotus purpuratus",12,"Gull Island SMR","KFM","pooled"
"pooled",7.48320675212924,1.81933860602828,3.98404072356876,"Macrocystis pyrifera",13,"Gull Island SMR","KFM","pooled"
"pooled",2.77273511199385,0.243380050203898,1.47619729986871,"Mesocentrotus franciscanus",13,"Gull Island SMR","KFM","pooled"
"pooled",-0.211065866915318,-0.443579382953472,-0.112370944302281,"Strongylocentrotus purpuratus",13,"Gull Island SMR","KFM","pooled"
"pooled",6.9696936859659,2.01910403464481,3.71064764016941,"Macrocystis pyrifera",14,"Gull Island SMR","KFM","pooled"
"pooled",2.84344549717876,0.218238178396415,1.51384333364637,"Mesocentrotus franciscanus",14,"Gull Island SMR","KFM","pooled"
"pooled",0.176670119372971,-0.485208423162223,0.0940587335796111,"Strongylocentrotus purpuratus",14,"Gull Island SMR","KFM","pooled"
"pooled",6.79768266799449,2.21886946326135,3.61906940062583,"Macrocystis pyrifera",15,"Gull Island SMR","KFM","pooled"
"pooled",0.62642628979621,0.193096306588932,0.333507803743637,"Mesocentrotus franciscanus",15,"Gull Island SMR","KFM","pooled"
"pooled",0.159151107585958,-0.526837463370975,0.0847316551347611,"Strongylocentrotus purpuratus",15,"Gull Island SMR","KFM","pooled"
"pooled",6.77890755546373,2.41863489187789,3.60907357725895,"Macrocystis pyrifera",16,"Gull Island SMR","KFM","pooled"
"pooled",2.09412626218441,0.167954434781448,1.11490763053735,"Mesocentrotus franciscanus",16,"Gull Island SMR","KFM","pooled"
"pooled",1.22829215367893,-0.568466503579727,0.653939697617525,"Strongylocentrotus purpuratus",16,"Gull Island SMR","KFM","pooled"
"pooled",-4.44430524695968,2.81816574911096,-2.36613709581385,"Macrocystis pyrifera",18,"Gull Island SMR","KFM","pooled"
"pooled",1.28760430748399,0.117670691166481,0.685517341265378,"Mesocentrotus franciscanus",18,"Gull Island SMR","KFM","pooled"
"pooled",0.193678265119292,-0.65172458399723,0.103113828210861,"Strongylocentrotus purpuratus",18,"Gull Island SMR","KFM","pooled"
"pooled",5.30505652071359,3.0179311777275,2.82439894011255,"Macrocystis pyrifera",19,"Gull Island SMR","KFM","pooled"
"pooled",1.51313942668035,0.0925288193589969,0.805591679612047,"Mesocentrotus franciscanus",19,"Gull Island SMR","KFM","pooled"
"pooled",-2.06004069887829,-0.693353624205982,-1.09676056113308,"Strongylocentrotus purpuratus",19,"Gull Island SMR","KFM","pooled"
"pooled",-2.00944045258888,0.0143400593427957,-1.06982111544928,"Strongylocentrotus purpuratus",2,"Gull Island SMR","KFM","pooled"
"pooled",2.9587229289049,-0.178315680137095,1.57521675251853,"Macrocystis pyrifera",3,"Gull Island SMR","KFM","pooled"
"pooled",-1.20504038219798,0.494798768278734,-0.641560512123438,"Mesocentrotus franciscanus",3,"Gull Island SMR","KFM","pooled"
"pooled",-2.13030426968982,0.520866357255721,-1.13416871204604,"Panulirus interruptus",3,"Gull Island SMR","KFM","pooled"
"pooled",-2.60525366772811,-0.027288980865956,-1.38703059413698,"Strongylocentrotus purpuratus",3,"Gull Island SMR","KFM","pooled"
"pooled",0.3450685460093,0.0214497484794422,0.183713638452197,"Macrocystis pyrifera",4,"Gull Island SMR","KFM","pooled"
"pooled",1.30683510062602,0.46965689647125,0.695755767860042,"Mesocentrotus franciscanus",4,"Gull Island SMR","KFM","pooled"
"pooled",-0.666994165573922,0.666994165573922,-0.355106040237785,"Panulirus interruptus",4,"Gull Island SMR","KFM","pooled"
"pooled",0.0689180210747075,-0.0689180210747075,0.0366917835687593,"Strongylocentrotus purpuratus",4,"Gull Island SMR","KFM","pooled"
"pooled",0.379391193111989,0.221215177095979,0.201986930682013,"Macrocystis pyrifera",5,"Gull Island SMR","KFM","pooled"
"pooled",-0.230367036258135,0.444515024663767,-0.122646839011778,"Mesocentrotus franciscanus",5,"Gull Island SMR","KFM","pooled"
"pooled",-0.813121973892124,0.813121973892124,-0.432904123127839,"Panulirus interruptus",5,"Gull Island SMR","KFM","pooled"
"pooled",-1.04832441890285,-0.110547061283459,-0.558125321772264,"Strongylocentrotus purpuratus",5,"Gull Island SMR","KFM","pooled"
"pooled",1.73637505289326,0.420980605712516,0.92444177359489,"Macrocystis pyrifera",6,"Gull Island SMR","KFM","pooled"
"pooled",-0.769046901336032,0.419373152856283,-0.409438663763409,"Mesocentrotus franciscanus",6,"Gull Island SMR","KFM","pooled"
"pooled",-0.371463117308206,0.959249782210325,-0.197766042778198,"Panulirus interruptus",6,"Gull Island SMR","KFM","pooled"
"pooled",-0.557646444250791,-0.577846537370169,-0.296889584484127,"Macrocystis pyrifera",1,"Gull Island SMR","KFM","pooled"
"pooled",-0.796396940174607,0.545082511893701,-0.423999756638875,"Mesocentrotus franciscanus",1,"Gull Island SMR","KFM","pooled"
"pooled",-0.228610740619318,0.228610740619318,-0.121711791567622,"Panulirus interruptus",1,"Gull Island SMR","KFM","pooled"
"pooled",-3.97463664769836,0.0559690995515473,-2.11608669790039,"Strongylocentrotus purpuratus",1,"Gull Island SMR","KFM","pooled"
"pooled",0.314136377017006,-0.378081108753632,0.167245428363181,"Macrocystis pyrifera",2,"Gull Island SMR","KFM","pooled"
"pooled",1.32588605041211,0.519940640086217,0.705898446297847,"Mesocentrotus franciscanus",2,"Gull Island SMR","KFM","pooled"
"pooled",-0.374738548937519,0.374738548937519,-0.199509874457676,"Panulirus interruptus",2,"Gull Island SMR","KFM","pooled"
"pooled",1.25853028267201,-0.318692262327217,0.670038402531521,"Strongylocentrotus purpuratus",10,"Gull Island SMR","KFM","pooled"
"pooled",-2.39966280092404,1.4198077487952,-1.27757452632111,"Macrocystis pyrifera",11,"Gull Island SMR","KFM","pooled"
"pooled",-0.993120143572075,0.293663793818865,-0.528734702440474,"Mesocentrotus franciscanus",11,"Gull Island SMR","KFM","pooled"
"pooled",-1.17906320003534,1.68988882380133,-0.627730324738857,"Panulirus interruptus",11,"Gull Island SMR","KFM","pooled"
"pooled",-0.551031147697604,-0.360321302535969,-0.29336761699888,"Strongylocentrotus purpuratus",11,"Gull Island SMR","KFM","pooled"
"pooled",3.67033104723918,1.61957317741174,1.95407515060558,"Macrocystis pyrifera",12,"Gull Island SMR","KFM","pooled"
"pooled",-0.670792329935035,0.369089409241316,-0.357128173527791,"Mesocentrotus franciscanus",8,"Gull Island SMR","KFM","pooled"
"pooled",-1.25150539884673,1.25150539884673,-0.666298371798001,"Panulirus interruptus",8,"Gull Island SMR","KFM","pooled"
"pooled",0.523304915809088,-0.235434181909714,0.278606239876228,"Strongylocentrotus purpuratus",8,"Gull Island SMR","KFM","pooled"
"pooled",1.29363364220674,1.02027689156213,0.688727344124732,"Macrocystis pyrifera",9,"Gull Island SMR","KFM","pooled"
"pooled",-2.04504847584401,-0.152176101492211,-1.08877873875615,"Strongylocentrotus purpuratus",6,"Gull Island SMR","KFM","pooled"
"pooled",-1.55768536609828,0.620746034329053,-0.829307827326412,"Macrocystis pyrifera",7,"Gull Island SMR","KFM","pooled"
"pooled",-0.215183049599814,0.3942312810488,-0.114562922156793,"Mesocentrotus franciscanus",7,"Gull Island SMR","KFM","pooled"
"pooled",-1.10537759052853,1.10537759052853,-0.588500288907947,"Panulirus interruptus",7,"Gull Island SMR","KFM","pooled"
"pooled",-0.366326243049183,-0.193805141700962,-0.195031183657277,"Strongylocentrotus purpuratus",7,"Gull Island SMR","KFM","pooled"
"pooled",1.74323986736319,0.82051146294559,0.928096583800441,"Macrocystis pyrifera",8,"Gull Island SMR","KFM","pooled"
"pooled",-3.75347993633094,1.22004232017866,-1.99834341302755,"Macrocystis pyrifera",10,"Gull Island SMR","KFM","pooled"
"pooled",0.622240165584945,0.343947537433832,0.331279121591184,"Mesocentrotus franciscanus",9,"Gull Island SMR","KFM","pooled"
"pooled",-3.00707111959903,1.39763320716493,-1.60095720938636,"Panulirus interruptus",9,"Gull Island SMR","KFM","pooled"
"pooled",3.03992165971567,-0.277063222118466,1.61844675550624,"Strongylocentrotus purpuratus",9,"Gull Island SMR","KFM","pooled"
"pooled",0.296203310624453,0.318805665626349,0.157697908272804,"Mesocentrotus franciscanus",10,"Gull Island SMR","KFM","pooled"
"pooled",-2.64237330415124,1.54376101548313,-1.40679299654711,"Panulirus interruptus",10,"Gull Island SMR","KFM","pooled"
"pooled",-4.39137203050832,0.552714252925173,-2.33795558259938,"Macrocystis pyrifera",10,"Harris Point SMR","KFM","pooled"
"pooled",-4.97022537393397,0.679824582581206,-2.64613566763118,"Macrocystis pyrifera",11,"Harris Point SMR","KFM","pooled"
"pooled",2.35366924722404,-0.348522401627142,1.25308767235168,"Mesocentrotus franciscanus",10,"Harris Point SMR","KFM","pooled"
"pooled",-0.87643294822964,0.87643294822964,-0.466610728913882,"Panulirus interruptus",10,"Harris Point SMR","KFM","pooled"
"pooled",1.29258136362996,-0.986020329580709,0.688167113619107,"Strongylocentrotus purpuratus",10,"Harris Point SMR","KFM","pooled"
"pooled",-5.28633487114757,0.171383263957073,-2.81443158029556,"Macrocystis pyrifera",7,"Harris Point SMR","KFM","pooled"
"pooled",3.22085470721365,-0.0551314893231812,1.71477506145158,"Mesocentrotus franciscanus",7,"Harris Point SMR","KFM","pooled"
"pooled",-0.656014820156546,0.656014820156546,-0.349260663955951,"Panulirus interruptus",7,"Harris Point SMR","KFM","pooled"
"pooled",-2.98560761797129,-0.643167912072943,-1.58953009432891,"Strongylocentrotus purpuratus",7,"Harris Point SMR","KFM","pooled"
"pooled",-5.04635600857367,0.298493593613106,-2.68666742878149,"Macrocystis pyrifera",8,"Harris Point SMR","KFM","pooled"
"pooled",2.79870173167187,-0.152928460091168,1.49002186381266,"Mesocentrotus franciscanus",8,"Harris Point SMR","KFM","pooled"
"pooled",-0.729487529514244,0.729487529514244,-0.388377352275261,"Panulirus interruptus",8,"Harris Point SMR","KFM","pooled"
"pooled",0.308903356997722,-0.757452051242198,0.164459381477847,"Strongylocentrotus purpuratus",8,"Harris Point SMR","KFM","pooled"
"pooled",-1.98428109227839,0.425603923269139,-1.05642633439136,"Macrocystis pyrifera",9,"Harris Point SMR","KFM","pooled"
"pooled",2.45107501073851,-0.250725430859155,1.30494625937275,"Mesocentrotus franciscanus",9,"Harris Point SMR","KFM","pooled"
"pooled",-0.802960238871942,0.802960238871942,-0.427494040594572,"Panulirus interruptus",9,"Harris Point SMR","KFM","pooled"
"pooled",1.36957461865063,-0.871736190411454,0.729158131721767,"Strongylocentrotus purpuratus",9,"Harris Point SMR","KFM","pooled"
"pooled",1.79806274447886,-0.464168384323095,0.957284147668018,"Macrocystis pyrifera",2,"Harris Point SMR","KFM","pooled"
"pooled",2.41602703202468,0.433853364516755,1.28628680239129,"Mesocentrotus franciscanus",2,"Harris Point SMR","KFM","pooled"
"pooled",-0.288651273368056,0.288651273368056,-0.153677222359398,"Panulirus interruptus",2,"Harris Point SMR","KFM","pooled"
"pooled",3.78531928293098,-0.0717472162266671,2.01529460222598,"Strongylocentrotus purpuratus",2,"Harris Point SMR","KFM","pooled"
"pooled",0.00272040859855127,-0.337058054667061,0.00144833879383207,"Macrocystis pyrifera",3,"Harris Point SMR","KFM","pooled"
"pooled",1.65677594267418,0.336056393748767,0.882063404644651,"Mesocentrotus franciscanus",3,"Harris Point SMR","KFM","pooled"
"pooled",-0.362123982725754,0.362123982725754,-0.192793910678709,"Panulirus interruptus",3,"Harris Point SMR","KFM","pooled"
"pooled",2.34846981664672,-0.186031355395922,1.25031950840198,"Strongylocentrotus purpuratus",3,"Harris Point SMR","KFM","pooled"
"pooled",-0.11923514822503,-0.209947725011028,-0.0634804973247748,"Macrocystis pyrifera",4,"Harris Point SMR","KFM","pooled"
"pooled",3.26228040201364,0.23825942298078,1.73682999866661,"Mesocentrotus franciscanus",4,"Harris Point SMR","KFM","pooled"
"pooled",-0.435596692083452,0.435596692083452,-0.231910598998019,"Panulirus interruptus",4,"Harris Point SMR","KFM","pooled"
"pooled",1.18761868956608,-0.300315494565177,0.632285246155512,"Strongylocentrotus purpuratus",4,"Harris Point SMR","KFM","pooled"
"pooled",-4.63403660457945,-0.0828373953549943,-2.46714960025655,"Macrocystis pyrifera",5,"Harris Point SMR","KFM","pooled"
"pooled",3.68672861769866,0.140462452212793,1.96280517646776,"Mesocentrotus franciscanus",5,"Harris Point SMR","KFM","pooled"
"pooled",-0.50906940144115,0.50906940144115,-0.27102728731733,"Panulirus interruptus",5,"Harris Point SMR","KFM","pooled"
"pooled",1.33465684840406,-0.414599633734433,0.710567997405491,"Strongylocentrotus purpuratus",5,"Harris Point SMR","KFM","pooled"
"pooled",-5.35917166098435,0.044272934301039,-2.85320970663841,"Macrocystis pyrifera",6,"Harris Point SMR","KFM","pooled"
"pooled",3.04655713519652,0.0426654814448059,1.62197946620255,"Mesocentrotus franciscanus",6,"Harris Point SMR","KFM","pooled"
"pooled",-0.582542110798848,0.582542110798848,-0.31014397563664,"Panulirus interruptus",6,"Harris Point SMR","KFM","pooled"
"pooled",-2.34279585198032,-0.528883772903688,-1.24729870367964,"Strongylocentrotus purpuratus",6,"Harris Point SMR","KFM","pooled"
"pooled",3.24026922163428,-0.44631937239513,1.72511130079952,"Mesocentrotus franciscanus",11,"Harris Point SMR","KFM","pooled"
"pooled",-0.949905657587338,0.949905657587338,-0.505727417233193,"Panulirus interruptus",11,"Harris Point SMR","KFM","pooled"
"pooled",2.82550770513696,-1.10030446874996,1.50429329763206,"Strongylocentrotus purpuratus",11,"Harris Point SMR","KFM","pooled"
"pooled",-5.09636667709771,0.80693491223724,-2.7132929847246,"Macrocystis pyrifera",12,"Harris Point SMR","KFM","pooled"
"pooled",4.30752884913962,-0.544116343163117,2.29331768069036,"Mesocentrotus franciscanus",12,"Harris Point SMR","KFM","pooled"
"pooled",-1.02337836694504,1.02337836694504,-0.544844105552503,"Panulirus interruptus",12,"Harris Point SMR","KFM","pooled"
"pooled",4.74227964376885,-1.21458860791922,2.52477792598078,"Strongylocentrotus purpuratus",12,"Harris Point SMR","KFM","pooled"
"pooled",-5.25827790915735,0.934045241893273,-2.79949412328666,"Macrocystis pyrifera",13,"Harris Point SMR","KFM","pooled"
"pooled",1.66861963631873,-0.641913313931104,0.888368957779868,"Mesocentrotus franciscanus",13,"Harris Point SMR","KFM","pooled"
"pooled",-1.09685107630273,1.09685107630273,-0.583960793871814,"Panulirus interruptus",13,"Harris Point SMR","KFM","pooled"
"pooled",4.10042272403905,-1.32887274708847,2.18305489311385,"Strongylocentrotus purpuratus",13,"Harris Point SMR","KFM","pooled"
"pooled",-6.29312142705216,1.06115557154931,-3.3504422467821,"Macrocystis pyrifera",14,"Harris Point SMR","KFM","pooled"
"pooled",3.62501874063871,-0.739710284699091,1.92995099090309,"Mesocentrotus franciscanus",14,"Harris Point SMR","KFM","pooled"
"pooled",-1.17032378566043,1.17032378566043,-0.623077482191124,"Panulirus interruptus",14,"Harris Point SMR","KFM","pooled"
"pooled",5.68557443065107,-1.44315688625773,3.02698573203926,"Strongylocentrotus purpuratus",14,"Harris Point SMR","KFM","pooled"
"pooled",-5.06363437503053,1.18826590120534,-2.69586638824914,"Macrocystis pyrifera",15,"Harris Point SMR","KFM","pooled"
"pooled",0.78004081759882,-0.837507255467078,0.415291797527218,"Mesocentrotus franciscanus",15,"Harris Point SMR","KFM","pooled"
"pooled",-1.24379649501813,1.24379649501813,-0.662194170510435,"Panulirus interruptus",15,"Harris Point SMR","KFM","pooled"
"pooled",3.53216062298026,-1.55744102542699,1.88051355926191,"Strongylocentrotus purpuratus",15,"Harris Point SMR","KFM","pooled"
"pooled",-1.31537623086137,1.31537623086137,-0.700303044423432,"Macrocystis pyrifera",16,"Harris Point SMR","KFM","pooled"
"pooled",1.63401212547971,-0.935304226235065,0.869944004803017,"Mesocentrotus franciscanus",16,"Harris Point SMR","KFM","pooled"
"pooled",-1.31726920437583,1.31726920437583,-0.701310858829745,"Panulirus interruptus",16,"Harris Point SMR","KFM","pooled"
"pooled",3.21479903054741,-1.67172516459624,1.71155103420682,"Strongylocentrotus purpuratus",16,"Harris Point SMR","KFM","pooled"
"pooled",-1.56959689017344,1.56959689017344,-0.835649493214732,"Macrocystis pyrifera",18,"Harris Point SMR","KFM","pooled"
"pooled",1.5374345132607,-1.13089816777104,0.818526323478622,"Mesocentrotus franciscanus",18,"Harris Point SMR","KFM","pooled"
"pooled",-0.365602334423113,1.46421462309122,-0.194645776499365,"Panulirus interruptus",18,"Harris Point SMR","KFM","pooled"
"pooled",3.61131048013032,-1.90029344293475,1.92265274699193,"Strongylocentrotus purpuratus",18,"Harris Point SMR","KFM","pooled"
"pooled",-1.69670721982947,1.69670721982947,-0.903322717610382,"Macrocystis pyrifera",19,"Harris Point SMR","KFM","pooled"
"pooled",1.6208632185037,-1.22869513853903,0.862943559325827,"Mesocentrotus franciscanus",19,"Harris Point SMR","KFM","pooled"
"pooled",-1.53768733244892,1.53768733244892,-0.818660923787677,"Panulirus interruptus",19,"Harris Point SMR","KFM","pooled"
"pooled",3.15261641792935,-2.01457758210401,1.67844516540294,"Strongylocentrotus purpuratus",19,"Harris Point SMR","KFM","pooled"
"pooled",-2.47932701358831,-0.528883772903688,-1.31998755565178,"Strongylocentrotus purpuratus",6,"Harris Point SMR","KFM","pooled"
"pooled",-9.5286054996466,0.171383263957073,-5.07300594609545,"Macrocystis pyrifera",7,"Harris Point SMR","KFM","pooled"
"pooled",2.74118032388492,-0.0551314893231812,1.4593976089055,"Mesocentrotus franciscanus",7,"Harris Point SMR","KFM","pooled"
"pooled",-3.8077949432802,-0.643167912072943,-2.02726058807756,"Strongylocentrotus purpuratus",7,"Harris Point SMR","KFM","pooled"
"pooled",-9.04854020664583,0.298493593613106,-4.81742037420906,"Macrocystis pyrifera",8,"Harris Point SMR","KFM","pooled"
"pooled",2.31743923081975,-0.152928460091168,1.23379890143416,"Mesocentrotus franciscanus",8,"Harris Point SMR","KFM","pooled"
"pooled",-0.379417517639042,-0.757452051242198,-0.202000945794956,"Strongylocentrotus purpuratus",8,"Harris Point SMR","KFM","pooled"
"pooled",-2.05554759742726,0.425603923269139,-1.09436844505919,"Macrocystis pyrifera",9,"Harris Point SMR","KFM","pooled"
"pooled",1.83419161003522,-0.250725430859155,0.976519066124853,"Mesocentrotus franciscanus",9,"Harris Point SMR","KFM","pooled"
"pooled",0.822063923614604,-0.871736190411454,0.437664794992522,"Strongylocentrotus purpuratus",9,"Harris Point SMR","KFM","pooled"
"pooled",-9.02981192229225,0.552714252925173,-4.80744948204762,"Macrocystis pyrifera",10,"Harris Point SMR","KFM","pooled"
"pooled",1.63624998774186,-0.348522401627142,0.87113543712361,"Mesocentrotus franciscanus",10,"Harris Point SMR","KFM","pooled"
"pooled",0.345506505109446,-0.986020329580709,0.183946806791391,"Strongylocentrotus purpuratus",10,"Harris Point SMR","KFM","pooled"
"pooled",-8.96741663371099,0.679824582581206,-4.77423038508817,"Macrocystis pyrifera",11,"Harris Point SMR","KFM","pooled"
"pooled",2.82004778695609,-0.44631937239513,1.50138645072798,"Mesocentrotus franciscanus",11,"Harris Point SMR","KFM","pooled"
"pooled",1.8214902956252,-1.10030446874996,0.96975691782019,"Strongylocentrotus purpuratus",11,"Harris Point SMR","KFM","pooled"
"pooled",-9.09354471809489,0.80693491223724,-4.84138066453598,"Macrocystis pyrifera",12,"Harris Point SMR","KFM","pooled"
"pooled",3.77272510592236,-0.544116343163117,2.00858949360822,"Mesocentrotus franciscanus",12,"Harris Point SMR","KFM","pooled"
"pooled",3.81899152971704,-1.21458860791922,2.0332216229396,"Strongylocentrotus purpuratus",12,"Harris Point SMR","KFM","pooled"
"pooled",-9.25592263441227,0.934045241893273,-4.92783026463992,"Macrocystis pyrifera",13,"Harris Point SMR","KFM","pooled"
"pooled",0.399004361540545,-0.641913313931104,0.212428932931296,"Mesocentrotus franciscanus",13,"Harris Point SMR","KFM","pooled"
"pooled",3.27798290329147,-1.32887274708847,1.7451899714196,"Strongylocentrotus purpuratus",13,"Harris Point SMR","KFM","pooled"
"pooled",-10.2985951671699,1.06115557154931,-5.48294653623977,"Macrocystis pyrifera",14,"Harris Point SMR","KFM","pooled"
"pooled",2.3768748021288,-0.739710284699091,1.26544225225518,"Mesocentrotus franciscanus",14,"Harris Point SMR","KFM","pooled"
"pooled",4.50040013468502,-1.44315688625773,2.39600187497663,"Strongylocentrotus purpuratus",14,"Harris Point SMR","KFM","pooled"
"pooled",-9.05378701500538,1.18826590120534,-4.82021376197257,"Macrocystis pyrifera",15,"Harris Point SMR","KFM","pooled"
"pooled",-0.0174786592730368,-0.837507255467078,-0.00930559486644512,"Mesocentrotus franciscanus",15,"Harris Point SMR","KFM","pooled"
"pooled",2.34537096638746,-1.55744102542699,1.24866968820616,"Strongylocentrotus purpuratus",15,"Harris Point SMR","KFM","pooled"
"pooled",-1.31537623086137,1.31537623086137,-0.700303044423432,"Macrocystis pyrifera",16,"Harris Point SMR","KFM","pooled"
"pooled",1.25672592875974,-0.935304226235065,0.669077768981718,"Mesocentrotus franciscanus",16,"Harris Point SMR","KFM","pooled"
"pooled",2.3420303300176,-1.67172516459624,1.24689114168446,"Strongylocentrotus purpuratus",16,"Harris Point SMR","KFM","pooled"
"pooled",-1.56959689017344,1.56959689017344,-0.835649493214732,"Macrocystis pyrifera",18,"Harris Point SMR","KFM","pooled"
"pooled",0.62292213010113,-1.13089816777104,0.331642197808974,"Mesocentrotus franciscanus",18,"Harris Point SMR","KFM","pooled"
"pooled",2.86877595207665,-1.90029344293475,1.52732920503847,"Strongylocentrotus purpuratus",18,"Harris Point SMR","KFM","pooled"
"pooled",-1.69670721982947,1.69670721982947,-0.903322717610382,"Macrocystis pyrifera",19,"Harris Point SMR","KFM","pooled"
"pooled",0.2782293785452,-1.22869513853903,0.148128631392137,"Mesocentrotus franciscanus",19,"Harris Point SMR","KFM","pooled"
"pooled",2.38659499650374,-2.01457758210401,1.27061725964352,"Strongylocentrotus purpuratus",19,"Harris Point SMR","KFM","pooled"
"pooled",2.01230524979219,-0.591278713979128,1.07134632637834,"Macrocystis pyrifera",1,"Harris Point SMR","KFM","pooled"
"pooled",-0.203652725654502,0.531650335284742,-0.108424206272591,"Mesocentrotus franciscanus",1,"Harris Point SMR","KFM","pooled"
"pooled",-0.215178564010359,0.215178564010359,-0.114560534040088,"Panulirus interruptus",1,"Harris Point SMR","KFM","pooled"
"pooled",0.640606326552838,0.0425369229425881,0.341057220159806,"Strongylocentrotus purpuratus",1,"Harris Point SMR","KFM","pooled"
"pooled",2.02531966635955,-0.591278713979128,1.07827516949538,"Macrocystis pyrifera",1,"Harris Point SMR","KFM","pooled"
"pooled",-0.738976004952178,0.531650335284742,-0.393428993075985,"Mesocentrotus franciscanus",1,"Harris Point SMR","KFM","pooled"
"pooled",0.139103805223936,0.0425369229425881,0.0740585210555419,"Strongylocentrotus purpuratus",1,"Harris Point SMR","KFM","pooled"
"pooled",1.80971765321562,-0.464168384323095,0.963489192186334,"Macrocystis pyrifera",2,"Harris Point SMR","KFM","pooled"
"pooled",1.83235689453441,0.433853364516755,0.975542268140578,"Mesocentrotus franciscanus",2,"Harris Point SMR","KFM","pooled"
"pooled",3.47095650022488,-0.0717472162266671,1.8479286360352,"Strongylocentrotus purpuratus",2,"Harris Point SMR","KFM","pooled"
"pooled",0.000872208872376268,-0.337058054667061,0.000464361841401254,"Macrocystis pyrifera",3,"Harris Point SMR","KFM","pooled"
"pooled",1.21696224345702,0.336056393748767,0.647907681502829,"Mesocentrotus franciscanus",3,"Harris Point SMR","KFM","pooled"
"pooled",1.52210741737901,-0.186031355395922,0.81036621562789,"Strongylocentrotus purpuratus",3,"Harris Point SMR","KFM","pooled"
"pooled",-0.120755451499822,-0.209947725011028,-0.0642899030193619,"Macrocystis pyrifera",4,"Harris Point SMR","KFM","pooled"
"pooled",2.71157198313882,0.23825942298078,1.44363420169292,"Mesocentrotus franciscanus",4,"Harris Point SMR","KFM","pooled"
"pooled",0.560688720592377,-0.300315494565177,0.298509284866424,"Strongylocentrotus purpuratus",4,"Harris Point SMR","KFM","pooled"
"pooled",-8.63595052793356,-0.0828373953549943,-4.59775865209426,"Macrocystis pyrifera",5,"Harris Point SMR","KFM","pooled"
"pooled",3.22742195067591,0.140462452212793,1.71827144559034,"Mesocentrotus franciscanus",5,"Harris Point SMR","KFM","pooled"
"pooled",1.40704486068416,-0.414599633734433,0.749107195689706,"Strongylocentrotus purpuratus",5,"Harris Point SMR","KFM","pooled"
"pooled",-9.36506504435412,0.044272934301039,-4.98593741312316,"Macrocystis pyrifera",6,"Harris Point SMR","KFM","pooled"
"pooled",2.64397977961997,0.0426654814448059,1.40764828010413,"Mesocentrotus franciscanus",6,"Harris Point SMR","KFM","pooled"
"pooled",0.399491887095461,-0.399491887095461,0.212688490328132,"Macrocystis pyrifera",1,"Scorpion SMR","KFM","pooled"
"pooled",-0.256817630906914,0.723437162168409,-0.136729070030367,"Mesocentrotus franciscanus",1,"Scorpion SMR","KFM","pooled"
"pooled",0.691646897774084,0.406965390894026,0.368231093745725,"Panulirus interruptus",1,"Scorpion SMR","KFM","pooled"
"pooled",0.399927019497748,0.234323749826255,0.212920153740393,"Strongylocentrotus purpuratus",1,"Scorpion SMR","KFM","pooled"
"pooled",0.18720795464879,-0.18720795464879,0.0996690509566065,"Macrocystis pyrifera",2,"Scorpion SMR","KFM","pooled"
"pooled",-0.292103459332875,0.71081379419106,-0.155515157608916,"Mesocentrotus franciscanus",2,"Scorpion SMR","KFM","pooled"
"pooled",1.38029844601295,0.565611703042361,0.734867470824529,"Panulirus interruptus",2,"Scorpion SMR","KFM","pooled"
"pooled",0.375138472966963,0.205213213447638,0.199722793019519,"Strongylocentrotus purpuratus",2,"Scorpion SMR","KFM","pooled"
"pooled",-0.0250759777978815,0.0250759777978815,-0.0133503884149184,"Macrocystis pyrifera",3,"Scorpion SMR","KFM","pooled"
"pooled",0.4429814768732,0.69819042621371,0.235842240112809,"Mesocentrotus franciscanus",3,"Scorpion SMR","KFM","pooled"
"pooled",1.22165213386461,0.724258015190697,0.650404567529344,"Panulirus interruptus",3,"Scorpion SMR","KFM","pooled"
"pooled",1.00153966095824,0.17610267706902,0.533217232624439,"Strongylocentrotus purpuratus",3,"Scorpion SMR","KFM","pooled"
"pooled",1.57491390584663,0.237359910244553,0.838480259177974,"Macrocystis pyrifera",4,"Scorpion SMR","KFM","pooled"
"pooled",-0.0222728408260972,0.685567058236361,-0.0118580052402651,"Mesocentrotus franciscanus",4,"Scorpion SMR","KFM","pooled"
"pooled",1.51499094545934,0.882904327339033,0.806577423619965,"Panulirus interruptus",4,"Scorpion SMR","KFM","pooled"
"pooled",1.24574692587213,0.146992140690403,0.663232575061882,"Strongylocentrotus purpuratus",4,"Scorpion SMR","KFM","pooled"
"pooled",0.717939826411576,0.449643842691224,0.382229383770767,"Macrocystis pyrifera",5,"Scorpion SMR","KFM","pooled"
"pooled",-0.540675721681261,0.672943690259012,-0.287854413859427,"Mesocentrotus franciscanus",5,"Scorpion SMR","KFM","pooled"
"pooled",2.45495692197911,1.04155063948737,1.30701297929378,"Panulirus interruptus",5,"Scorpion SMR","KFM","pooled"
"pooled",0.59301752170661,0.117881604311786,0.315721058434836,"Strongylocentrotus purpuratus",5,"Scorpion SMR","KFM","pooled"
"pooled",-2.55314371360048,0.661927775137896,-1.35928738374275,"Macrocystis pyrifera",6,"Scorpion SMR","KFM","pooled"
"pooled",0.770425801409058,0.660320322281662,0.410172786743921,"Mesocentrotus franciscanus",6,"Scorpion SMR","KFM","pooled"
"pooled",0.325859351859346,1.2001969516357,0.173486711107368,"Panulirus interruptus",6,"Scorpion SMR","KFM","pooled"
"pooled",2.62213220215145,0.0887710679331685,1.39601668402118,"Strongylocentrotus purpuratus",6,"Scorpion SMR","KFM","pooled"
"pooled",-5.36860148606515,0.874211707584567,-2.85823012213439,"Macrocystis pyrifera",7,"Scorpion SMR","KFM","pooled"
"pooled",-0.177693325058578,0.647696954304313,-0.0946034857500473,"Mesocentrotus franciscanus",7,"Scorpion SMR","KFM","pooled"
"pooled",1.47437008027218,1.35884326378404,0.784950975695593,"Panulirus interruptus",7,"Scorpion SMR","KFM","pooled"
"pooled",0.574911348214938,0.0596605315545514,0.30608137655403,"Strongylocentrotus purpuratus",7,"Scorpion SMR","KFM","pooled"
"pooled",-1.08649564003124,1.08649564003124,-0.578447585272544,"Macrocystis pyrifera",8,"Scorpion SMR","KFM","pooled"
"pooled",-0.128255983958512,0.635073586326964,-0.0682831679061523,"Mesocentrotus franciscanus",8,"Scorpion SMR","KFM","pooled"
"pooled",1.77834729007195,1.51748957593238,0.946787688617432,"Panulirus interruptus",8,"Scorpion SMR","KFM","pooled"
"pooled",0.96483881617938,0.030549995175934,0.513677793847507,"Strongylocentrotus purpuratus",8,"Scorpion SMR","KFM","pooled"
"pooled",-1.29877957247791,1.29877957247791,-0.691467024644069,"Macrocystis pyrifera",9,"Scorpion SMR","KFM","pooled"
"pooled",-0.425739924103561,0.622450218349615,-0.226662880160973,"Mesocentrotus franciscanus",9,"Scorpion SMR","KFM","pooled"
"pooled",2.0374361786236,1.67613588808071,1.08472597058729,"Panulirus interruptus",9,"Scorpion SMR","KFM","pooled"
"pooled",0.89069971949969,0.00143945879731666,0.474206322569978,"Strongylocentrotus purpuratus",9,"Scorpion SMR","KFM","pooled"
"pooled",-1.51106350492458,1.51106350492458,-0.804486464015594,"Macrocystis pyrifera",10,"Scorpion SMR","KFM","pooled"
"pooled",-0.355184631998685,0.609826850372266,-0.189099417554634,"Mesocentrotus franciscanus",10,"Scorpion SMR","KFM","pooled"
"pooled",0.730167157232492,1.83478220022905,0.388739184387623,"Panulirus interruptus",10,"Scorpion SMR","KFM","pooled"
"pooled",0.750353777766754,-0.0276710775813004,0.399486491116366,"Strongylocentrotus purpuratus",10,"Scorpion SMR","KFM","pooled"
"pooled",-1.72334743737125,1.72334743737125,-0.917505903387118,"Macrocystis pyrifera",11,"Scorpion SMR","KFM","pooled"
"pooled",-0.113406531016845,0.597203482394916,-0.0603773559725872,"Mesocentrotus franciscanus",11,"Scorpion SMR","KFM","pooled"
"pooled",1.30240835362695,1.99342851237738,0.693398978731875,"Panulirus interruptus",11,"Scorpion SMR","KFM","pooled"
"pooled",2.7873044507219,3.20933496449795,1.48395397968936,"Macrocystis pyrifera",18,"Scorpion SMR","KFM","pooled"
"pooled",-0.764773280690673,0.508839906553472,-0.407163398726351,"Mesocentrotus franciscanus",18,"Scorpion SMR","KFM","pooled"
"pooled",1.21353541612058,3.10395269741573,0.646083247124191,"Panulirus interruptus",18,"Scorpion SMR","KFM","pooled"
"pooled",0.355865548414564,-0.260555368610239,0.18946193576642,"Strongylocentrotus purpuratus",18,"Scorpion SMR","KFM","pooled"
"pooled",1.96752634677821,3.42161889694462,1.04750614942297,"Macrocystis pyrifera",19,"Scorpion SMR","KFM","pooled"
"pooled",-2.2522579252021,0.496216538576122,-1.19909653591122,"Mesocentrotus franciscanus",19,"Scorpion SMR","KFM","pooled"
"pooled",1.75468082725085,3.26259900956407,0.934187722481887,"Panulirus interruptus",19,"Scorpion SMR","KFM","pooled"
"pooled",0.0747754954313671,-0.289665904988856,0.0398102883952565,"Strongylocentrotus purpuratus",19,"Scorpion SMR","KFM","pooled"
"pooled",0.399491887095461,-0.399491887095461,0.212688490328132,"Macrocystis pyrifera",1,"Scorpion SMR","KFM","pooled"
"pooled",-0.460755419343438,0.723437162168409,-0.245305043021421,"Mesocentrotus franciscanus",1,"Scorpion SMR","KFM","pooled"
"pooled",0.209883004181774,0.234323749826255,0.111741191115322,"Strongylocentrotus purpuratus",1,"Scorpion SMR","KFM","pooled"
"pooled",0.18720795464879,-0.18720795464879,0.0996690509566065,"Macrocystis pyrifera",2,"Scorpion SMR","KFM","pooled"
"pooled",-0.549618653969707,0.71081379419106,-0.292615608839794,"Mesocentrotus franciscanus",2,"Scorpion SMR","KFM","pooled"
"pooled",0.306662225578775,0.205213213447638,0.163266208666283,"Strongylocentrotus purpuratus",2,"Scorpion SMR","KFM","pooled"
"pooled",-0.0250759777978815,0.0250759777978815,-0.0133503884149184,"Macrocystis pyrifera",3,"Scorpion SMR","KFM","pooled"
"pooled",0.14986579034577,0.69819042621371,0.0797881752548767,"Mesocentrotus franciscanus",3,"Scorpion SMR","KFM","pooled"
"pooled",0.593744447865347,0.17610267706902,0.316108072119659,"Strongylocentrotus purpuratus",3,"Scorpion SMR","KFM","pooled"
"pooled",1.26583526327203,0.237359910244553,0.67392755609354,"Macrocystis pyrifera",4,"Scorpion SMR","KFM","pooled"
"pooled",0.224800362536277,0.685567058236361,0.11968315572234,"Mesocentrotus franciscanus",4,"Scorpion SMR","KFM","pooled"
"pooled",1.80821313587518,0.146992140690403,0.962688190884058,"Strongylocentrotus purpuratus",4,"Scorpion SMR","KFM","pooled"
"pooled",5.09549090052419,0.449643842691224,2.71282672344796,"Macrocystis pyrifera",5,"Scorpion SMR","KFM","pooled"
"pooled",0.0819749269332882,0.672943690259012,0.0436432478791083,"Mesocentrotus franciscanus",5,"Scorpion SMR","KFM","pooled"
"pooled",0.832477679597367,0.117881604311786,0.443209052861493,"Strongylocentrotus purpuratus",5,"Scorpion SMR","KFM","pooled"
"pooled",-2.56691763998354,0.661927775137896,-1.3666205880028,"Macrocystis pyrifera",6,"Scorpion SMR","KFM","pooled"
"pooled",0.771225126249638,0.660320322281662,0.410598345307478,"Mesocentrotus franciscanus",6,"Scorpion SMR","KFM","pooled"
"pooled",2.48296632473784,0.0887710679331685,1.32192511588574,"Strongylocentrotus purpuratus",6,"Scorpion SMR","KFM","pooled"
"pooled",-9.50272042736931,0.874211707584567,-5.05922479778548,"Macrocystis pyrifera",7,"Scorpion SMR","KFM","pooled"
"pooled",0.233942463396306,0.647696954304313,0.124550387556468,"Mesocentrotus franciscanus",7,"Scorpion SMR","KFM","pooled"
"pooled",0.721703987863092,0.0596605315545514,0.384233413995999,"Strongylocentrotus purpuratus",7,"Scorpion SMR","KFM","pooled"
"pooled",-1.08649564003124,1.08649564003124,-0.578447585272544,"Macrocystis pyrifera",8,"Scorpion SMR","KFM","pooled"
"pooled",0.334790188364203,0.635073586326964,0.178241466322539,"Mesocentrotus franciscanus",8,"Scorpion SMR","KFM","pooled"
"pooled",1.395367349175,0.030549995175934,0.742890117511396,"Strongylocentrotus purpuratus",8,"Scorpion SMR","KFM","pooled"
"pooled",0.335927355389413,-0.0567816139599175,0.178846891227663,"Strongylocentrotus purpuratus",11,"Scorpion SMR","KFM","pooled"
"pooled",2.74656082123215,1.93563136981792,1.46226217235463,"Macrocystis pyrifera",12,"Scorpion SMR","KFM","pooled"
"pooled",-1.59618102609605,0.584580114417567,-0.84980282127645,"Mesocentrotus franciscanus",12,"Scorpion SMR","KFM","pooled"
"pooled",2.02231244536992,2.15207482452572,1.07667413249556,"Panulirus interruptus",12,"Scorpion SMR","KFM","pooled"
"pooled",0.0281511556490185,-0.0858921503385353,0.0149876054793354,"Strongylocentrotus purpuratus",12,"Scorpion SMR","KFM","pooled"
"pooled",2.00454364135779,2.1479153022646,1.0672140652893,"Macrocystis pyrifera",13,"Scorpion SMR","KFM","pooled"
"pooled",-0.939681526565535,0.571956746440218,-0.500284115223346,"Mesocentrotus franciscanus",13,"Scorpion SMR","KFM","pooled"
"pooled",1.97973830447433,2.31072113667406,1.0540077654263,"Panulirus interruptus",13,"Scorpion SMR","KFM","pooled"
"pooled",-0.418295792900897,-0.115002686717152,-0.22269964316307,"Strongylocentrotus purpuratus",13,"Scorpion SMR","KFM","pooled"
"pooled",4.03154927297065,2.36019923471127,2.14638683850595,"Macrocystis pyrifera",14,"Scorpion SMR","KFM","pooled"
"pooled",-0.827597365057548,0.559333378462869,-0.440610785499051,"Mesocentrotus franciscanus",14,"Scorpion SMR","KFM","pooled"
"pooled",2.27556467954086,2.46936744882239,1.2115049941425,"Panulirus interruptus",14,"Scorpion SMR","KFM","pooled"
"pooled",0.0649759025370455,-0.144113223095769,0.0345930094320281,"Strongylocentrotus purpuratus",14,"Scorpion SMR","KFM","pooled"
"pooled",5.26621114243204,2.57248316715794,2.8037177570152,"Macrocystis pyrifera",15,"Scorpion SMR","KFM","pooled"
"pooled",-0.54671001048552,0.54671001048552,-0.291067054259494,"Mesocentrotus franciscanus",15,"Scorpion SMR","KFM","pooled"
"pooled",1.0691644959579,2.62801376097073,0.569220527132721,"Panulirus interruptus",15,"Scorpion SMR","KFM","pooled"
"pooled",0.680268660400471,-0.173223759474387,0.362173348375265,"Strongylocentrotus purpuratus",15,"Scorpion SMR","KFM","pooled"
"pooled",3.02094858215898,2.78476709960461,1.60834553605032,"Macrocystis pyrifera",16,"Scorpion SMR","KFM","pooled"
"pooled",-0.310943091193961,0.53408664250817,-0.165545330907316,"Mesocentrotus franciscanus",16,"Scorpion SMR","KFM","pooled"
"pooled",0.432215751749137,2.78666007311906,0.23011059474556,"Panulirus interruptus",16,"Scorpion SMR","KFM","pooled"
"pooled",0.816700598559835,-0.202334295853004,0.434809374029329,"Strongylocentrotus purpuratus",16,"Scorpion SMR","KFM","pooled"
"pooled",6.10819703205629,3.42161889694462,3.25198895732365,"Macrocystis pyrifera",19,"Scorpion SMR","KFM","pooled"
"pooled",-1.62452014266788,0.496216538576122,-0.864890496685129,"Mesocentrotus franciscanus",19,"Scorpion SMR","KFM","pooled"
"pooled",0.874992423209908,-0.289665904988856,0.465843796964515,"Strongylocentrotus purpuratus",19,"Scorpion SMR","KFM","pooled"
"pooled",6.88258138138577,1.93563136981792,3.66426926516695,"Macrocystis pyrifera",12,"Scorpion SMR","KFM","pooled"
"pooled",-1.29877957247791,1.29877957247791,-0.691467024644069,"Macrocystis pyrifera",9,"Scorpion SMR","KFM","pooled"
"pooled",-0.269027152004561,0.622450218349615,-0.143229388794707,"Mesocentrotus franciscanus",9,"Scorpion SMR","KFM","pooled"
"pooled",1.28685027628829,0.00143945879731666,0.685115896926072,"Strongylocentrotus purpuratus",9,"Scorpion SMR","KFM","pooled"
"pooled",-1.51106350492458,1.51106350492458,-0.804486464015594,"Macrocystis pyrifera",10,"Scorpion SMR","KFM","pooled"
"pooled",-1.02105043308151,0.609826850372266,-0.543604719334635,"Mesocentrotus franciscanus",10,"Scorpion SMR","KFM","pooled"
"pooled",0.711561179082754,-0.0276710775813004,0.378833407745906,"Strongylocentrotus purpuratus",10,"Scorpion SMR","KFM","pooled"
"pooled",-1.72334743737125,1.72334743737125,-0.917505903387118,"Macrocystis pyrifera",11,"Scorpion SMR","KFM","pooled"
"pooled",-0.439129748555821,0.597203482394916,-0.233791589505275,"Mesocentrotus franciscanus",11,"Scorpion SMR","KFM","pooled"
"pooled",0.470232994434699,-0.0567816139599175,0.250350880504599,"Strongylocentrotus purpuratus",11,"Scorpion SMR","KFM","pooled"
"pooled",9.34937098726456,2.57248316715794,4.97758193603508,"Macrocystis pyrifera",15,"Scorpion SMR","KFM","pooled"
"pooled",-1.30741831920662,0.584580114417567,-0.696066271986524,"Mesocentrotus franciscanus",12,"Scorpion SMR","KFM","pooled"
"pooled",0.535548854027784,-0.0858921503385353,0.285124882230492,"Strongylocentrotus purpuratus",12,"Scorpion SMR","KFM","pooled"
"pooled",6.4161895342345,2.1479153022646,3.41596340195364,"Macrocystis pyrifera",13,"Scorpion SMR","KFM","pooled"
"pooled",-0.706090250117168,0.571956746440218,-0.37592069872735,"Mesocentrotus franciscanus",13,"Scorpion SMR","KFM","pooled"
"pooled",0.0535551321772966,-0.115002686717152,0.0285126196051909,"Strongylocentrotus purpuratus",13,"Scorpion SMR","KFM","pooled"
"pooled",8.17507348563423,2.36019923471127,4.35238885731263,"Macrocystis pyrifera",14,"Scorpion SMR","KFM","pooled"
"pooled",0.223521658242853,0.559333378462869,0.119002376726496,"Mesocentrotus franciscanus",14,"Scorpion SMR","KFM","pooled"
"pooled",0.696931131275485,-0.144113223095769,0.371044406561977,"Strongylocentrotus purpuratus",14,"Scorpion SMR","KFM","pooled"
"pooled",6.98709317903831,2.78476709960461,3.7199110871469,"Macrocystis pyrifera",16,"Scorpion SMR","KFM","pooled"
"pooled",0.216558050179566,0.54671001048552,0.115294969056755,"Mesocentrotus franciscanus",15,"Scorpion SMR","KFM","pooled"
"pooled",1.222280770601,-0.173223759474387,0.650739252169371,"Strongylocentrotus purpuratus",15,"Scorpion SMR","KFM","pooled"
"pooled",6.93002811070635,3.20933496449795,3.68952978623428,"Macrocystis pyrifera",18,"Scorpion SMR","KFM","pooled"
"pooled",0.20804593876024,0.53408664250817,0.110763142039079,"Mesocentrotus franciscanus",16,"Scorpion SMR","KFM","pooled"
"pooled",1.40653209365464,-0.202334295853004,0.74883419979437,"Strongylocentrotus purpuratus",16,"Scorpion SMR","KFM","pooled"
"pooled",-0.15077629186217,0.508839906553472,-0.0802729240050266,"Mesocentrotus franciscanus",18,"Scorpion SMR","KFM","pooled"
"pooled",0.780635819534444,-0.260555368610239,0.415608575082703,"Strongylocentrotus purpuratus",18,"Scorpion SMR","KFM","pooled"
"pooled",0.263883046883791,0.168981035412488,0.140490679980917,"Strongylocentrotus purpuratus",2,"South Point SMR","KFM","pooled"
"pooled",-1.36800020634359,1.19651664263499,-0.72831991851255,"Macrocystis pyrifera",10,"South Point SMR","KFM","pooled"
"pooled",0.389518903085803,0.295279988082671,0.207378898364944,"Mesocentrotus franciscanus",10,"South Point SMR","KFM","pooled"
"pooled",-1.52023533793945,1.52023533793945,-0.809369525175253,"Panulirus interruptus",10,"South Point SMR","KFM","pooled"
"pooled",0.178472768649876,-0.342217939870895,0.0950184595857725,"Strongylocentrotus purpuratus",10,"South Point SMR","KFM","pooled"
"pooled",-0.0526340739159813,-0.0459455357690743,-0.0280222504702187,"Macrocystis pyrifera",3,"South Point SMR","KFM","pooled"
"pooled",-0.13193380510988,0.627168912646754,-0.0702412307696278,"Mesocentrotus franciscanus",3,"South Point SMR","KFM","pooled"
"pooled",-0.653236501623741,0.653236501623741,-0.347781494056684,"Panulirus interruptus",3,"South Point SMR","KFM","pooled"
"pooled",0.113608037462765,0.105081163502065,0.0604846375048499,"Strongylocentrotus purpuratus",3,"South Point SMR","KFM","pooled"
"pooled",0.00199933429170851,0.131549061145791,0.00106444062045028,"Macrocystis pyrifera",4,"South Point SMR","KFM","pooled"
"pooled",-0.0109433277212596,0.5797562091376,-0.00582620054971109,"Mesocentrotus franciscanus",4,"South Point SMR","KFM","pooled"
"pooled",-0.777093478240272,0.777093478240272,-0.413722641359337,"Panulirus interruptus",4,"South Point SMR","KFM","pooled"
"pooled",1.1137839336276,0.0411812915916418,0.592975805134124,"Strongylocentrotus purpuratus",4,"South Point SMR","KFM","pooled"
"pooled",-0.190539519988029,0.309043658060657,-0.101442768084091,"Macrocystis pyrifera",5,"South Point SMR","KFM","pooled"
"pooled",0.0189094159412182,0.532343505628445,0.0100673261696635,"Mesocentrotus franciscanus",5,"South Point SMR","KFM","pooled"
"pooled",0.708487457577298,0.900950454856802,0.377196966036319,"Panulirus interruptus",5,"South Point SMR","KFM","pooled"
"pooled",0.498142277033856,-0.022718580318781,0.265209713371805,"Strongylocentrotus purpuratus",5,"South Point SMR","KFM","pooled"
"pooled",0.315762143527172,0.486538254975523,0.168110982422832,"Macrocystis pyrifera",6,"South Point SMR","KFM","pooled"
"pooled",0.317415670405647,0.48493080211929,0.168991316033751,"Mesocentrotus franciscanus",6,"South Point SMR","KFM","pooled"
"pooled",-1.02480743147333,1.02480743147333,-0.545604935964642,"Panulirus interruptus",6,"South Point SMR","KFM","pooled"
"pooled",0.574971220143136,-0.086618452229204,0.306113252220177,"Strongylocentrotus purpuratus",6,"South Point SMR","KFM","pooled"
"pooled",-0.521998648815826,0.664032851890389,-0.27791078656732,"Macrocystis pyrifera",7,"South Point SMR","KFM","pooled"
"pooled",0.267816098053054,0.437518098610135,0.142584626673191,"Mesocentrotus franciscanus",7,"South Point SMR","KFM","pooled"
"pooled",-1.14866440808986,1.14866440808986,-0.611546083267295,"Panulirus interruptus",7,"South Point SMR","KFM","pooled"
"pooled",1.13389534923015,-0.150518324139627,0.603683072943662,"Strongylocentrotus purpuratus",7,"South Point SMR","KFM","pooled"
"pooled",-0.917033948911134,0.841527448805255,-0.488226601024684,"Macrocystis pyrifera",8,"South Point SMR","KFM","pooled"
"pooled",0.41814025574468,0.39010539510098,0.222616835566684,"Mesocentrotus franciscanus",8,"South Point SMR","KFM","pooled"
"pooled",-0.173909096038283,1.27252138470639,-0.0925887716009455,"Panulirus interruptus",8,"South Point SMR","KFM","pooled"
"pooled",0.771704609533655,-0.21441819605005,0.410853621019224,"Strongylocentrotus purpuratus",8,"South Point SMR","KFM","pooled"
"pooled",-1.5017006978702,1.01902204572012,-0.799501728750735,"Macrocystis pyrifera",9,"South Point SMR","KFM","pooled"
"pooled",0.378121021686258,0.342692691591826,0.201310694563776,"Mesocentrotus franciscanus",9,"South Point SMR","KFM","pooled"
"pooled",-1.39637836132292,1.39637836132292,-0.7434283778726,"Panulirus interruptus",9,"South Point SMR","KFM","pooled"
"pooled",1.56954731728363,-0.278318067960473,0.835623100731092,"Strongylocentrotus purpuratus",9,"South Point SMR","KFM","pooled"
"pooled",-1.52312876183099,2.79396801486878,-0.810909976882155,"Macrocystis pyrifera",19,"South Point SMR","KFM","pooled"
"pooled",0.374260221358087,-0.131434343499723,0.199255214040186,"Mesocentrotus franciscanus",19,"South Point SMR","KFM","pooled"
"pooled",-1.78765026710102,2.63494812748823,-0.951740570525136,"Panulirus interruptus",19,"South Point SMR","KFM","pooled"
"pooled",0.0310455129038563,-0.917316787064701,0.0165285541065466,"Strongylocentrotus purpuratus",19,"South Point SMR","KFM","pooled"
"pooled",-0.776281269438683,1.37401123954985,-0.413290223406879,"Macrocystis pyrifera",11,"South Point SMR","KFM","pooled"
"pooled",0.388672370467808,0.247867284573516,0.206928206497722,"Mesocentrotus franciscanus",11,"South Point SMR","KFM","pooled"
"pooled",-0.0346544021218833,1.64409231455598,-0.0184499177795971,"Panulirus interruptus",11,"South Point SMR","KFM","pooled"
"pooled",-0.059066531028469,-0.406117811781318,-0.0314468746905062,"Strongylocentrotus purpuratus",11,"South Point SMR","KFM","pooled"
"pooled",-1.63904219412784,1.55150583646472,-0.872622000881478,"Macrocystis pyrifera",12,"South Point SMR","KFM","pooled"
"pooled",-0.0028735858490628,0.200454581064361,-0.00152988998226991,"Mesocentrotus franciscanus",12,"South Point SMR","KFM","pooled"
"pooled",0.629945981625856,1.76794929117251,0.335381678948239,"Panulirus interruptus",12,"South Point SMR","KFM","pooled"
"pooled",-0.335445462634615,-0.470017683691741,-0.178590332719646,"Strongylocentrotus purpuratus",12,"South Point SMR","KFM","pooled"
"pooled",1.00022655830871,1.72900043337958,0.532518140029078,"Macrocystis pyrifera",13,"South Point SMR","KFM","pooled"
"pooled",-0.514308772789635,0.153041877555206,-0.273816715634585,"Mesocentrotus franciscanus",13,"South Point SMR","KFM","pooled"
"pooled",-1.89180626778904,1.89180626778904,-1.00719296708321,"Panulirus interruptus",13,"South Point SMR","KFM","pooled"
"pooled",-0.28474904455066,-0.533917555602164,-0.151599685410848,"Strongylocentrotus purpuratus",13,"South Point SMR","KFM","pooled"
"pooled",3.08558880480887,1.90649503029445,1.64275983034259,"Macrocystis pyrifera",14,"South Point SMR","KFM","pooled"
"pooled",0.36947836711786,0.105629174046051,0.196709366697158,"Mesocentrotus franciscanus",14,"South Point SMR","KFM","pooled"
"pooled",0.549286113055966,2.01566324440557,0.292438564881705,"Panulirus interruptus",14,"South Point SMR","KFM","pooled"
"pooled",-0.269189387743208,-0.597817427512586,-0.143315762699771,"Strongylocentrotus purpuratus",14,"South Point SMR","KFM","pooled"
"pooled",2.78360500183757,2.08398962720931,1.48198440227447,"Macrocystis pyrifera",15,"South Point SMR","KFM","pooled"
"pooled",0.612661748554406,0.058216470536897,0.326179596109526,"Mesocentrotus franciscanus",15,"South Point SMR","KFM","pooled"
"pooled",1.15631664498223,2.1395202210221,0.61562011521849,"Panulirus interruptus",15,"South Point SMR","KFM","pooled"
"pooled",-0.1641044562634,-0.66171729942301,-0.0873688056910181,"Strongylocentrotus purpuratus",15,"South Point SMR","KFM","pooled"
"pooled",-1.8646040050993,2.26148422412418,-0.992710549863037,"Macrocystis pyrifera",16,"South Point SMR","KFM","pooled"
"pooled",1.08946141457867,0.010803767027742,0.580026556289283,"Mesocentrotus franciscanus",16,"South Point SMR","KFM","pooled"
"pooled",-1.75255157387264,2.26337719763863,-0.933054113261862,"Panulirus interruptus",16,"South Point SMR","KFM","pooled"
"pooled",-0.0502955074321415,-0.725617171333433,-0.0267772034716523,"Strongylocentrotus purpuratus",16,"South Point SMR","KFM","pooled"
"pooled",-2.05248662148102,2.61647341795391,-1.09273878905373,"Macrocystis pyrifera",18,"South Point SMR","KFM","pooled"
"pooled",0.578924265977105,-0.0840216399905677,0.308217844022372,"Mesocentrotus franciscanus",18,"South Point SMR","KFM","pooled"
"pooled",-1.27432852372277,2.5110911508717,-0.678449346902271,"Panulirus interruptus",18,"South Point SMR","KFM","pooled"
"pooled",0.107935850702488,-0.853416915154279,0.0574647793353286,"Strongylocentrotus purpuratus",18,"South Point SMR","KFM","pooled"
"pooled",0.233971573233999,-0.22344013268394,0.124565885561891,"Macrocystis pyrifera",2,"South Point SMR","KFM","pooled"
"pooled",0.892166887583141,0.674581616155909,0.47498743922042,"Mesocentrotus franciscanus",2,"South Point SMR","KFM","pooled"
"pooled",-0.529379525007211,0.529379525007211,-0.281840346754031,"Panulirus interruptus",2,"South Point SMR","KFM","pooled"
"pooled",0.234022917915279,-0.22344013268394,0.124593221342918,"Macrocystis pyrifera",2,"South Point SMR","KFM","pooled"
"pooled",1.23016434745365,0.674581616155909,0.654936448941921,"Mesocentrotus franciscanus",2,"South Point SMR","KFM","pooled"
"pooled",0.676698430717484,0.168981035412488,0.360272566942831,"Strongylocentrotus purpuratus",2,"South Point SMR","KFM","pooled"
"pooled",-0.0531684665088345,-0.0459455357690743,-0.0283067597618663,"Macrocystis pyrifera",3,"South Point SMR","KFM","pooled"
"pooled",0.207621790827978,0.627168912646754,0.110537326731428,"Mesocentrotus franciscanus",3,"South Point SMR","KFM","pooled"
"pooled",0.149662738801325,0.105081163502065,0.0796800711159899,"Strongylocentrotus purpuratus",3,"South Point SMR","KFM","pooled"
"pooled",0.00281857488723852,0.131549061145791,0.00150060228256975,"Macrocystis pyrifera",4,"South Point SMR","KFM","pooled"
"pooled",0.236060996441148,0.5797562091376,0.125678289297587,"Mesocentrotus franciscanus",4,"South Point SMR","KFM","pooled"
"pooled",1.07720640611781,0.0411812915916418,0.573502020165535,"Strongylocentrotus purpuratus",4,"South Point SMR","KFM","pooled"
"pooled",-0.190013407000724,0.309043658060657,-0.101162666833912,"Macrocystis pyrifera",5,"South Point SMR","KFM","pooled"
"pooled",0.359181664860432,0.532343505628445,0.191227427941372,"Mesocentrotus franciscanus",5,"South Point SMR","KFM","pooled"
"pooled",0.396925600781227,-0.022718580318781,0.211322205856393,"Strongylocentrotus purpuratus",5,"South Point SMR","KFM","pooled"
"pooled",0.321079228115575,0.486538254975523,0.170941785076364,"Macrocystis pyrifera",6,"South Point SMR","KFM","pooled"
"pooled",0.78130252001773,0.48493080211929,0.415963524767219,"Mesocentrotus franciscanus",6,"South Point SMR","KFM","pooled"
"pooled",0.298031492551128,-0.086618452229204,0.158671227798406,"Strongylocentrotus purpuratus",6,"South Point SMR","KFM","pooled"
"pooled",-0.520812186650809,0.664032851890389,-0.277279117051967,"Macrocystis pyrifera",7,"South Point SMR","KFM","pooled"
"pooled",0.636059712666245,0.437518098610135,0.33863661419788,"Mesocentrotus franciscanus",7,"South Point SMR","KFM","pooled"
"pooled",0.948749820058448,-0.150518324139627,0.505112052198194,"Strongylocentrotus purpuratus",7,"South Point SMR","KFM","pooled"
"pooled",-0.837964884707215,0.841527448805255,-0.446130427258905,"Macrocystis pyrifera",8,"South Point SMR","KFM","pooled"
"pooled",0.7114848728534,0.39010539510098,0.378792782498565,"Mesocentrotus franciscanus",8,"South Point SMR","KFM","pooled"
"pooled",0.457578056299902,-0.21441819605005,0.243613422813894,"Strongylocentrotus purpuratus",8,"South Point SMR","KFM","pooled"
"pooled",-1.50600400509019,1.01902204572012,-0.801792798846531,"Macrocystis pyrifera",9,"South Point SMR","KFM","pooled"
"pooled",0.837320933359414,0.342692691591826,0.445787589157725,"Mesocentrotus franciscanus",9,"South Point SMR","KFM","pooled"
"pooled",1.5536143112085,-0.278318067960473,0.827140407795457,"Strongylocentrotus purpuratus",9,"South Point SMR","KFM","pooled"
"pooled",-1.51710599865159,1.19651664263499,-0.80770347269619,"Macrocystis pyrifera",10,"South Point SMR","KFM","pooled"
"pooled",0.713202268096789,0.295279988082671,0.379707119468632,"Mesocentrotus franciscanus",10,"South Point SMR","KFM","pooled"
"pooled",0.176542909817062,-0.342217939870895,0.0939910075274043,"Strongylocentrotus purpuratus",10,"South Point SMR","KFM","pooled"
"pooled",-0.77221666542103,1.37401123954985,-0.411126238304249,"Macrocystis pyrifera",11,"South Point SMR","KFM","pooled"
"pooled",0.965562617707974,0.247867284573516,0.514063143986988,"Mesocentrotus franciscanus",11,"South Point SMR","KFM","pooled"
"pooled",-0.0468138440222631,-0.406117811781318,-0.0249235745034605,"Strongylocentrotus purpuratus",11,"South Point SMR","KFM","pooled"
"pooled",-1.63950533382129,1.55150583646472,-0.872868575306121,"Macrocystis pyrifera",12,"South Point SMR","KFM","pooled"
"pooled",0.954977143390799,0.200454581064361,0.508427463702475,"Mesocentrotus franciscanus",12,"South Point SMR","KFM","pooled"
"pooled",-0.718316554878649,-0.470017683691741,-0.382429953072707,"Strongylocentrotus purpuratus",12,"South Point SMR","KFM","pooled"
"pooled",5.26879265793171,1.72900043337958,2.80509214946751,"Macrocystis pyrifera",13,"South Point SMR","KFM","pooled"
"pooled",0.314629610454977,0.153041877555206,0.167508024622804,"Mesocentrotus franciscanus",13,"South Point SMR","KFM","pooled"
"pooled",-0.359140789101285,-0.533917555602164,-0.191205665788536,"Strongylocentrotus purpuratus",13,"South Point SMR","KFM","pooled"
"pooled",6.51822022919265,1.90649503029445,3.47028429100988,"Macrocystis pyrifera",14,"South Point SMR","KFM","pooled"
"pooled",1.29756286457142,0.105629174046051,0.690819252370936,"Mesocentrotus franciscanus",14,"South Point SMR","KFM","pooled"
"pooled",-0.0588428634947015,-0.597817427512586,-0.031327794650012,"Strongylocentrotus purpuratus",14,"South Point SMR","KFM","pooled"
"pooled",6.21535881903463,2.08398962720931,3.30904162705118,"Macrocystis pyrifera",15,"South Point SMR","KFM","pooled"
"pooled",1.28164012992606,0.058216470536897,0.682342027919049,"Mesocentrotus franciscanus",15,"South Point SMR","KFM","pooled"
"pooled",0.207199595257927,-0.66171729942301,0.110312550856578,"Strongylocentrotus purpuratus",15,"South Point SMR","KFM","pooled"
"pooled",-1.82336437874948,2.26148422412418,-0.970754675029604,"Macrocystis pyrifera",16,"South Point SMR","KFM","pooled"
"pooled",2.12379922524345,0.010803767027742,1.13070544250914,"Mesocentrotus franciscanus",16,"South Point SMR","KFM","pooled"
"pooled",0.396659699617658,-0.725617171333433,0.211180640736091,"Strongylocentrotus purpuratus",16,"South Point SMR","KFM","pooled"
"pooled",-2.19127343393408,2.61647341795391,-1.16662854394391,"Macrocystis pyrifera",18,"South Point SMR","KFM","pooled"
"pooled",1.56633468020625,-0.0840216399905677,0.83391270071539,"Mesocentrotus franciscanus",18,"South Point SMR","KFM","pooled"
"pooled",0.820760802298343,-0.853416915154279,0.43697101643425,"Strongylocentrotus purpuratus",18,"South Point SMR","KFM","pooled"
"pooled",3.40693088412287,2.79396801486878,1.81384155674538,"Macrocystis pyrifera",19,"South Point SMR","KFM","pooled"
"pooled",1.47316809523433,-0.131434343499723,0.784311041841228,"Mesocentrotus franciscanus",19,"South Point SMR","KFM","pooled"
"pooled",0.566438358787974,-0.917316787064701,0.301570377988103,"Strongylocentrotus purpuratus",19,"South Point SMR","KFM","pooled"
"pooled",-0.111083722929404,0.153838469854627,-0.0591406987051972,"Panulirus interruptus",1,"Campus Point SMCA","LTER","pooled"
"pooled",0.186590560296869,0.200214023871873,0.0993403517341973,"Panulirus interruptus",2,"Campus Point SMCA","LTER","pooled"
"pooled",-0.587688269783154,0.246589577889119,-0.312883777922285,"Panulirus interruptus",3,"Campus Point SMCA","LTER","pooled"
"pooled",-0.958763207045967,0.292965131906365,-0.510443154606634,"Panulirus interruptus",4,"Campus Point SMCA","LTER","pooled"
"pooled",-0.0624829378805394,0.339340685923611,-0.0332657612290954,"Panulirus interruptus",5,"Campus Point SMCA","LTER","pooled"
"pooled",0.561149619131523,0.385716239940858,0.298754666106073,"Panulirus interruptus",6,"Campus Point SMCA","LTER","pooled"
"pooled",0.0367598933376839,0.432091793958104,0.0195708760832654,"Panulirus interruptus",7,"Campus Point SMCA","LTER","pooled"
"pooled",0.53908278270753,0.47846734797535,0.287006337098793,"Panulirus interruptus",8,"Campus Point SMCA","LTER","pooled"
"pooled",0.670110843461874,0.524842901992597,0.356765351818921,"Panulirus interruptus",9,"Campus Point SMCA","LTER","pooled"
"pooled",-0.532669119240861,0.571218456009843,-0.283591718568948,"Panulirus interruptus",10,"Campus Point SMCA","LTER","pooled"
"pooled",-0.389794259166555,0.617594010027089,-0.207525497259714,"Panulirus interruptus",11,"Campus Point SMCA","LTER","pooled"
"pooled",-0.153838469854627,0.153838469854627,-0.0819032199769096,"Panulirus interruptus",1,"Campus Point SMCA","LTER","pooled"
"pooled",0.0851718363195573,0.200214023871873,0.0453452745110507,"Panulirus interruptus",2,"Campus Point SMCA","LTER","pooled"
"pooled",-1.00985792958955,0.246589577889119,-0.537645858222321,"Panulirus interruptus",3,"Campus Point SMCA","LTER","pooled"
"pooled",-1.31597467983153,0.292965131906365,-0.700621657171554,"Panulirus interruptus",4,"Campus Point SMCA","LTER","pooled"
"pooled",-0.10086752559103,0.339340685923611,-0.0537016205687402,"Panulirus interruptus",5,"Campus Point SMCA","LTER","pooled"
"pooled",0.370186785650491,0.385716239940858,0.197086526967724,"Panulirus interruptus",6,"Campus Point SMCA","LTER","pooled"
"pooled",-0.294725733059469,0.432091793958104,-0.1569112496402,"Panulirus interruptus",7,"Campus Point SMCA","LTER","pooled"
"pooled",0.27399264582157,0.47846734797535,0.145873005393161,"Panulirus interruptus",8,"Campus Point SMCA","LTER","pooled"
"pooled",0.439906484019777,0.524842901992597,0.234205121540716,"Panulirus interruptus",9,"Campus Point SMCA","LTER","pooled"
"pooled",-0.745723346828875,0.571218456009843,-0.397021261164122,"Panulirus interruptus",10,"Campus Point SMCA","LTER","pooled"
"pooled",-0.661139565014385,0.617594010027089,-0.351989065413751,"Panulirus interruptus",11,"Campus Point SMCA","LTER","pooled"
"pooled",-1.60496886776109,1.95734696704897,-0.854481446393397,"Panulirus interruptus",11,"Naples SMCA","LTER","pooled"
"pooled",-0.0143697806332254,0.543610121954377,-0.00765043558568388,"Panulirus interruptus",1,"Naples SMCA","LTER","pooled"
"pooled",-0.381434771349877,0.684983806463836,-0.203074926669727,"Panulirus interruptus",2,"Naples SMCA","LTER","pooled"
"pooled",0.451384715133565,0.826357490973295,0.240316103330556,"Panulirus interruptus",3,"Naples SMCA","LTER","pooled"
"pooled",-0.074633255649674,0.967731175482754,-0.0397345602881031,"Panulirus interruptus",4,"Naples SMCA","LTER","pooled"
"pooled",-0.775550890501965,1.10910485999221,-0.412901371471619,"Panulirus interruptus",5,"Naples SMCA","LTER","pooled"
"pooled",0.508164342115228,1.25047854450167,0.270545435975899,"Panulirus interruptus",6,"Naples SMCA","LTER","pooled"
"pooled",-0.0997339484284705,1.39185222901113,-0.0530981068975909,"Panulirus interruptus",7,"Naples SMCA","LTER","pooled"
"pooled",0.711607030896221,1.53322591352059,0.378857819137726,"Panulirus interruptus",8,"Naples SMCA","LTER","pooled"
"pooled",0.726980702188052,1.67459959803005,0.387042723621354,"Panulirus interruptus",9,"Naples SMCA","LTER","pooled"
"pooled",-1.35474126293515,1.81597328253951,-0.721260889911519,"Panulirus interruptus",10,"Naples SMCA","LTER","pooled"
"pooled",-0.141386507770384,0.543610121954377,-0.0752738262323309,"Panulirus interruptus",1,"Naples SMCA","LTER","pooled"
"pooled",-0.452545905307286,0.684983806463836,-0.240934318100393,"Panulirus interruptus",2,"Naples SMCA","LTER","pooled"
"pooled",0.0852347201193059,0.826357490973295,0.0453787536901446,"Panulirus interruptus",3,"Naples SMCA","LTER","pooled"
"pooled",-0.270178701454892,0.967731175482754,-0.143842470867311,"Panulirus interruptus",4,"Naples SMCA","LTER","pooled"
"pooled",-0.854412950943077,1.10910485999221,-0.454887336947253,"Panulirus interruptus",5,"Naples SMCA","LTER","pooled"
"pooled",0.174030865711339,1.25047854450167,0.092653601473007,"Panulirus interruptus",6,"Naples SMCA","LTER","pooled"
"pooled",-0.510652816948246,1.39185222901113,-0.271870293807937,"Panulirus interruptus",7,"Naples SMCA","LTER","pooled"
"pooled",0.436637476557221,1.53322591352059,0.232464710071694,"Panulirus interruptus",8,"Naples SMCA","LTER","pooled"
"pooled",0.343631212604892,1.67459959803005,0.182948405710915,"Panulirus interruptus",9,"Naples SMCA","LTER","pooled"
"pooled",-1.8585328969583,1.81597328253951,-0.989478306939368,"Panulirus interruptus",10,"Naples SMCA","LTER","pooled"
"pooled",-2.2525555888871,1.95734696704897,-1.19925501131919,"Panulirus interruptus",11,"Naples SMCA","LTER","pooled"
"pooled",1.09781209367641,-0.65261880813486,0.584472437139146,"Macrocystis pyrifera",1,"Campus Point SMCA","LTER","pooled"
"pooled",1.01363352347133,-0.552605633819278,0.539655975045084,"Macrocystis pyrifera",2,"Campus Point SMCA","LTER","pooled"
"pooled",0.604152625024633,-0.452592459503697,0.321649359836842,"Macrocystis pyrifera",3,"Campus Point SMCA","LTER","pooled"
"pooled",0.92172666701071,-0.352579285188115,0.490724992507403,"Macrocystis pyrifera",4,"Campus Point SMCA","LTER","pooled"
"pooled",0.524470878187868,-0.252566110872533,0.279226995356208,"Macrocystis pyrifera",5,"Campus Point SMCA","LTER","pooled"
"pooled",-0.0094961225522707,-0.152552936556951,-0.00505571210543946,"Macrocystis pyrifera",6,"Campus Point SMCA","LTER","pooled"
"pooled",0.320808239000343,-0.0525397622413695,0.170797511143211,"Macrocystis pyrifera",7,"Campus Point SMCA","LTER","pooled"
"pooled",0.330492254673402,0.0474734120742123,0.175953257080361,"Macrocystis pyrifera",8,"Campus Point SMCA","LTER","pooled"
"pooled",0.388979242364579,0.147486586389794,0.207091584334812,"Macrocystis pyrifera",9,"Campus Point SMCA","LTER","pooled"
"pooled",1.76502739746959,0.247499760705376,0.939696210816653,"Macrocystis pyrifera",10,"Campus Point SMCA","LTER","pooled"
"pooled",0.764733449593342,0.347512935020958,0.407142192748876,"Macrocystis pyrifera",11,"Campus Point SMCA","LTER","pooled"
"pooled",1.09781209367641,-0.65261880813486,0.584472437139146,"Macrocystis pyrifera",1,"Campus Point SMCA","LTER","pooled"
"pooled",0.524470878187868,-0.252566110872533,0.279226995356208,"Macrocystis pyrifera",5,"Campus Point SMCA","LTER","pooled"
"pooled",-0.0094961225522707,-0.152552936556951,-0.00505571210543946,"Macrocystis pyrifera",6,"Campus Point SMCA","LTER","pooled"
"pooled",0.320808239000343,-0.0525397622413695,0.170797511143211,"Macrocystis pyrifera",7,"Campus Point SMCA","LTER","pooled"
"pooled",0.330492254673402,0.0474734120742123,0.175953257080361,"Macrocystis pyrifera",8,"Campus Point SMCA","LTER","pooled"
"pooled",0.388979242364579,0.147486586389794,0.207091584334812,"Macrocystis pyrifera",9,"Campus Point SMCA","LTER","pooled"
"pooled",1.76502739746959,0.247499760705376,0.939696210816653,"Macrocystis pyrifera",10,"Campus Point SMCA","LTER","pooled"
"pooled",0.764733449593342,0.347512935020958,0.407142192748876,"Macrocystis pyrifera",11,"Campus Point SMCA","LTER","pooled"
"pooled",0.604152625024633,-0.452592459503697,0.321649359836842,"Macrocystis pyrifera",3,"Campus Point SMCA","LTER","pooled"
"pooled",0.92172666701071,-0.352579285188115,0.490724992507403,"Macrocystis pyrifera",4,"Campus Point SMCA","LTER","pooled"
"pooled",1.01363352347133,-0.552605633819278,0.539655975045084,"Macrocystis pyrifera",2,"Campus Point SMCA","LTER","pooled"
"pooled",-0.962864465385151,1.29724328242725,-0.51262665437918,"Macrocystis pyrifera",9,"Naples SMCA","LTER","pooled"
"pooled",-0.45236758457971,1.49225458723504,-0.240839380587098,"Macrocystis pyrifera",10,"Naples SMCA","LTER","pooled"
"pooled",3.4212736170348,1.68726589204283,1.82147759219129,"Macrocystis pyrifera",11,"Naples SMCA","LTER","pooled"
"pooled",-1.25807926882582,-0.262847156035109,-0.669798283877899,"Macrocystis pyrifera",1,"Naples SMCA","LTER","pooled"
"pooled",1.13017194101746,-0.0678358512273149,0.601700739641753,"Macrocystis pyrifera",2,"Naples SMCA","LTER","pooled"
"pooled",-0.0173025638278924,0.127175453580479,-0.00921184208800017,"Macrocystis pyrifera",3,"Naples SMCA","LTER","pooled"
"pooled",0.371893444565248,0.322186758388274,0.197995147943043,"Macrocystis pyrifera",4,"Naples SMCA","LTER","pooled"
"pooled",0.0890150880132488,0.517198063196068,0.0473914121851481,"Macrocystis pyrifera",5,"Naples SMCA","LTER","pooled"
"pooled",-0.282969579977959,0.712209368003863,-0.150652302883728,"Macrocystis pyrifera",6,"Naples SMCA","LTER","pooled"
"pooled",-0.241364352487615,0.907220672811657,-0.128501782909426,"Macrocystis pyrifera",7,"Naples SMCA","LTER","pooled"
"pooled",-1.35753264056819,1.10223197761945,-0.722747012443375,"Macrocystis pyrifera",8,"Naples SMCA","LTER","pooled"
"pooled",-1.25807926882582,-0.262847156035109,-0.669798283877899,"Macrocystis pyrifera",1,"Naples SMCA","LTER","pooled"
"pooled",1.13017194101746,-0.0678358512273149,0.601700739641753,"Macrocystis pyrifera",2,"Naples SMCA","LTER","pooled"
"pooled",-0.0173025638278914,0.127175453580479,-0.00921184208799963,"Macrocystis pyrifera",3,"Naples SMCA","LTER","pooled"
"pooled",0.371893444565248,0.322186758388274,0.197995147943043,"Macrocystis pyrifera",4,"Naples SMCA","LTER","pooled"
"pooled",0.0890150880132488,0.517198063196068,0.0473914121851481,"Macrocystis pyrifera",5,"Naples SMCA","LTER","pooled"
"pooled",-0.282969579977959,0.712209368003863,-0.150652302883728,"Macrocystis pyrifera",6,"Naples SMCA","LTER","pooled"
"pooled",-0.241364352487615,0.907220672811657,-0.128501782909426,"Macrocystis pyrifera",7,"Naples SMCA","LTER","pooled"
"pooled",-1.35753264056819,1.10223197761945,-0.722747012443375,"Macrocystis pyrifera",8,"Naples SMCA","LTER","pooled"
"pooled",-0.962864465385151,1.29724328242725,-0.51262665437918,"Macrocystis pyrifera",9,"Naples SMCA","LTER","pooled"
"pooled",-0.45236758457971,1.49225458723504,-0.240839380587098,"Macrocystis pyrifera",10,"Naples SMCA","LTER","pooled"
"pooled",3.4212736170348,1.68726589204283,1.82147759219129,"Macrocystis pyrifera",11,"Naples SMCA","LTER","pooled"
"pooled",-0.783763827397053,0.678403311739226,-0.417273918714259,"Semicossyphus pulcher",1,"Campus Point SMCA","LTER","pooled"
"pooled",0.509453393839462,0.589158894828648,0.271231723918254,"Semicossyphus pulcher",2,"Campus Point SMCA","LTER","pooled"
"pooled",-1.70388728224401,0.499914477918069,-0.907145365040126,"Semicossyphus pulcher",3,"Campus Point SMCA","LTER","pooled"
"pooled",-2.74604497682453,0.41067006100749,-1.46198753807082,"Semicossyphus pulcher",4,"Campus Point SMCA","LTER","pooled"
"pooled",-2.65680055991395,0.321425644096911,-1.41447403174925,"Semicossyphus pulcher",5,"Campus Point SMCA","LTER","pooled"
"pooled",0.230442294761781,0.232181227186332,0.12268690645255,"Semicossyphus pulcher",6,"Campus Point SMCA","LTER","pooled"
"pooled",0.955675478392357,0.142936810275753,0.508799255526095,"Semicossyphus pulcher",7,"Campus Point SMCA","LTER","pooled"
"pooled",-1.80771153461038,0.0536923933651735,-0.962421139614178,"Semicossyphus pulcher",8,"Campus Point SMCA","LTER","pooled"
"pooled",-0.600436743174592,-0.0355520235454053,-0.319671033551747,"Semicossyphus pulcher",9,"Campus Point SMCA","LTER","pooled"
"pooled",-1.07917636386996,-0.124796440455984,-0.574550820789149,"Semicossyphus pulcher",10,"Campus Point SMCA","LTER","pooled"
"pooled",-0.989931946959377,-0.214040857366563,-0.527037314467581,"Semicossyphus pulcher",11,"Campus Point SMCA","LTER","pooled"
"pooled",-0.317775734545416,0.678403311739226,-0.169183013289147,"Semicossyphus pulcher",1,"Campus Point SMCA","LTER","pooled"
"pooled",3.22625435956407,0.589158894828648,1.71764982297692,"Semicossyphus pulcher",2,"Campus Point SMCA","LTER","pooled"
"pooled",0.0897071904567894,0.232181227186332,0.0477598858103306,"Semicossyphus pulcher",6,"Campus Point SMCA","LTER","pooled"
"pooled",3.01527642906798,0.142936810275753,1.60532569580624,"Semicossyphus pulcher",7,"Campus Point SMCA","LTER","pooled"
"pooled",-2.4919170132303,0.0536923933651735,-1.3266904402499,"Semicossyphus pulcher",8,"Campus Point SMCA","LTER","pooled"
"pooled",-1.57837719840861,-0.0355520235454053,-0.840324107552291,"Semicossyphus pulcher",9,"Campus Point SMCA","LTER","pooled"
"pooled",-3.92569924115343,-0.124796440455984,-2.09003254397428,"Semicossyphus pulcher",10,"Campus Point SMCA","LTER","pooled"
"pooled",-4.50619709308068,-0.214040857366563,-2.39908816125551,"Semicossyphus pulcher",11,"Campus Point SMCA","LTER","pooled"
"pooled",-1.59852676658618,0.499914477918069,-0.851051687698182,"Semicossyphus pulcher",3,"Campus Point SMCA","LTER","pooled"
"pooled",-3.66752992477367,0.41067006100749,-1.95258383994907,"Semicossyphus pulcher",4,"Campus Point SMCA","LTER","pooled"
"pooled",-3.54800423594221,0.321425644096911,-1.8889486595257,"Semicossyphus pulcher",5,"Campus Point SMCA","LTER","pooled"
"pooled",-0.162307263886577,1.10845095891041,-0.0864119849249321,"Semicossyphus pulcher",8,"Naples SMCA","LTER","pooled"
"pooled",0.449770865865293,1.11420467249205,0.239456893980946,"Semicossyphus pulcher",9,"Naples SMCA","LTER","pooled"
"pooled",0.7948611759116,1.11995838607368,0.423182119552491,"Semicossyphus pulcher",10,"Naples SMCA","LTER","pooled"
"pooled",1.836118622223,1.12571209965531,0.977545002636462,"Semicossyphus pulcher",11,"Naples SMCA","LTER","pooled"
"pooled",1.16541725766811,1.06817496383898,0.620465258851556,"Semicossyphus pulcher",1,"Naples SMCA","LTER","pooled"
"pooled",1.69866004481917,1.07392867742061,0.904362396793739,"Semicossyphus pulcher",2,"Naples SMCA","LTER","pooled"
"pooled",1.74367865661096,1.07968239100224,0.92833019410817,"Semicossyphus pulcher",3,"Naples SMCA","LTER","pooled"
"pooled",0.490100256174542,1.08543610458388,0.260928161402901,"Semicossyphus pulcher",4,"Naples SMCA","LTER","pooled"
"pooled",0.914143751360598,1.09118981816551,0.486687867013731,"Semicossyphus pulcher",5,"Naples SMCA","LTER","pooled"
"pooled",0.520157253432525,1.09694353174715,0.276930432230167,"Semicossyphus pulcher",6,"Naples SMCA","LTER","pooled"
"pooled",-1.02370883401015,1.10269724532878,-0.545020045398724,"Semicossyphus pulcher",7,"Naples SMCA","LTER","pooled"
"pooled",1.85530822428915,1.06817496383898,0.987761499204447,"Semicossyphus pulcher",1,"Naples SMCA","LTER","pooled"
"pooled",6.73781175997312,1.07392867742061,3.5871942776184,"Semicossyphus pulcher",2,"Naples SMCA","LTER","pooled"
"pooled",4.64678349768524,1.07968239100224,2.47393601454585,"Semicossyphus pulcher",3,"Naples SMCA","LTER","pooled"
"pooled",0.949299489017472,1.08543610458388,0.50540469458932,"Semicossyphus pulcher",4,"Naples SMCA","LTER","pooled"
"pooled",2.86445865989826,1.09118981816551,1.52503068938549,"Semicossyphus pulcher",5,"Naples SMCA","LTER","pooled"
"pooled",0.466862902379884,1.09694353174715,0.248556651849253,"Semicossyphus pulcher",6,"Naples SMCA","LTER","pooled"
"pooled",0.0705324001261609,1.10269724532878,0.0375512749736222,"Semicossyphus pulcher",7,"Naples SMCA","LTER","pooled"
"pooled",0.597584821225067,1.10845095891041,0.318152677375885,"Semicossyphus pulcher",8,"Naples SMCA","LTER","pooled"
"pooled",0.644743830410043,1.11420467249205,0.343260016956292,"Semicossyphus pulcher",9,"Naples SMCA","LTER","pooled"
"pooled",1.37974997942429,1.11995838607368,0.734575468572405,"Semicossyphus pulcher",10,"Naples SMCA","LTER","pooled"
"pooled",3.29579039561722,1.12571209965531,1.75467063618811,"Semicossyphus pulcher",11,"Naples SMCA","LTER","pooled"
"pooled",-1.62359712356829,0.618075257966189,-0.864399083604718,"Semicossyphus pulcher",3,"Anacapa Island SMR 2003","KFM","pooled"
"pooled",-1.37645959125481,0.740470824534813,-0.73282367406802,"Semicossyphus pulcher",2,"Anacapa Island SMR 2003","KFM","pooled"
"pooled",-1.64484048105978,0.128492991691692,-0.875708994469784,"Semicossyphus pulcher",7,"Anacapa Island SMR 2003","KFM","pooled"
"pooled",-2.8310546072146,0.495679691397565,-1.50724645454713,"Semicossyphus pulcher",4,"Anacapa Island SMR 2003","KFM","pooled"
"pooled",-0.373284124828941,0.373284124828941,-0.198735542667863,"Semicossyphus pulcher",5,"Anacapa Island SMR 2003","KFM","pooled"
"pooled",-0.515581112487398,0.250888558260316,-0.274494106135476,"Semicossyphus pulcher",6,"Anacapa Island SMR 2003","KFM","pooled"
"pooled",1.30555088342366,-0.361089274582805,0.695072053805146,"Semicossyphus pulcher",11,"Anacapa Island SMR 2003","KFM","pooled"
"pooled",-0.144247763603885,0.00609742512306788,-0.0767971517448822,"Semicossyphus pulcher",8,"Anacapa Island SMR 2003","KFM","pooled"
"pooled",0.0109376257877302,-0.116298141445556,0.00582316485443541,"Semicossyphus pulcher",9,"Anacapa Island SMR 2003","KFM","pooled"
"pooled",1.99655162556655,-0.23869370801418,1.06295913589468,"Semicossyphus pulcher",10,"Anacapa Island SMR 2003","KFM","pooled"
"pooled",1.23260615155527,-0.850671540857302,0.656236459392262,"Semicossyphus pulcher",15,"Anacapa Island SMR 2003","KFM","pooled"
"pooled",0.72175267914502,-0.973067107425926,0.384259337113789,"Semicossyphus pulcher",16,"Anacapa Island SMR 2003","KFM","pooled"
"pooled",2.31647052923128,-1.21785824056317,1.23328316710992,"Semicossyphus pulcher",18,"Anacapa Island SMR 2003","KFM","pooled"
"pooled",1.98688097205685,-1.3402538071318,1.05781050394018,"Semicossyphus pulcher",19,"Anacapa Island SMR 2003","KFM","pooled"
"pooled",-0.686147656822503,0.250888558260316,-0.365303311496012,"Semicossyphus pulcher",6,"Anacapa Island SMR 2003","KFM","pooled"
"pooled",-0.0305508615760528,0.128492991691692,-0.0162652029658908,"Semicossyphus pulcher",7,"Anacapa Island SMR 2003","KFM","pooled"
"pooled",0.830355748324346,0.00609742512306788,0.442079341912117,"Semicossyphus pulcher",8,"Anacapa Island SMR 2003","KFM","pooled"
"pooled",0.100135047483845,-0.116298141445556,0.0533116510403267,"Semicossyphus pulcher",9,"Anacapa Island SMR 2003","KFM","pooled"
"pooled",1.21695634075983,-0.23869370801418,0.647904538921477,"Semicossyphus pulcher",10,"Anacapa Island SMR 2003","KFM","pooled"
"pooled",0.990248746467466,-0.361089274582805,0.527205977740325,"Semicossyphus pulcher",11,"Anacapa Island SMR 2003","KFM","pooled"
"pooled",0.859096986109912,-0.483484841151429,0.457381105658105,"Semicossyphus pulcher",12,"Anacapa Island SMR 2003","KFM","pooled"
"pooled",0.197949207116695,-0.605880407720053,0.105387667142387,"Semicossyphus pulcher",13,"Anacapa Island SMR 2003","KFM","pooled"
"pooled",1.16764263407252,-0.728275974288677,0.621650043732439,"Semicossyphus pulcher",14,"Anacapa Island SMR 2003","KFM","pooled"
"pooled",-0.822774546028691,0.740470824534813,-0.438043128604111,"Semicossyphus pulcher",2,"Anacapa Island SMR 2003","KFM","pooled"
"pooled",-1.19297633270635,0.618075257966189,-0.63513764208151,"Semicossyphus pulcher",3,"Anacapa Island SMR 2003","KFM","pooled"
"pooled",-1.06444835046392,0.495679691397565,-0.5667096629633,"Semicossyphus pulcher",4,"Anacapa Island SMR 2003","KFM","pooled"
"pooled",-0.533626774904121,0.373284124828941,-0.284101572069989,"Semicossyphus pulcher",5,"Anacapa Island SMR 2003","KFM","pooled"
"pooled",0.963538308978377,-0.728275974288677,0.512985407037719,"Semicossyphus pulcher",14,"Anacapa Island SMR 2003","KFM","pooled"
"pooled",0.10616463764677,-0.850671540857302,0.056521789895395,"Semicossyphus pulcher",15,"Anacapa Island SMR 2003","KFM","pooled"
"pooled",0.444236438289026,-0.483484841151429,0.236510378459479,"Semicossyphus pulcher",12,"Anacapa Island SMR 2003","KFM","pooled"
"pooled",0.479919548710645,-0.605880407720053,0.255507977987633,"Semicossyphus pulcher",13,"Anacapa Island SMR 2003","KFM","pooled"
"pooled",0.889615875149104,-0.973067107425926,0.473629286524633,"Semicossyphus pulcher",16,"Anacapa Island SMR 2003","KFM","pooled"
"pooled",2.02044768912946,-1.3402538071318,1.07568134089597,"Semicossyphus pulcher",19,"Anacapa Island SMR 2003","KFM","pooled"
"pooled",-0.454682593947921,0.753175582503918,-0.242071885835703,"Semicossyphus pulcher",1,"Gull Island SMR","KFM","pooled"
"pooled",-0.210298181709507,0.763683419894294,-0.11196223060184,"Semicossyphus pulcher",2,"Gull Island SMR","KFM","pooled"
"pooled",-0.322741035934682,0.77419125728467,-0.171826527439547,"Semicossyphus pulcher",3,"Gull Island SMR","KFM","pooled"
"pooled",0.609030244932363,0.784699094675047,0.32424619258384,"Semicossyphus pulcher",4,"Gull Island SMR","KFM","pooled"
"pooled",0.111514348792581,0.795206932065423,0.0593699628472084,"Semicossyphus pulcher",5,"Gull Island SMR","KFM","pooled"
"pooled",-0.231428791772583,0.805714769455799,-0.123212115015523,"Semicossyphus pulcher",6,"Gull Island SMR","KFM","pooled"
"pooled",-0.121489383130595,0.816222606846175,-0.0646806464001303,"Semicossyphus pulcher",7,"Gull Island SMR","KFM","pooled"
"pooled",-0.59902490267666,0.753175582503918,-0.318919373170675,"Semicossyphus pulcher",1,"Gull Island SMR","KFM","pooled"
"pooled",-0.14464421148807,0.763683419894294,-0.0770082196156072,"Semicossyphus pulcher",2,"Gull Island SMR","KFM","pooled"
"pooled",-1.20950932854252,0.77419125728467,-0.643939768078515,"Semicossyphus pulcher",3,"Gull Island SMR","KFM","pooled"
"pooled",-0.178563291104731,0.784699094675047,-0.095066653516327,"Semicossyphus pulcher",4,"Gull Island SMR","KFM","pooled"
"pooled",0.374864320584827,0.795206932065423,0.199576834970908,"Semicossyphus pulcher",5,"Gull Island SMR","KFM","pooled"
"pooled",-0.353729645712742,0.805714769455799,-0.188324786462986,"Semicossyphus pulcher",6,"Gull Island SMR","KFM","pooled"
"pooled",0.605163074084985,0.816222606846175,0.322187320411616,"Semicossyphus pulcher",7,"Gull Island SMR","KFM","pooled"
"pooled",-0.315904820470562,0.826730444236552,-0.168186943273789,"Semicossyphus pulcher",8,"Gull Island SMR","KFM","pooled"
"pooled",-0.401920210369083,0.837238281626928,-0.213981323619066,"Semicossyphus pulcher",9,"Gull Island SMR","KFM","pooled"
"pooled",1.18913580824374,0.847746119017304,0.633092956378478,"Semicossyphus pulcher",10,"Gull Island SMR","KFM","pooled"
"pooled",-0.211626791482628,0.85825395640768,-0.112669579151356,"Semicossyphus pulcher",11,"Gull Island SMR","KFM","pooled"
"pooled",-0.11243571161658,0.868761793798057,-0.0598604941305983,"Semicossyphus pulcher",12,"Gull Island SMR","KFM","pooled"
"pooled",-0.686365965063941,0.879269631188433,-0.365419538262556,"Semicossyphus pulcher",13,"Gull Island SMR","KFM","pooled"
"pooled",-0.497735380802785,0.889777468578809,-0.2649930828271,"Semicossyphus pulcher",14,"Gull Island SMR","KFM","pooled"
"pooled",-0.601792317413189,0.900285305969186,-0.320392737915836,"Semicossyphus pulcher",15,"Gull Island SMR","KFM","pooled"
"pooled",-0.376710657429304,0.910793143359562,-0.200559820129741,"Semicossyphus pulcher",16,"Gull Island SMR","KFM","pooled"
"pooled",-0.764754733477148,0.931808818140314,-0.40715352423585,"Semicossyphus pulcher",18,"Gull Island SMR","KFM","pooled"
"pooled",-0.831091020420466,0.94231665553069,-0.442470798953313,"Semicossyphus pulcher",19,"Gull Island SMR","KFM","pooled"
"pooled",-0.237944099800001,0.85825395640768,-0.126680848857528,"Semicossyphus pulcher",11,"Gull Island SMR","KFM","pooled"
"pooled",-0.958531793226766,0.868761793798057,-0.510319950462979,"Semicossyphus pulcher",12,"Gull Island SMR","KFM","pooled"
"pooled",-1.06784969574598,0.879269631188433,-0.568520530759351,"Semicossyphus pulcher",13,"Gull Island SMR","KFM","pooled"
"pooled",0.172467175918421,0.889777468578809,0.0918210969037272,"Semicossyphus pulcher",14,"Gull Island SMR","KFM","pooled"
"pooled",-0.435915494441706,0.900285305969186,-0.232080328583225,"Semicossyphus pulcher",15,"Gull Island SMR","KFM","pooled"
"pooled",-0.816729069635484,0.910793143359562,-0.434824531959423,"Semicossyphus pulcher",16,"Gull Island SMR","KFM","pooled"
"pooled",0.73487624913182,0.94231665553069,0.391246293240738,"Semicossyphus pulcher",19,"Gull Island SMR","KFM","pooled"
"pooled",-1.00009728934597,0.837238281626928,-0.532449317553783,"Semicossyphus pulcher",9,"Gull Island SMR","KFM","pooled"
"pooled",0.802362833147726,0.847746119017304,0.427175983268,"Semicossyphus pulcher",10,"Gull Island SMR","KFM","pooled"
"pooled",-0.639597330445374,0.826730444236552,-0.340520033133547,"Semicossyphus pulcher",8,"Gull Island SMR","KFM","pooled"
"pooled",0.931841768109269,0.677596144324831,0.496110247256405,"Semicossyphus pulcher",2,"Harris Point SMR","KFM","pooled"
"pooled",0.850888186038726,0.615448882754704,0.453010760850255,"Semicossyphus pulcher",3,"Harris Point SMR","KFM","pooled"
"pooled",-0.553301621184577,0.553301621184577,-0.29457641145472,"Semicossyphus pulcher",4,"Harris Point SMR","KFM","pooled"
"pooled",1.24344669577366,0.49115435961445,0.662007938259851,"Semicossyphus pulcher",5,"Harris Point SMR","KFM","pooled"
"pooled",-0.177692669763416,0.429007098044322,-0.0946031368725273,"Semicossyphus pulcher",6,"Harris Point SMR","KFM","pooled"
"pooled",-1.4654721251423,0.366859836474195,-0.780213726442949,"Semicossyphus pulcher",7,"Harris Point SMR","KFM","pooled"
"pooled",0.206113048861924,0.304712574904067,0.109734076248952,"Semicossyphus pulcher",8,"Harris Point SMR","KFM","pooled"
"pooled",-1.85200322576804,0.24256531333394,-0.986001926185072,"Semicossyphus pulcher",9,"Harris Point SMR","KFM","pooled"
"pooled",1.42901986067029,0.180418051763813,0.760806631205136,"Semicossyphus pulcher",10,"Harris Point SMR","KFM","pooled"
"pooled",-2.51616606299206,0.118270790193685,-1.33960057422838,"Semicossyphus pulcher",11,"Harris Point SMR","KFM","pooled"
"pooled",-1.01163497365099,0.056123528623558,-0.538591952075248,"Semicossyphus pulcher",12,"Harris Point SMR","KFM","pooled"
"pooled",-3.21285209192163,-0.00602373294656916,-1.71051448890902,"Semicossyphus pulcher",13,"Harris Point SMR","KFM","pooled"
"pooled",-0.519615670385422,-0.0681709945166966,-0.276642094758502,"Semicossyphus pulcher",14,"Harris Point SMR","KFM","pooled"
"pooled",-0.825193188940612,-0.130318256086824,-0.439330808094474,"Semicossyphus pulcher",15,"Harris Point SMR","KFM","pooled"
"pooled",-0.906146771011158,-0.192465517656952,-0.482430294500627,"Semicossyphus pulcher",16,"Harris Point SMR","KFM","pooled"
"pooled",-2.08113523200116,-0.316760040797206,-1.10799123827324,"Semicossyphus pulcher",18,"Harris Point SMR","KFM","pooled"
"pooled",-0.208879362534785,-0.378907302367334,-0.111206854790545,"Semicossyphus pulcher",19,"Harris Point SMR","KFM","pooled"
"pooled",-0.0955506772277822,-0.378907302367334,-0.0508709436808947,"Semicossyphus pulcher",19,"Harris Point SMR","KFM","pooled"
"pooled",1.65815186690341,0.739743405894959,0.882795943293303,"Semicossyphus pulcher",1,"Harris Point SMR","KFM","pooled"
"pooled",-0.280211076516519,0.739743405894959,-0.149183682479333,"Semicossyphus pulcher",1,"Harris Point SMR","KFM","pooled"
"pooled",0.0155510362351136,0.677596144324831,0.00827933313973412,"Semicossyphus pulcher",2,"Harris Point SMR","KFM","pooled"
"pooled",-1.63901050501678,0.553301621184577,-0.872605129677306,"Semicossyphus pulcher",4,"Harris Point SMR","KFM","pooled"
"pooled",0.834708262320521,0.49115435961445,0.444396609573568,"Semicossyphus pulcher",5,"Harris Point SMR","KFM","pooled"
"pooled",0.543724944734785,0.429007098044322,0.289477812653938,"Semicossyphus pulcher",6,"Harris Point SMR","KFM","pooled"
"pooled",-1.18517015998815,0.366859836474195,-0.630981655078253,"Semicossyphus pulcher",7,"Harris Point SMR","KFM","pooled"
"pooled",-0.110120925518298,0.304712574904067,-0.0586281077503502,"Semicossyphus pulcher",8,"Harris Point SMR","KFM","pooled"
"pooled",0.731994326664191,0.24256531333394,0.389711964863411,"Semicossyphus pulcher",9,"Harris Point SMR","KFM","pooled"
"pooled",0.225047056344351,0.180418051763813,0.119814494894191,"Semicossyphus pulcher",10,"Harris Point SMR","KFM","pooled"
"pooled",-0.237617547826251,0.118270790193685,-0.126506993396243,"Semicossyphus pulcher",11,"Harris Point SMR","KFM","pooled"
"pooled",-0.746457767806889,0.056123528623558,-0.397412265072148,"Semicossyphus pulcher",12,"Harris Point SMR","KFM","pooled"
"pooled",-0.135806462492649,-0.00602373294656916,-0.0723030239596915,"Semicossyphus pulcher",13,"Harris Point SMR","KFM","pooled"
"pooled",-0.589349008400097,-0.0681709945166966,-0.313767951044887,"Semicossyphus pulcher",14,"Harris Point SMR","KFM","pooled"
"pooled",1.45397704621523,-0.130318256086824,0.774093774919084,"Semicossyphus pulcher",15,"Harris Point SMR","KFM","pooled"
"pooled",1.0221599066461,0.615448882754704,0.544195400309976,"Semicossyphus pulcher",3,"Harris Point SMR","KFM","pooled"
"pooled",1.01159250107746,-0.192465517656952,0.538569339782389,"Semicossyphus pulcher",16,"Harris Point SMR","KFM","pooled"
"pooled",-0.153311396052953,1.00060925644016,-0.0816226071915426,"Semicossyphus pulcher",4,"Scorpion SMR","KFM","pooled"
"pooled",-1.02363559766067,1.02363559766067,-0.544981054547818,"Semicossyphus pulcher",5,"Scorpion SMR","KFM","pooled"
"pooled",-1.19508194399945,1.04666193888118,-0.636258664314036,"Semicossyphus pulcher",6,"Scorpion SMR","KFM","pooled"
"pooled",-0.953277928257278,1.06968828010169,-0.507522805777832,"Semicossyphus pulcher",7,"Scorpion SMR","KFM","pooled"
"pooled",0.914753420732551,1.0927146213222,0.487012453475956,"Semicossyphus pulcher",8,"Scorpion SMR","KFM","pooled"
"pooled",-0.469113797617658,1.11574096254271,-0.249755022893755,"Semicossyphus pulcher",9,"Scorpion SMR","KFM","pooled"
"pooled",-1.51524487499813,1.13876730376322,-0.806712615076915,"Semicossyphus pulcher",10,"Scorpion SMR","KFM","pooled"
"pooled",-0.340813092913901,1.16179364498373,-0.1814480457737,"Semicossyphus pulcher",11,"Scorpion SMR","KFM","pooled"
"pooled",-1.15356744270014,1.18481998620424,-0.614156446738924,"Semicossyphus pulcher",12,"Scorpion SMR","KFM","pooled"
"pooled",-2.19122335251528,1.20784632742475,-1.16660188072069,"Semicossyphus pulcher",13,"Scorpion SMR","KFM","pooled"
"pooled",-1.58484125098625,1.23087266864526,-0.843765553119897,"Semicossyphus pulcher",14,"Scorpion SMR","KFM","pooled"
"pooled",-1.87465569400546,1.25389900986577,-0.998062044118011,"Semicossyphus pulcher",15,"Scorpion SMR","KFM","pooled"
"pooled",-1.16390196268289,1.27692535108628,-0.61965851955792,"Semicossyphus pulcher",16,"Scorpion SMR","KFM","pooled"
"pooled",-1.53808941314425,1.32297803352731,-0.818874990553092,"Semicossyphus pulcher",18,"Scorpion SMR","KFM","pooled"
"pooled",-1.5174759155177,1.34600437474782,-0.807900415518668,"Semicossyphus pulcher",19,"Scorpion SMR","KFM","pooled"
"pooled",-1.86372695780443,1.36903071596833,-0.992243612057497,"Semicossyphus pulcher",20,"Scorpion SMR","KFM","pooled"
"pooled",-1.55562682102185,1.27692535108628,-0.828211863030964,"Semicossyphus pulcher",16,"Scorpion SMR","KFM","pooled"
"pooled",-1.7806840285399,1.34600437474782,-0.948031762384866,"Semicossyphus pulcher",19,"Scorpion SMR","KFM","pooled"
"pooled",-1.42804844239846,1.36903071596833,-0.760289450525411,"Semicossyphus pulcher",20,"Scorpion SMR","KFM","pooled"
"pooled",-0.854231145177247,1.02363559766067,-0.454790544008231,"Semicossyphus pulcher",5,"Scorpion SMR","KFM","pooled"
"pooled",-0.931530232778625,0.931530232778625,-0.495944386618683,"Semicossyphus pulcher",1,"Scorpion SMR","KFM","pooled"
"pooled",-1.67669129143233,0.954556573999136,-0.892666286952289,"Semicossyphus pulcher",2,"Scorpion SMR","KFM","pooled"
"pooled",-0.34159414849965,0.977582915219647,-0.181863877831274,"Semicossyphus pulcher",3,"Scorpion SMR","KFM","pooled"
"pooled",0.167082055889485,0.931530232778625,0.0889540723503186,"Semicossyphus pulcher",1,"Scorpion SMR","KFM","pooled"
"pooled",-0.941632114910296,0.954556573999136,-0.501322603622485,"Semicossyphus pulcher",2,"Scorpion SMR","KFM","pooled"
"pooled",-0.900436628864631,0.977582915219647,-0.479390228977559,"Semicossyphus pulcher",3,"Scorpion SMR","KFM","pooled"
"pooled",-0.401714614126401,1.00060925644016,-0.213871864689146,"Semicossyphus pulcher",4,"Scorpion SMR","KFM","pooled"
"pooled",-0.877603157211301,1.11574096254271,-0.467233745274709,"Semicossyphus pulcher",9,"Scorpion SMR","KFM","pooled"
"pooled",-0.884654832508508,1.04666193888118,-0.470988039721467,"Semicossyphus pulcher",6,"Scorpion SMR","KFM","pooled"
"pooled",-0.76815848417711,1.06968828010169,-0.408965672670432,"Semicossyphus pulcher",7,"Scorpion SMR","KFM","pooled"
"pooled",-1.43431411587256,1.0927146213222,-0.763625279550088,"Semicossyphus pulcher",8,"Scorpion SMR","KFM","pooled"
"pooled",-1.86701672199144,1.20784632742475,-0.993995074355159,"Semicossyphus pulcher",13,"Scorpion SMR","KFM","pooled"
"pooled",-0.339334110024507,1.13876730376322,-0.180660638949863,"Semicossyphus pulcher",10,"Scorpion SMR","KFM","pooled"
"pooled",-0.581900978171939,1.16179364498373,-0.309802638215476,"Semicossyphus pulcher",11,"Scorpion SMR","KFM","pooled"
"pooled",-1.2446962832128,1.18481998620424,-0.662673215514658,"Semicossyphus pulcher",12,"Scorpion SMR","KFM","pooled"
"pooled",-1.91161819922802,1.23087266864526,-1.0177407902665,"Semicossyphus pulcher",14,"Scorpion SMR","KFM","pooled"
"pooled",-1.72047345582237,1.25389900986577,-0.915975802735246,"Semicossyphus pulcher",15,"Scorpion SMR","KFM","pooled"
"pooled",-0.263996204623877,0.883035413030101,-0.140550924881215,"Semicossyphus pulcher",5,"South Point SMR","KFM","pooled"
"pooled",-0.689103954468285,0.753642475605856,-0.366877237033808,"Semicossyphus pulcher",16,"South Point SMR","KFM","pooled"
"pooled",-1.28973227491869,0.730116486983266,-0.686650265852268,"Semicossyphus pulcher",18,"South Point SMR","KFM","pooled"
"pooled",-0.718353492671971,0.718353492671971,-0.3824496186623,"Semicossyphus pulcher",19,"South Point SMR","KFM","pooled"
"pooled",-0.0239745583316029,0.871272418718806,-0.0127639954215488,"Semicossyphus pulcher",6,"South Point SMR","KFM","pooled"
"pooled",-0.57182735195573,0.859509424407511,-0.304439464591017,"Semicossyphus pulcher",7,"South Point SMR","KFM","pooled"
"pooled",-0.15459924953627,0.847746430096216,-0.0823082571934035,"Semicossyphus pulcher",8,"South Point SMR","KFM","pooled"
"pooled",-1.34680905955091,0.835983435784921,-0.717037804494099,"Semicossyphus pulcher",9,"South Point SMR","KFM","pooled"
"pooled",-0.824220441473626,0.824220441473626,-0.438812919754543,"Semicossyphus pulcher",10,"South Point SMR","KFM","pooled"
"pooled",-0.252841659226908,0.812457447162331,-0.134612272564576,"Semicossyphus pulcher",11,"South Point SMR","KFM","pooled"
"pooled",-0.874802425004758,0.800694452851036,-0.465742642391108,"Semicossyphus pulcher",12,"South Point SMR","KFM","pooled"
"pooled",-0.70554984960069,0.788931458539741,-0.375632990832058,"Semicossyphus pulcher",13,"South Point SMR","KFM","pooled"
"pooled",0.0701293961587578,0.777168464228446,0.0373367166604449,"Semicossyphus pulcher",14,"South Point SMR","KFM","pooled"
"pooled",-0.829943991054722,0.765405469917151,-0.441860123362537,"Semicossyphus pulcher",15,"South Point SMR","KFM","pooled"
"pooled",-0.764173716136728,0.918324395963986,-0.406844192044183,"Semicossyphus pulcher",2,"South Point SMR","KFM","pooled"
"pooled",0.074267851359035,0.906561401652691,0.0395400199496234,"Semicossyphus pulcher",3,"South Point SMR","KFM","pooled"
"pooled",-0.830259886203825,0.894798407341396,-0.442028305156798,"Semicossyphus pulcher",4,"South Point SMR","KFM","pooled"
"pooled",-0.841649028305018,0.918324395963986,-0.448091856177189,"Semicossyphus pulcher",2,"South Point SMR","KFM","pooled"
"pooled",-0.60489308722617,0.906561401652691,-0.322043580077295,"Semicossyphus pulcher",3,"South Point SMR","KFM","pooled"
"pooled",-0.96993254685043,0.894798407341396,-0.516389683429147,"Semicossyphus pulcher",4,"South Point SMR","KFM","pooled"
"pooled",-1.09041754308024,0.883035413030101,-0.580535596733227,"Semicossyphus pulcher",5,"South Point SMR","KFM","pooled"
"pooled",-1.02780806616366,0.871272418718806,-0.547202466435041,"Semicossyphus pulcher",6,"South Point SMR","KFM","pooled"
"pooled",-0.667618416597406,0.859509424407511,-0.355438389935136,"Semicossyphus pulcher",7,"South Point SMR","KFM","pooled"
"pooled",-0.863013902227004,0.847746430096216,-0.459466462088603,"Semicossyphus pulcher",8,"South Point SMR","KFM","pooled"
"pooled",-0.89685976712989,0.835983435784921,-0.477485916657213,"Semicossyphus pulcher",9,"South Point SMR","KFM","pooled"
"pooled",-0.941207615567906,0.824220441473626,-0.501096601224953,"Semicossyphus pulcher",10,"South Point SMR","KFM","pooled"
"pooled",-0.940758155196394,0.812457447162331,-0.500857309637396,"Semicossyphus pulcher",11,"South Point SMR","KFM","pooled"
"pooled",-0.961554065781024,0.800694452851036,-0.511929000878492,"Semicossyphus pulcher",12,"South Point SMR","KFM","pooled"
"pooled",-0.989439512706909,0.788931458539741,-0.526775143692337,"Semicossyphus pulcher",13,"South Point SMR","KFM","pooled"
"pooled",-1.0023243778719,0.777168464228446,-0.533635013963916,"Semicossyphus pulcher",14,"South Point SMR","KFM","pooled"
"pooled",-1.05529748801974,0.765405469917151,-0.561837766483486,"Semicossyphus pulcher",15,"South Point SMR","KFM","pooled"
"pooled",-1.26190576427523,0.753642475605856,-0.67183550056908,"Semicossyphus pulcher",16,"South Point SMR","KFM","pooled"
"pooled",-0.776517281485432,0.718353492671971,-0.413415875635482,"Semicossyphus pulcher",19,"South Point SMR","KFM","pooled"
"pooled",0.00833983999443144,0.749076609970647,0.00444011013813139,"Semicossyphus pulcher",4,"Blue Cavern Onshore SMCA","PISCO","pooled"
"pooled",-0.396856016381295,0.749076609970647,-0.211285159294372,"Semicossyphus pulcher",4,"Blue Cavern Onshore SMCA","PISCO","pooled"
"pooled",-0.801678174355849,0.700707941541311,-0.42681147262451,"Semicossyphus pulcher",7,"Blue Cavern Onshore SMCA","PISCO","pooled"
"pooled",-0.472024209851486,0.700707941541311,-0.251304519151979,"Semicossyphus pulcher",7,"Blue Cavern Onshore SMCA","PISCO","pooled"
"pooled",1.67222957270116,0.684585052064865,0.890290878960651,"Semicossyphus pulcher",8,"Blue Cavern Onshore SMCA","PISCO","pooled"
"pooled",0.591708413840695,0.684585052064865,0.31502409265237,"Semicossyphus pulcher",8,"Blue Cavern Onshore SMCA","PISCO","pooled"
"pooled",-0.0861273782906581,0.66846216258842,-0.0458540026876257,"Semicossyphus pulcher",9,"Blue Cavern Onshore SMCA","PISCO","pooled"
"pooled",0.133165660965595,0.66846216258842,0.0708970677733745,"Semicossyphus pulcher",9,"Blue Cavern Onshore SMCA","PISCO","pooled"
"pooled",0.506170202251995,0.652339273111975,0.269483760856291,"Semicossyphus pulcher",10,"Blue Cavern Onshore SMCA","PISCO","pooled"
"pooled",-0.108723826522993,0.652339273111975,-0.057884295708732,"Semicossyphus pulcher",10,"Blue Cavern Onshore SMCA","PISCO","pooled"
"pooled",0.42284149416702,0.63621638363553,0.22511976324812,"Semicossyphus pulcher",11,"Blue Cavern Onshore SMCA","PISCO","pooled"
"pooled",-0.579057969795581,0.63621638363553,-0.30828902760387,"Semicossyphus pulcher",11,"Blue Cavern Onshore SMCA","PISCO","pooled"
"pooled",0.213664129674084,0.759417180257271,0.113754252953818,"Semicossyphus pulcher",1,"Cat Harbor SMCA","PISCO","pooled"
"pooled",0.403733629548409,0.759417180257271,0.214946783494577,"Semicossyphus pulcher",1,"Cat Harbor SMCA","PISCO","pooled"
"pooled",-0.672242986846635,0.598251602552602,-0.357900499671272,"Semicossyphus pulcher",7,"Cat Harbor SMCA","PISCO","pooled"
"pooled",-0.630000300867183,0.598251602552602,-0.335410598377661,"Semicossyphus pulcher",7,"Cat Harbor SMCA","PISCO","pooled"
"pooled",-0.0503229961295354,0.571390672935157,-0.0267918383859988,"Semicossyphus pulcher",8,"Cat Harbor SMCA","PISCO","pooled"
"pooled",0.227117023282615,0.571390672935157,0.120916540160565,"Semicossyphus pulcher",8,"Cat Harbor SMCA","PISCO","pooled"
"pooled",0.139408268708335,0.544529743317713,0.074220616659855,"Semicossyphus pulcher",9,"Cat Harbor SMCA","PISCO","pooled"
"pooled",-0.639839923122038,0.544529743317713,-0.340649188873203,"Semicossyphus pulcher",9,"Cat Harbor SMCA","PISCO","pooled"
"pooled",0.885116959362752,0.517668813700268,0.471234074913029,"Semicossyphus pulcher",10,"Cat Harbor SMCA","PISCO","pooled"
"pooled",0.624428586907582,0.517668813700268,0.332444231678143,"Semicossyphus pulcher",10,"Cat Harbor SMCA","PISCO","pooled"
"pooled",0.0847395578281238,0.490807884082823,0.0451151305138527,"Semicossyphus pulcher",11,"Cat Harbor SMCA","PISCO","pooled"
"pooled",-0.351045941707664,0.490807884082823,-0.186895989103726,"Semicossyphus pulcher",11,"Cat Harbor SMCA","PISCO","pooled"
"pooled",2.69177121562488,0.0710574842409563,1.43309232215565,"Semicossyphus pulcher",7,"Dana Point SMCA","PISCO","pooled"
"pooled",2.06900867925531,0.0710574842409563,1.10153509165371,"Semicossyphus pulcher",7,"Dana Point SMCA","PISCO","pooled"
"pooled",-1.58367809868033,-0.00460981674058569,-0.843146293715743,"Semicossyphus pulcher",8,"Dana Point SMCA","PISCO","pooled"
"pooled",-0.985788887287291,-0.00460981674058569,-0.524831559769026,"Semicossyphus pulcher",8,"Dana Point SMCA","PISCO","pooled"
"pooled",-2.72698966478362,-0.0802771177221275,-1.45184253717936,"Semicossyphus pulcher",9,"Dana Point SMCA","PISCO","pooled"
"pooled",-2.75782621162828,-0.0802771177221275,-1.46825983827403,"Semicossyphus pulcher",9,"Dana Point SMCA","PISCO","pooled"
"pooled",-0.686132213654978,-0.155944418703669,-0.365295089591906,"Semicossyphus pulcher",10,"Dana Point SMCA","PISCO","pooled"
"pooled",-0.59329222850732,-0.155944418703669,-0.315867311654521,"Semicossyphus pulcher",10,"Dana Point SMCA","PISCO","pooled"
"pooled",0.68329918653832,-0.231611719685211,0.363786792978222,"Semicossyphus pulcher",11,"Dana Point SMCA","PISCO","pooled"
"pooled",-0.197383885833147,-0.231611719685211,-0.105086691492487,"Semicossyphus pulcher",11,"Dana Point SMCA","PISCO","pooled"
"pooled",-0.368853744183428,0.368877064498565,-0.19637681899534,"Semicossyphus pulcher",7,"Farnsworth Onshore SMCA","PISCO","pooled"
"pooled",-0.516201779255423,0.368877064498565,-0.274824547584107,"Semicossyphus pulcher",7,"Farnsworth Onshore SMCA","PISCO","pooled"
"pooled",-0.193152676099895,0.27747597854685,-0.102834005919897,"Semicossyphus pulcher",9,"Farnsworth Onshore SMCA","PISCO","pooled"
"pooled",-0.254747727469294,0.27747597854685,-0.135627058571578,"Semicossyphus pulcher",9,"Farnsworth Onshore SMCA","PISCO","pooled"
"pooled",-0.383408074172321,0.231775435570993,-0.204125508200473,"Semicossyphus pulcher",10,"Farnsworth Onshore SMCA","PISCO","pooled"
"pooled",-0.377487246752387,0.231775435570993,-0.200973274360145,"Semicossyphus pulcher",10,"Farnsworth Onshore SMCA","PISCO","pooled"
"pooled",0.367040966354298,0.186074892595135,0.195411700573083,"Semicossyphus pulcher",11,"Farnsworth Onshore SMCA","PISCO","pooled"
"pooled",-0.27184171435256,0.186074892595135,-0.144727854811333,"Semicossyphus pulcher",11,"Farnsworth Onshore SMCA","PISCO","pooled"
"pooled",1.71907994379105,0.987947383180949,0.915233900384361,"Semicossyphus pulcher",4,"Long Point SMR","PISCO","pooled"
"pooled",0.259084910605431,0.987947383180949,0.137936164121152,"Semicossyphus pulcher",4,"Long Point SMR","PISCO","pooled"
"pooled",0.219090872927885,1.01031215036668,0.116643437608958,"Semicossyphus pulcher",7,"Long Point SMR","PISCO","pooled"
"pooled",-0.732680413768406,1.01031215036668,-0.390077235936848,"Semicossyphus pulcher",7,"Long Point SMR","PISCO","pooled"
"pooled",-0.00211774559752009,1.01776707276193,-0.00112748250611649,"Semicossyphus pulcher",8,"Long Point SMR","PISCO","pooled"
"pooled",-0.7813782946977,1.01776707276193,-0.416003867018985,"Semicossyphus pulcher",8,"Long Point SMR","PISCO","pooled"
"pooled",1.54732938809047,1.02522199515718,0.823794330308075,"Semicossyphus pulcher",9,"Long Point SMR","PISCO","pooled"
"pooled",0.747845341058724,1.02522199515718,0.398151005631558,"Semicossyphus pulcher",9,"Long Point SMR","PISCO","pooled"
"pooled",0.0259087561091489,1.03267691755242,0.0137937575233358,"Semicossyphus pulcher",10,"Long Point SMR","PISCO","pooled"
"pooled",-0.2854625157222,1.03267691755242,-0.151979535693843,"Semicossyphus pulcher",10,"Long Point SMR","PISCO","pooled"
"pooled",1.90014594202305,1.04013183994767,1.0116329889709,"Semicossyphus pulcher",11,"Long Point SMR","PISCO","pooled"
"pooled",-0.439357979518736,1.04013183994767,-0.233913099104134,"Semicossyphus pulcher",11,"Long Point SMR","PISCO","pooled"
"pooled",-0.789558224516877,0.137750481991162,-0.420358841376237,"Semicossyphus pulcher",1,"Santa Barbara Island SMR","PISCO","pooled"
"pooled",-0.756789690397386,0.137750481991162,-0.402912955045947,"Semicossyphus pulcher",1,"Santa Barbara Island SMR","PISCO","pooled"
"pooled",-0.554431827535363,0.113147911312953,-0.295178130514038,"Semicossyphus pulcher",2,"Santa Barbara Island SMR","PISCO","pooled"
"pooled",-0.324906140402037,0.113147911312953,-0.172979223690559,"Semicossyphus pulcher",2,"Santa Barbara Island SMR","PISCO","pooled"
"pooled",-0.110932221405971,0.0885453406347442,-0.0590600396697019,"Semicossyphus pulcher",3,"Santa Barbara Island SMR","PISCO","pooled"
"pooled",0.262315633438569,0.0885453406347442,0.139656192948381,"Semicossyphus pulcher",3,"Santa Barbara Island SMR","PISCO","pooled"
"pooled",-0.0289414965522196,0.0639427699565353,-0.0154083810169028,"Semicossyphus pulcher",4,"Santa Barbara Island SMR","PISCO","pooled"
"pooled",0.177219286860353,0.0639427699565353,0.0943511089884777,"Semicossyphus pulcher",4,"Santa Barbara Island SMR","PISCO","pooled"
"pooled",0.343431388620347,0.0393401992783263,0.182842019916918,"Semicossyphus pulcher",5,"Santa Barbara Island SMR","PISCO","pooled"
"pooled",-0.0249514618262266,0.0393401992783263,-0.0132840964202911,"Semicossyphus pulcher",5,"Santa Barbara Island SMR","PISCO","pooled"
"pooled",-0.125929554336418,-0.034467512756301,-0.0670445825426913,"Semicossyphus pulcher",8,"Santa Barbara Island SMR","PISCO","pooled"
"pooled",-0.226258749706951,-0.034467512756301,-0.120459597436588,"Semicossyphus pulcher",8,"Santa Barbara Island SMR","PISCO","pooled"
"pooled",0.578778610092529,-0.231288078181973,0.308140297190513,"Semicossyphus pulcher",16,"Santa Barbara Island SMR","PISCO","pooled"
"pooled",-0.208663205997361,-0.231288078181973,-0.111091773585884,"Semicossyphus pulcher",16,"Santa Barbara Island SMR","PISCO","pooled"
"pooled",0.827164227181154,-0.280493219538391,0.440380183967431,"Semicossyphus pulcher",18,"Santa Barbara Island SMR","PISCO","pooled"
"pooled",-0.0657830171794427,-0.280493219538391,-0.0350227152667606,"Semicossyphus pulcher",18,"Santa Barbara Island SMR","PISCO","pooled"
"pooled",1.17462108547951,-0.3050957902166,0.625365353961569,"Semicossyphus pulcher",19,"Santa Barbara Island SMR","PISCO","pooled"
"pooled",0.622550021002051,-0.3050957902166,0.331444087847103,"Semicossyphus pulcher",19,"Santa Barbara Island SMR","PISCO","pooled"
"pooled",0.839919122615402,-0.329698360894809,0.447170858676565,"Semicossyphus pulcher",20,"Santa Barbara Island SMR","PISCO","pooled"
"pooled",0.248352721440857,-0.329698360894809,0.132222373215596,"Semicossyphus pulcher",20,"Santa Barbara Island SMR","PISCO","pooled"
"pooled",2.40727630808717,1.8800191939192,1.28162793866047,"Semicossyphus pulcher",7,"Swamis SMCA","PISCO","pooled"
"pooled",1.76630064577594,1.8800191939192,0.940374085058502,"Semicossyphus pulcher",7,"Swamis SMCA","PISCO","pooled"
"pooled",1.64525244149975,1.9644827643024,0.875928321186748,"Semicossyphus pulcher",8,"Swamis SMCA","PISCO","pooled"
"pooled",0.459054939109305,1.9644827643024,0.24439971156035,"Semicossyphus pulcher",8,"Swamis SMCA","PISCO","pooled"
"pooled",1.15531334285697,2.04894633468561,0.615085959654242,"Semicossyphus pulcher",9,"Swamis SMCA","PISCO","pooled"
"pooled",0.148278242650609,2.04894633468561,0.0789429687975878,"Semicossyphus pulcher",9,"Swamis SMCA","PISCO","pooled"
"pooled",1.22489858155243,2.13340990506882,0.652132968230225,"Semicossyphus pulcher",10,"Swamis SMCA","PISCO","pooled"
"pooled",0.431539452392724,2.13340990506882,0.229750534644787,"Semicossyphus pulcher",10,"Swamis SMCA","PISCO","pooled"
"pooled",2.18895792826519,2.21787347545202,1.16539577446605,"Semicossyphus pulcher",11,"Swamis SMCA","PISCO","pooled"
"pooled",0.397086302584178,2.21787347545202,0.211407763097896,"Semicossyphus pulcher",11,"Swamis SMCA","PISCO","pooled"
"pooled",1.2451683042172,-1.2451683042172,0.662924518327232,"Macrocystis pyrifera",1,"Santa Barbara Island SMR","KFM","pooled"
"pooled",1.08051328366925,-1.08051328366925,0.575262593575997,"Macrocystis pyrifera",2,"Santa Barbara Island SMR","KFM","pooled"
"pooled",0.915858263121295,-0.915858263121295,0.487600668824762,"Macrocystis pyrifera",3,"Santa Barbara Island SMR","KFM","pooled"
"pooled",0.751203242573344,-0.751203242573344,0.399938744073526,"Macrocystis pyrifera",4,"Santa Barbara Island SMR","KFM","pooled"
"pooled",0.586548222025392,-0.586548222025392,0.312276819322291,"Macrocystis pyrifera",5,"Santa Barbara Island SMR","KFM","pooled"
"pooled",0.42189320147744,-0.42189320147744,0.224614894571055,"Macrocystis pyrifera",6,"Santa Barbara Island SMR","KFM","pooled"
"pooled",1.2451683042172,-1.2451683042172,0.662924518327232,"Macrocystis pyrifera",1,"Santa Barbara Island SMR","KFM","pooled"
"pooled",-0.570907925606616,-0.122239254953329,-0.303949964282055,"Mesocentrotus franciscanus",1,"Santa Barbara Island SMR","KFM","pooled"
"pooled",-2.50572795293873,-0.438711026227712,-1.33404335031261,"Panulirus interruptus",1,"Santa Barbara Island SMR","KFM","pooled"
"pooled",-0.258694989392702,-0.611352667295483,-0.13772857103413,"Strongylocentrotus purpuratus",1,"Santa Barbara Island SMR","KFM","pooled"
"pooled",1.08051328366925,-1.08051328366925,0.575262593575997,"Macrocystis pyrifera",2,"Santa Barbara Island SMR","KFM","pooled"
"pooled",-0.111805776741102,-0.182491534829398,-0.0595251183645359,"Mesocentrotus franciscanus",2,"Santa Barbara Island SMR","KFM","pooled"
"pooled",0.327693625978096,-0.327693625978096,0.174463274100929,"Panulirus interruptus",2,"Santa Barbara Island SMR","KFM","pooled"
"pooled",-1.62312230411928,-0.68809211557282,-0.864146290907168,"Strongylocentrotus purpuratus",2,"Santa Barbara Island SMR","KFM","pooled"
"pooled",0.915858263121295,-0.915858263121295,0.487600668824762,"Macrocystis pyrifera",3,"Santa Barbara Island SMR","KFM","pooled"
"pooled",-0.0969335528646942,-0.242743814705467,-0.0516071832417649,"Mesocentrotus franciscanus",3,"Santa Barbara Island SMR","KFM","pooled"
"pooled",-2.61653711832774,-0.21667622572848,-1.39303787526395,"Panulirus interruptus",3,"Santa Barbara Island SMR","KFM","pooled"
"pooled",-2.6081949408453,-0.764831563850157,-1.388596520653,"Strongylocentrotus purpuratus",3,"Santa Barbara Island SMR","KFM","pooled"
"pooled",0.751203242573344,-0.751203242573344,0.399938744073526,"Macrocystis pyrifera",4,"Santa Barbara Island SMR","KFM","pooled"
"pooled",0.154838350151889,-0.302996094581536,0.0824355537684158,"Mesocentrotus franciscanus",4,"Santa Barbara Island SMR","KFM","pooled"
"pooled",-2.45929053198268,-0.105658825478864,-1.30932018251643,"Panulirus interruptus",4,"Santa Barbara Island SMR","KFM","pooled"
"pooled",-2.07349335835905,-0.841571012127493,-1.10392272369079,"Strongylocentrotus purpuratus",4,"Santa Barbara Island SMR","KFM","pooled"
"pooled",0.586548222025392,-0.586548222025392,0.312276819322291,"Macrocystis pyrifera",5,"Santa Barbara Island SMR","KFM","pooled"
"pooled",0.456338797523617,-0.363248374457604,0.242953644513587,"Mesocentrotus franciscanus",5,"Santa Barbara Island SMR","KFM","pooled"
"pooled",-0.960870019798189,0.00535857477075252,-0.511564816493017,"Panulirus interruptus",5,"Santa Barbara Island SMR","KFM","pooled"
"pooled",-0.87756963649305,-0.91831046040483,-0.467215898927412,"Strongylocentrotus purpuratus",5,"Santa Barbara Island SMR","KFM","pooled"
"pooled",0.42189320147744,-0.42189320147744,0.224614894571055,"Macrocystis pyrifera",6,"Santa Barbara Island SMR","KFM","pooled"
"pooled",0.409070389504645,-0.423500654333673,0.217788061265167,"Mesocentrotus franciscanus",6,"Santa Barbara Island SMR","KFM","pooled"
"pooled",0.134938453260537,0.116375975020369,0.0718408979963559,"Panulirus interruptus",6,"Santa Barbara Island SMR","KFM","pooled"
"pooled",-0.909209166295463,-0.995049908682167,-0.48406070615815,"Strongylocentrotus purpuratus",6,"Santa Barbara Island SMR","KFM","pooled"
"pooled",-1.9048278939123,-0.257238180929488,-1.01412564854993,"Macrocystis pyrifera",7,"Santa Barbara Island SMR","KFM","pooled"
"pooled",0.417662822380752,-0.483752934209742,0.222362651227312,"Mesocentrotus franciscanus",7,"Santa Barbara Island SMR","KFM","pooled"
"pooled",-1.3260056639381,0.227393375269985,-0.705962128242552,"Panulirus interruptus",7,"Santa Barbara Island SMR","KFM","pooled"
"pooled",-0.579114498459686,-1.0717893569595,-0.308319123324502,"Strongylocentrotus purpuratus",7,"Santa Barbara Island SMR","KFM","pooled"
"pooled",0.0925831603815367,-0.0925831603815367,0.0492910450685847,"Macrocystis pyrifera",8,"Santa Barbara Island SMR","KFM","pooled"
"pooled",-0.0385445904786251,-0.544005214085811,-0.020521044416744,"Mesocentrotus franciscanus",8,"Santa Barbara Island SMR","KFM","pooled"
"pooled",-0.674883012140814,0.338410775519601,-0.35930604259313,"Panulirus interruptus",8,"Santa Barbara Island SMR","KFM","pooled"
"pooled",0.33171706987247,-1.14852880523684,0.176605345655963,"Strongylocentrotus purpuratus",8,"Santa Barbara Island SMR","KFM","pooled"
"pooled",-0.0720718601664149,0.0720718601664149,-0.0383708796826506,"Macrocystis pyrifera",9,"Santa Barbara Island SMR","KFM","pooled"
"pooled",-1.33788617229796,-0.60425749396188,-0.712287281440936,"Mesocentrotus franciscanus",9,"Santa Barbara Island SMR","KFM","pooled"
"pooled",-1.03721484067134,0.449428175769217,-0.552210609863037,"Panulirus interruptus",9,"Santa Barbara Island SMR","KFM","pooled"
"pooled",0.215580172040468,-1.22526825351418,0.11477434915971,"Strongylocentrotus purpuratus",9,"Santa Barbara Island SMR","KFM","pooled"
"pooled",-1.97422597665348,0.236726880714367,-1.05107301575982,"Macrocystis pyrifera",10,"Santa Barbara Island SMR","KFM","pooled"
"pooled",-2.37318669881507,-0.664509773837948,-1.26347871519395,"Mesocentrotus franciscanus",10,"Santa Barbara Island SMR","KFM","pooled"
"pooled",-0.309131147737928,0.560445576018834,-0.164580656703227,"Panulirus interruptus",10,"Santa Barbara Island SMR","KFM","pooled"
"pooled",-0.549205086044395,-1.30200770179151,-0.292395426301615,"Strongylocentrotus purpuratus",10,"Santa Barbara Island SMR","KFM","pooled"
"pooled",4.37523317896959,0.401381901262319,2.32936329804923,"Macrocystis pyrifera",11,"Santa Barbara Island SMR","KFM","pooled"
"pooled",-0.992034377040583,-0.724762053714017,-0.52815664303078,"Mesocentrotus franciscanus",11,"Santa Barbara Island SMR","KFM","pooled"
"pooled",-0.403198989673771,0.67146297626845,-0.214662142550721,"Panulirus interruptus",11,"Santa Barbara Island SMR","KFM","pooled"
"pooled",-0.916270923573709,-1.37874715006885,-0.487820368226619,"Strongylocentrotus purpuratus",11,"Santa Barbara Island SMR","KFM","pooled"
"pooled",5.04116639168991,0.56603692181027,2.68390448961791,"Macrocystis pyrifera",12,"Santa Barbara Island SMR","KFM","pooled"
"pooled",-0.219569005429743,-0.785014333590087,-0.116897994167632,"Mesocentrotus franciscanus",12,"Santa Barbara Island SMR","KFM","pooled"
"pooled",0.120387335023949,0.782480376518066,0.0640939187201871,"Panulirus interruptus",12,"Santa Barbara Island SMR","KFM","pooled"
"pooled",-0.209042696334071,-1.45548659834619,-0.111293813300372,"Strongylocentrotus purpuratus",12,"Santa Barbara Island SMR","KFM","pooled"
"pooled",1.40839791565031,0.730691942358222,0.74982755879939,"Macrocystis pyrifera",13,"Santa Barbara Island SMR","KFM","pooled"
"pooled",0.111297438385955,-0.845266613466155,0.0592544802844532,"Mesocentrotus franciscanus",13,"Santa Barbara Island SMR","KFM","pooled"
"pooled",0.319524863078168,0.893497776767682,0.170114244983801,"Panulirus interruptus",13,"Santa Barbara Island SMR","KFM","pooled"
"pooled",0.965119586958945,-1.53222604662353,0.513827275514502,"Strongylocentrotus purpuratus",13,"Santa Barbara Island SMR","KFM","pooled"
"pooled",-1.42807005556907,0.895346962906174,-0.760300957323864,"Macrocystis pyrifera",14,"Santa Barbara Island SMR","KFM","pooled"
"pooled",1.16041114297101,-0.905518893342224,0.617800015797244,"Mesocentrotus franciscanus",14,"Santa Barbara Island SMR","KFM","pooled"
"pooled",-0.730078331315539,1.0045151770173,-0.388691893689642,"Panulirus interruptus",14,"Santa Barbara Island SMR","KFM","pooled"
"pooled",0.034119027236382,-1.60896549490086,0.0181648855177789,"Strongylocentrotus purpuratus",14,"Santa Barbara Island SMR","KFM","pooled"
"pooled",-1.88899156672502,1.06000198345413,-1.00569442721452,"Macrocystis pyrifera",15,"Santa Barbara Island SMR","KFM","pooled"
"pooled",-0.304691372376478,-0.965771173218292,-0.162216931307229,"Mesocentrotus franciscanus",15,"Santa Barbara Island SMR","KFM","pooled"
"pooled",-0.0169202885988047,1.11553257726691,-0.00900831970371433,"Panulirus interruptus",15,"Santa Barbara Island SMR","KFM","pooled"
"pooled",-0.753739332533041,-1.6857049431782,-0.401288952080968,"Strongylocentrotus purpuratus",15,"Santa Barbara Island SMR","KFM","pooled"
"pooled",2.30695923161563,1.22465700400208,1.22821937583836,"Macrocystis pyrifera",16,"Santa Barbara Island SMR","KFM","pooled"
"pooled",-0.269756900484698,-1.02602345309436,-0.143617905076447,"Mesocentrotus franciscanus",16,"Santa Barbara Island SMR","KFM","pooled"
"pooled",-1.81433664241865,1.22654997751653,-0.965948330587307,"Panulirus interruptus",16,"Santa Barbara Island SMR","KFM","pooled"
"pooled",-0.283036550985794,-1.76244439145554,-0.150687958082275,"Strongylocentrotus purpuratus",16,"Santa Barbara Island SMR","KFM","pooled"
"pooled",1.98095466033924,1.55396704509798,1.05465535027336,"Macrocystis pyrifera",18,"Santa Barbara Island SMR","KFM","pooled"
"pooled",0.181447116802912,-1.1465280128465,0.0966019951688826,"Mesocentrotus franciscanus",18,"Santa Barbara Island SMR","KFM","pooled"
"pooled",-0.406167047691294,1.44858477801576,-0.216242329281277,"Panulirus interruptus",18,"Santa Barbara Island SMR","KFM","pooled"
"pooled",-1.47107114347395,-1.91592328801021,-0.783194629922454,"Strongylocentrotus purpuratus",18,"Santa Barbara Island SMR","KFM","pooled"
"pooled",-0.547150432976073,1.71862206564593,-0.291301534101633,"Macrocystis pyrifera",19,"Santa Barbara Island SMR","KFM","pooled"
"pooled",0.0436294829168882,-1.20678029272257,0.0232282285451583,"Mesocentrotus franciscanus",19,"Santa Barbara Island SMR","KFM","pooled"
"pooled",-2.88452759300898,1.55960217826538,-1.5357153396217,"Panulirus interruptus",19,"Santa Barbara Island SMR","KFM","pooled"
"pooled",-2.08062841673672,-1.99266273628755,-1.10772141108287,"Strongylocentrotus purpuratus",19,"Santa Barbara Island SMR","KFM","pooled"
"pooled",-0.193671819974264,1.88327708619388,-0.103110396831626,"Macrocystis pyrifera",20,"Santa Barbara Island SMR","KFM","pooled"
"pooled",1.12042909840676,-1.26703257259864,0.596513674388836,"Mesocentrotus franciscanus",20,"Santa Barbara Island SMR","KFM","pooled"
"pooled",-1.34784618625195,1.670619578515,-0.717589968178637,"Panulirus interruptus",20,"Santa Barbara Island SMR","KFM","pooled"
"pooled",-0.413766845324576,-2.06940218456488,-0.220288442700937,"Strongylocentrotus purpuratus",20,"Santa Barbara Island SMR","KFM","pooled"
"pooled",-1.31105960191211,1.06000198345413,-0.698004881871995,"Macrocystis pyrifera",15,"Santa Barbara Island SMR","KFM","pooled"
"pooled",2.40475096962863,1.22465700400208,1.2802834547256,"Macrocystis pyrifera",16,"Santa Barbara Island SMR","KFM","pooled"
"pooled",2.40611407530619,1.55396704509798,1.28100916880912,"Macrocystis pyrifera",18,"Santa Barbara Island SMR","KFM","pooled"
"pooled",-0.387464673059112,1.71862206564593,-0.206285231391278,"Macrocystis pyrifera",19,"Santa Barbara Island SMR","KFM","pooled"
"pooled",-0.172730037623574,1.88327708619388,-0.0919610438239029,"Macrocystis pyrifera",20,"Santa Barbara Island SMR","KFM","pooled"
"pooled",-6.33566158558995,-0.257238180929488,-3.37309052172833,"Macrocystis pyrifera",7,"Santa Barbara Island SMR","KFM","pooled"
"pooled",0.0925831603815367,-0.0925831603815367,0.0492910450685847,"Macrocystis pyrifera",8,"Santa Barbara Island SMR","KFM","pooled"
"pooled",-0.0720718601664149,0.0720718601664149,-0.0383708796826506,"Macrocystis pyrifera",9,"Santa Barbara Island SMR","KFM","pooled"
"pooled",-1.70361324916456,0.236726880714367,-0.906999470507969,"Macrocystis pyrifera",10,"Santa Barbara Island SMR","KFM","pooled"
"pooled",8.55517668735658,0.401381901262319,4.55475485961369,"Macrocystis pyrifera",11,"Santa Barbara Island SMR","KFM","pooled"
"pooled",9.22581898422334,0.56603692181027,4.91180315590787,"Macrocystis pyrifera",12,"Santa Barbara Island SMR","KFM","pooled"
"pooled",1.68704316704238,0.730691942358222,0.89817759986423,"Macrocystis pyrifera",13,"Santa Barbara Island SMR","KFM","pooled"
"pooled",-1.42972977354323,0.895346962906174,-0.761184587058777,"Macrocystis pyrifera",14,"Santa Barbara Island SMR","KFM","pooled"
"pooled",-1.03851219170192,0.0858538156568877,-0.552901316335516,"Semicossyphus pulcher",1,"Santa Barbara Island SMR","KFM","pooled"
"pooled",-0.438939019303019,0.0612512449786788,-0.233690045723911,"Semicossyphus pulcher",2,"Santa Barbara Island SMR","KFM","pooled"
"pooled",-0.538681546118482,0.0366486743004697,-0.28679271973347,"Semicossyphus pulcher",3,"Santa Barbara Island SMR","KFM","pooled"
"pooled",0.361361399268849,0.0120461036222608,0.192387913136737,"Semicossyphus pulcher",4,"Santa Barbara Island SMR","KFM","pooled"
"pooled",-0.739375408398425,-0.0125564670559482,-0.393641634480625,"Semicossyphus pulcher",5,"Santa Barbara Island SMR","KFM","pooled"
"pooled",-0.0920765823294957,-0.0371590377341573,-0.0490213441695118,"Semicossyphus pulcher",6,"Santa Barbara Island SMR","KFM","pooled"
"pooled",0.485117650552844,-0.0617616084123663,0.258275434522051,"Semicossyphus pulcher",7,"Santa Barbara Island SMR","KFM","pooled"
"pooled",-0.954602591273125,-0.0863641790905755,-0.508228053083559,"Semicossyphus pulcher",8,"Santa Barbara Island SMR","KFM","pooled"
"pooled",-1.04403707075935,-0.110966749768784,-0.555842748249224,"Semicossyphus pulcher",9,"Santa Barbara Island SMR","KFM","pooled"
"pooled",-0.0646147865985258,-0.135569320446993,-0.0344007522015858,"Semicossyphus pulcher",10,"Santa Barbara Island SMR","KFM","pooled"
"pooled",0.167993160045621,-0.160171891125202,0.0894391419443702,"Semicossyphus pulcher",11,"Santa Barbara Island SMR","KFM","pooled"
"pooled",-1.00214454753104,0.0858538156568877,-0.533539272736254,"Semicossyphus pulcher",1,"Santa Barbara Island SMR","KFM","pooled"
"pooled",0.105802839684487,0.0612512449786788,0.0563291695571922,"Semicossyphus pulcher",2,"Santa Barbara Island SMR","KFM","pooled"
"pooled",-0.2730374523647,0.0366486743004697,-0.145364462764698,"Semicossyphus pulcher",3,"Santa Barbara Island SMR","KFM","pooled"
"pooled",0.324426132998952,0.0120461036222608,0.17272366893912,"Semicossyphus pulcher",4,"Santa Barbara Island SMR","KFM","pooled"
"pooled",0.0125564670559482,-0.0125564670559482,0.00668503193244164,"Semicossyphus pulcher",5,"Santa Barbara Island SMR","KFM","pooled"
"pooled",0.700453255144421,-0.0371590377341573,0.372919576578268,"Semicossyphus pulcher",6,"Santa Barbara Island SMR","KFM","pooled"
"pooled",0.133220572394511,-0.0617616084123663,0.0709263024820012,"Semicossyphus pulcher",7,"Santa Barbara Island SMR","KFM","pooled"
"pooled",-0.532675029315647,-0.0863641790905755,-0.283594865078113,"Semicossyphus pulcher",8,"Santa Barbara Island SMR","KFM","pooled"
"pooled",-1.73485994072955,-0.110966749768784,-0.92363513163497,"Semicossyphus pulcher",9,"Santa Barbara Island SMR","KFM","pooled"
"pooled",-0.138867525254767,-0.135569320446993,-0.0739327261857068,"Semicossyphus pulcher",10,"Santa Barbara Island SMR","KFM","pooled"
"pooled",0.521185236662532,-0.160171891125202,0.277477727953398,"Semicossyphus pulcher",11,"Santa Barbara Island SMR","KFM","pooled"
"pooled",-0.411208970302887,-0.184774461803411,-0.218926636380497,"Semicossyphus pulcher",12,"Santa Barbara Island SMR","KFM","pooled"
"pooled",-0.95592663068516,-0.20937703248162,-0.508932968384163,"Semicossyphus pulcher",13,"Santa Barbara Island SMR","KFM","pooled"
"pooled",-0.0954995979704127,-0.233979603159829,-0.0508437492108994,"Semicossyphus pulcher",14,"Santa Barbara Island SMR","KFM","pooled"
"pooled",-0.628721021162865,-0.258582173838038,-0.334729513034484,"Semicossyphus pulcher",15,"Santa Barbara Island SMR","KFM","pooled"
"pooled",-1.17406135257593,-0.283184744516248,-0.625067353551311,"Semicossyphus pulcher",16,"Santa Barbara Island SMR","KFM","pooled"
"pooled",0.332389885872666,-0.332389885872666,0.176963551226521,"Semicossyphus pulcher",18,"Santa Barbara Island SMR","KFM","pooled"
"pooled",-0.0783256147069701,-0.356992456550875,-0.0417003630966543,"Semicossyphus pulcher",19,"Santa Barbara Island SMR","KFM","pooled"
"pooled",1.76788938834897,-0.381595027229084,0.941219927665808,"Semicossyphus pulcher",20,"Santa Barbara Island SMR","KFM","pooled"
"pooled",-0.51770243342942,-0.233979603159829,-0.275623492146142,"Semicossyphus pulcher",14,"Santa Barbara Island SMR","KFM","pooled"
"pooled",-0.849774765984572,-0.258582173838038,-0.45241797877365,"Semicossyphus pulcher",15,"Santa Barbara Island SMR","KFM","pooled"
"pooled",0.2436200106612,-0.184774461803411,0.129702689729147,"Semicossyphus pulcher",12,"Santa Barbara Island SMR","KFM","pooled"
"pooled",-0.29724346053764,-0.20937703248162,-0.158251681507998,"Semicossyphus pulcher",13,"Santa Barbara Island SMR","KFM","pooled"
"pooled",-0.38352565295595,-0.381595027229084,-0.204188106853394,"Semicossyphus pulcher",20,"Santa Barbara Island SMR","KFM","pooled"
"pooled",-1.02331292436003,-0.283184744516248,-0.544809264082483,"Semicossyphus pulcher",16,"Santa Barbara Island SMR","KFM","pooled"
"pooled",-0.634820431594815,-0.356992456550875,-0.337976824027694,"Semicossyphus pulcher",19,"Santa Barbara Island SMR","KFM","pooled"
"bio",-1.53406170472743,0.394201203526466,-0.670291245339724,"Mesocentrotus franciscanus",2,"Campus Point SMCA","LTER","bio"
"bio",0.39163009617817,-0.178276685316576,0.171118426378047,"Strongylocentrotus purpuratus",2,"Campus Point SMCA","LTER","bio"
"bio",-1.24272495780666,0.239002034641515,-0.542994885418244,"Mesocentrotus franciscanus",3,"Campus Point SMCA","LTER","bio"
"bio",-0.132716972485424,-0.348246965571257,-0.0579892089678225,"Strongylocentrotus purpuratus",3,"Campus Point SMCA","LTER","bio"
"bio",-2.30756762624618,0.0838028657565633,-1.00826607765234,"Mesocentrotus franciscanus",4,"Campus Point SMCA","LTER","bio"
"bio",1.41067401005201,-0.518217245825938,0.616378360826206,"Strongylocentrotus purpuratus",4,"Campus Point SMCA","LTER","bio"
"bio",-0.372845052883258,0.549400372411417,-0.162910510082956,"Mesocentrotus franciscanus",1,"Campus Point SMCA","LTER","bio"
"bio",-0.136599520884307,-0.00830640506189555,-0.059685645423644,"Strongylocentrotus purpuratus",1,"Campus Point SMCA","LTER","bio"
"bio",0.335994991571941,-1.19809836684466,0.146809284551356,"Strongylocentrotus purpuratus",8,"Campus Point SMCA","LTER","bio"
"bio",-2.48110369231288,-0.692192978668193,-1.08409073677573,"Mesocentrotus franciscanus",9,"Campus Point SMCA","LTER","bio"
"bio",1.16767168202725,-1.36806864709934,0.510201189093007,"Strongylocentrotus purpuratus",9,"Campus Point SMCA","LTER","bio"
"bio",-0.609702313499855,-0.847392147553145,-0.266402662776165,"Mesocentrotus franciscanus",10,"Campus Point SMCA","LTER","bio"
"bio",0.447066515434032,-1.53803892735402,0.195340754844808,"Strongylocentrotus purpuratus",10,"Campus Point SMCA","LTER","bio"
"bio",-1.91749150191106,-1.0025913164381,-0.83782664203372,"Mesocentrotus franciscanus",11,"Campus Point SMCA","LTER","bio"
"bio",-1.48183899353696,-0.0713963031283881,-0.647473110964163,"Mesocentrotus franciscanus",5,"Campus Point SMCA","LTER","bio"
"bio",1.69160771614207,-0.688187526080619,0.739129227452178,"Strongylocentrotus purpuratus",5,"Campus Point SMCA","LTER","bio"
"bio",-2.29633460118845,-0.226595472013339,-1.00335793195541,"Mesocentrotus franciscanus",6,"Campus Point SMCA","LTER","bio"
"bio",0.638868100225542,-0.858157806335299,0.279146329765197,"Strongylocentrotus purpuratus",6,"Campus Point SMCA","LTER","bio"
"bio",-5.04199162780591,-0.381794640898291,-2.20304231360431,"Mesocentrotus franciscanus",7,"Campus Point SMCA","LTER","bio"
"bio",1.07974258893201,-1.02812808658998,0.471781547216298,"Strongylocentrotus purpuratus",7,"Campus Point SMCA","LTER","bio"
"bio",-4.32891670289936,-0.536993809783242,-1.89147213493209,"Mesocentrotus franciscanus",8,"Campus Point SMCA","LTER","bio"
"bio",0.452789454976013,-1.7080092076087,0.197841329796113,"Strongylocentrotus purpuratus",11,"Campus Point SMCA","LTER","bio"
"bio",-0.125184553426764,0.724959080165996,-0.0546980020133103,"Mesocentrotus franciscanus",1,"Naples SMCA","LTER","bio"
"bio",0.107505187699906,0.167252302692683,0.0469731992668798,"Strongylocentrotus purpuratus",1,"Naples SMCA","LTER","bio"
"bio",-0.117513765078914,0.736411728902005,-0.0513463361327441,"Mesocentrotus franciscanus",2,"Naples SMCA","LTER","bio"
"bio",-0.661589099470561,0.163933840058962,-0.289074018353195,"Strongylocentrotus purpuratus",2,"Naples SMCA","LTER","bio"
"bio",-0.0424438174278674,0.747864377638013,-0.018545355218128,"Mesocentrotus franciscanus",3,"Naples SMCA","LTER","bio"
"bio",-0.10137796187685,0.160615377425242,-0.0442959759095939,"Strongylocentrotus purpuratus",3,"Naples SMCA","LTER","bio"
"bio",1.61540302929814,0.759317026374022,0.705832434834297,"Mesocentrotus franciscanus",4,"Naples SMCA","LTER","bio"
"bio",-0.277950097468715,0.157296914791521,-0.121447211934481,"Strongylocentrotus purpuratus",4,"Naples SMCA","LTER","bio"
"bio",-0.714028959757515,0.77076967511003,-0.311987033617746,"Mesocentrotus franciscanus",5,"Naples SMCA","LTER","bio"
"bio",-0.797271751604179,0.1539784521578,-0.348359048146568,"Strongylocentrotus purpuratus",5,"Naples SMCA","LTER","bio"
"bio",0.149883593713167,0.782222323846039,0.0654899736929701,"Mesocentrotus franciscanus",6,"Naples SMCA","LTER","bio"
"bio",-0.0260566709425331,0.150659989524079,-0.0113851733353719,"Strongylocentrotus purpuratus",6,"Naples SMCA","LTER","bio"
"bio",0.963542337935502,0.793674972582048,0.421009136491738,"Mesocentrotus franciscanus",7,"Naples SMCA","LTER","bio"
"bio",0.377923251238748,0.147341526890358,0.1651293725246,"Strongylocentrotus purpuratus",7,"Naples SMCA","LTER","bio"
"bio",-0.261699626743165,0.805127621318056,-0.11434674900889,"Mesocentrotus franciscanus",8,"Naples SMCA","LTER","bio"
"bio",-0.0462349234436471,0.144023064256638,-0.0202018369389747,"Strongylocentrotus purpuratus",8,"Naples SMCA","LTER","bio"
"bio",0.488952997420275,0.816580270054065,0.213642588523948,"Mesocentrotus franciscanus",9,"Naples SMCA","LTER","bio"
"bio",-0.0451475365665064,0.140704601622917,-0.0197267153048197,"Strongylocentrotus purpuratus",9,"Naples SMCA","LTER","bio"
"bio",0.780513115771067,0.828032918790073,0.341036548114037,"Mesocentrotus franciscanus",10,"Naples SMCA","LTER","bio"
"bio",0.291596419174984,0.137386138989196,0.127409820832554,"Strongylocentrotus purpuratus",10,"Naples SMCA","LTER","bio"
"bio",0.740876775661739,0.839485567526081,0.323717888968373,"Mesocentrotus franciscanus",11,"Naples SMCA","LTER","bio"
"bio",0.533820373695861,0.134067676355475,0.233246890897321,"Strongylocentrotus purpuratus",11,"Naples SMCA","LTER","bio"
"bio",-0.639233905472236,-0.741771226558295,-0.279306164310054,"Macrocystis pyrifera",1,"Abalone Cove SMCA","PISCO","bio"
"bio",0.605538327220164,0.509991673301236,0.264583255160167,"Mesocentrotus franciscanus",1,"Abalone Cove SMCA","PISCO","bio"
"bio",-0.345060161490311,-0.753552127177799,-0.150770209992018,"Panulirus interruptus",1,"Abalone Cove SMCA","PISCO","bio"
"bio",-4.53866936638928,1.09633526789854,-1.98312123456786,"Semicossyphus pulcher",1,"Abalone Cove SMCA","PISCO","bio"
"bio",-0.112588151718008,-0.0477151041720768,-0.0491941440119389,"Strongylocentrotus purpuratus",1,"Abalone Cove SMCA","PISCO","bio"
"bio",-3.05984063282812,-0.600925249267417,-1.33696342330889,"Macrocystis pyrifera",2,"Abalone Cove SMCA","PISCO","bio"
"bio",0.672171862822655,0.414547691125445,0.293698039410855,"Mesocentrotus franciscanus",2,"Abalone Cove SMCA","PISCO","bio"
"bio",-3.36634183327892,-0.621165507715726,-1.470885722989,"Panulirus interruptus",2,"Abalone Cove SMCA","PISCO","bio"
"bio",-1.73379102085486,1.03571295678538,-0.757560754529183,"Semicossyphus pulcher",2,"Abalone Cove SMCA","PISCO","bio"
"bio",1.90970817621086,-0.157930197717597,0.83442580420536,"Strongylocentrotus purpuratus",2,"Abalone Cove SMCA","PISCO","bio"
"bio",0.765665123071501,-0.460079271976539,0.334548882404948,"Macrocystis pyrifera",3,"Abalone Cove SMCA","PISCO","bio"
"bio",1.46507635435907,0.319103708949655,0.640148861714535,"Mesocentrotus franciscanus",3,"Abalone Cove SMCA","PISCO","bio"
"bio",-4.09608540162828,-0.488778888253653,-1.78973908051705,"Panulirus interruptus",3,"Abalone Cove SMCA","PISCO","bio"
"bio",-0.942029141658042,0.975090645672208,-0.411609184012891,"Semicossyphus pulcher",3,"Abalone Cove SMCA","PISCO","bio"
"bio",-0.257033379265557,-0.268145291263117,-0.112307883933782,"Strongylocentrotus purpuratus",3,"Abalone Cove SMCA","PISCO","bio"
"bio",1.56759782766325,-0.319233294685662,0.684944482257932,"Macrocystis pyrifera",4,"Abalone Cove SMCA","PISCO","bio"
"bio",0.815845327678576,0.223659726773864,0.35647456618535,"Mesocentrotus franciscanus",4,"Abalone Cove SMCA","PISCO","bio"
"bio",-3.09156859655598,-0.356392268791579,-1.35082660511814,"Panulirus interruptus",4,"Abalone Cove SMCA","PISCO","bio"
"bio",-2.40527521994794,0.91446833455904,-1.05095832690129,"Semicossyphus pulcher",4,"Abalone Cove SMCA","PISCO","bio"
"bio",-0.0310199963738348,-0.378360384808637,-0.0135538433270165,"Strongylocentrotus purpuratus",4,"Abalone Cove SMCA","PISCO","bio"
"bio",0.504289292832725,-0.178387317394784,0.220343612686946,"Macrocystis pyrifera",5,"Abalone Cove SMCA","PISCO","bio"
"bio",0.490424055011696,0.128215744598073,0.21428535082085,"Mesocentrotus franciscanus",5,"Abalone Cove SMCA","PISCO","bio"
"bio",-1.77417816151126,-0.224005649329506,-0.775207467645657,"Panulirus interruptus",5,"Abalone Cove SMCA","PISCO","bio"
"bio",-1.26716778054051,0.853846023445872,-0.553674905680401,"Semicossyphus pulcher",5,"Abalone Cove SMCA","PISCO","bio"
"bio",3.42683977274072,-0.488575478354157,1.49731962656496,"Strongylocentrotus purpuratus",5,"Abalone Cove SMCA","PISCO","bio"
"bio",2.95798514319686,-0.0375413401039063,1.29245879694397,"Macrocystis pyrifera",6,"Abalone Cove SMCA","PISCO","bio"
"bio",-0.288650952789565,0.0327717624222822,-0.126122831967957,"Mesocentrotus franciscanus",6,"Abalone Cove SMCA","PISCO","bio"
"bio",1.60905344190914,-0.0916190298674326,0.703058053057314,"Panulirus interruptus",6,"Abalone Cove SMCA","PISCO","bio"
"bio",-0.828881562979787,0.793223712332704,-0.362170604596102,"Semicossyphus pulcher",6,"Abalone Cove SMCA","PISCO","bio"
"bio",3.70304236299846,-0.598790571899678,1.61800328460778,"Strongylocentrotus purpuratus",6,"Abalone Cove SMCA","PISCO","bio"
"bio",0.444074795958871,0.103304637186971,0.194033556205709,"Macrocystis pyrifera",7,"Abalone Cove SMCA","PISCO","bio"
"bio",0.309555196097335,-0.0626722197535085,0.135256709201494,"Mesocentrotus franciscanus",7,"Abalone Cove SMCA","PISCO","bio"
"bio",-0.0496939820913105,0.0407675895946409,-0.0217132342455501,"Panulirus interruptus",7,"Abalone Cove SMCA","PISCO","bio"
"bio",-0.675251402685732,0.732601401219536,-0.295043610194308,"Semicossyphus pulcher",7,"Abalone Cove SMCA","PISCO","bio"
"bio",-0.16288234419937,-0.709005665445198,-0.0711696335296034,"Strongylocentrotus purpuratus",7,"Abalone Cove SMCA","PISCO","bio"
"bio",-0.515547492388641,0.244150614477849,-0.225262758101608,"Macrocystis pyrifera",8,"Abalone Cove SMCA","PISCO","bio"
"bio",-0.350100964214545,-0.1581162019293,-0.152972732827394,"Mesocentrotus franciscanus",8,"Abalone Cove SMCA","PISCO","bio"
"bio",-1.33205277694838,0.173154209056714,-0.582025685125629,"Panulirus interruptus",8,"Abalone Cove SMCA","PISCO","bio"
"bio",1.45521552523941,0.671979090106368,0.635840281811701,"Semicossyphus pulcher",8,"Abalone Cove SMCA","PISCO","bio"
"bio",-1.76757095581952,-0.819220758990718,-0.772320522408913,"Strongylocentrotus purpuratus",8,"Abalone Cove SMCA","PISCO","bio"
"bio",1.59893178866695,0.384996591768727,0.698635508947324,"Macrocystis pyrifera",9,"Abalone Cove SMCA","PISCO","bio"
"bio",1.0016877270067,-0.25356018410509,0.437676341119628,"Mesocentrotus franciscanus",9,"Abalone Cove SMCA","PISCO","bio"
"bio",1.50725672527875,0.305540828518787,0.658579106903187,"Panulirus interruptus",9,"Abalone Cove SMCA","PISCO","bio"
"bio",0.057103372981665,0.6113567789932,0.0249506854066081,"Semicossyphus pulcher",9,"Abalone Cove SMCA","PISCO","bio"
"bio",1.01394214811964,-0.929435852536238,0.443030774493068,"Strongylocentrotus purpuratus",9,"Abalone Cove SMCA","PISCO","bio"
"bio",-0.642347918911445,0.525842569059604,-0.280666797940201,"Macrocystis pyrifera",10,"Abalone Cove SMCA","PISCO","bio"
"bio",-0.670159882064029,-0.349004166280881,-0.29281892673622,"Mesocentrotus franciscanus",10,"Abalone Cove SMCA","PISCO","bio"
"bio",-1.86450515362504,0.437927447980861,-0.81467484489988,"Panulirus interruptus",10,"Abalone Cove SMCA","PISCO","bio"
"bio",0.402437553947242,0.550734467880032,0.175840625168789,"Semicossyphus pulcher",10,"Abalone Cove SMCA","PISCO","bio"
"bio",-0.465006594237792,-1.03965094608176,-0.203179473278237,"Strongylocentrotus purpuratus",10,"Abalone Cove SMCA","PISCO","bio"
"bio",-1.08871322076904,0.666688546350482,-0.475701165290977,"Macrocystis pyrifera",11,"Abalone Cove SMCA","PISCO","bio"
"bio",0.51249087865792,-0.444448148456672,0.22392720463738,"Mesocentrotus franciscanus",11,"Abalone Cove SMCA","PISCO","bio"
"bio",-2.47633166377117,0.570314067442934,-1.08200565183804,"Panulirus interruptus",11,"Abalone Cove SMCA","PISCO","bio"
"bio",0.33953242130759,0.490112156766864,0.148354925235497,"Semicossyphus pulcher",11,"Abalone Cove SMCA","PISCO","bio"
"bio",-0.00882180947983158,-1.14986603962728,-0.00385459179651235,"Strongylocentrotus purpuratus",11,"Abalone Cove SMCA","PISCO","bio"
"bio",-1.6539564862907,1.00860789733814,-0.722677940213944,"Semicossyphus pulcher",1,"Anacapa Island SMR 2003","PISCO","bio"
"bio",-0.359777427914323,0.864709020682332,-0.157200756305082,"Semicossyphus pulcher",2,"Anacapa Island SMR 2003","PISCO","bio"
"bio",-0.210211639202789,0.720810144026528,-0.0918496439823311,"Semicossyphus pulcher",3,"Anacapa Island SMR 2003","PISCO","bio"
"bio",0.419844287633192,-0.656790361873979,0.183446304369109,"Macrocystis pyrifera",4,"Anacapa Island SMR 2003","PISCO","bio"
"bio",0.496000600617537,0.576911267370723,0.21672196056563,"Semicossyphus pulcher",4,"Anacapa Island SMR 2003","PISCO","bio"
"bio",1.08759999199824,-0.599220950125737,0.475214752328038,"Macrocystis pyrifera",5,"Anacapa Island SMR 2003","PISCO","bio"
"bio",-0.943405160827213,0.433012390714918,-0.412210420325402,"Semicossyphus pulcher",5,"Anacapa Island SMR 2003","PISCO","bio"
"bio",0.775839327792836,-0.541651538377496,0.338994388300825,"Macrocystis pyrifera",6,"Anacapa Island SMR 2003","PISCO","bio"
"bio",0.357327975412603,0.289113514059114,0.156130495204946,"Semicossyphus pulcher",6,"Anacapa Island SMR 2003","PISCO","bio"
"bio",1.70777591226831,-0.484082126629255,0.746193741404228,"Macrocystis pyrifera",7,"Anacapa Island SMR 2003","PISCO","bio"
"bio",0.758398469989877,0.145214637403309,0.331373798946099,"Semicossyphus pulcher",7,"Anacapa Island SMR 2003","PISCO","bio"
"bio",1.50707940107995,-0.426512714881014,0.658501627061487,"Macrocystis pyrifera",8,"Anacapa Island SMR 2003","PISCO","bio"
"bio",1.31434085147912,0.00131576074750495,0.57428665576092,"Semicossyphus pulcher",8,"Anacapa Island SMR 2003","PISCO","bio"
"bio",1.09869619476152,-0.368943303132774,0.480063115041103,"Macrocystis pyrifera",9,"Anacapa Island SMR 2003","PISCO","bio"
"bio",1.21373714690617,-0.1425831159083,0.530328982991838,"Semicossyphus pulcher",9,"Anacapa Island SMR 2003","PISCO","bio"
"bio",5.28714305570936,-0.253804479636291,2.31015851069067,"Macrocystis pyrifera",11,"Anacapa Island SMR 2003","PISCO","bio"
"bio",0.545753488977612,-0.43038086921991,0.2384609332519,"Semicossyphus pulcher",11,"Anacapa Island SMR 2003","PISCO","bio"
"bio",5.68324255768092,-0.19623506788805,2.48322979435337,"Macrocystis pyrifera",12,"Anacapa Island SMR 2003","PISCO","bio"
"bio",1.07460296073305,-0.574279745875714,0.469535843685957,"Semicossyphus pulcher",12,"Anacapa Island SMR 2003","PISCO","bio"
"bio",2.54860926745436,-0.138665656139809,1.1135865490299,"Macrocystis pyrifera",13,"Anacapa Island SMR 2003","PISCO","bio"
"bio",1.63719526995056,-0.718178622531519,0.715354312657491,"Semicossyphus pulcher",13,"Anacapa Island SMR 2003","PISCO","bio"
"bio",2.55483957217736,-0.0810962443915682,1.11630881156912,"Macrocystis pyrifera",14,"Anacapa Island SMR 2003","PISCO","bio"
"bio",0.309739427269646,-0.862077499187323,0.135337206968655,"Semicossyphus pulcher",14,"Anacapa Island SMR 2003","PISCO","bio"
"bio",1.67474627909239,-0.0235268326433273,0.731761809568387,"Macrocystis pyrifera",15,"Anacapa Island SMR 2003","PISCO","bio"
"bio",1.23702047097618,-1.00597637584313,0.540502373174542,"Semicossyphus pulcher",15,"Anacapa Island SMR 2003","PISCO","bio"
"bio",1.14874774187955,0.0340425791049139,0.501932583358797,"Macrocystis pyrifera",16,"Anacapa Island SMR 2003","PISCO","bio"
"bio",1.04741950005525,-1.14987525249893,0.457658332074649,"Semicossyphus pulcher",16,"Anacapa Island SMR 2003","PISCO","bio"
"bio",0.18122517444349,0.091611990853155,0.0791843297373877,"Macrocystis pyrifera",17,"Anacapa Island SMR 2003","PISCO","bio"
"bio",1.37474592315196,-1.29377412915474,0.60067998178663,"Semicossyphus pulcher",17,"Anacapa Island SMR 2003","PISCO","bio"
"bio",0.802334698339884,0.149181402601396,0.350571246562125,"Macrocystis pyrifera",18,"Anacapa Island SMR 2003","PISCO","bio"
"bio",1.49252987616424,-1.43767300581054,0.652144373539803,"Semicossyphus pulcher",18,"Anacapa Island SMR 2003","PISCO","bio"
"bio",0.566653679975189,0.206750814349637,0.247593039873448,"Macrocystis pyrifera",19,"Anacapa Island SMR 2003","PISCO","bio"
"bio",2.10768736461847,-1.58157188246635,0.920930614500891,"Semicossyphus pulcher",19,"Anacapa Island SMR 2003","PISCO","bio"
"bio",0.556660325971952,0.264320226097878,0.243226554692761,"Macrocystis pyrifera",20,"Anacapa Island SMR 2003","PISCO","bio"
"bio",2.26984914661329,-1.72547075912215,0.991785406368036,"Semicossyphus pulcher",20,"Anacapa Island SMR 2003","PISCO","bio"
"bio",0.33903612536956,-0.804720093470779,0.148138074230525,"Macrocystis pyrifera",1,"Campus Point SMCA","PISCO","bio"
"bio",-0.152338933804245,0.447042806388751,-0.0665628073099681,"Mesocentrotus franciscanus",1,"Campus Point SMCA","PISCO","bio"
"bio",1.06898758292579,1.03338640098606,0.467082266641513,"Semicossyphus pulcher",1,"Campus Point SMCA","PISCO","bio"
"bio",1.77908067750278,-0.110663971084562,0.777349567627115,"Strongylocentrotus purpuratus",1,"Campus Point SMCA","PISCO","bio"
"bio",-1.62509694610284,-0.723629302889062,-0.710068084252582,"Macrocystis pyrifera",2,"Campus Point SMCA","PISCO","bio"
"bio",0.283634707676169,0.2918436375038,0.123931039308232,"Mesocentrotus franciscanus",2,"Campus Point SMCA","PISCO","bio"
"bio",0.185603385504379,0.913008903163731,0.0810973404952471,"Semicossyphus pulcher",2,"Campus Point SMCA","PISCO","bio"
"bio",1.00957900864657,-0.280634251339242,0.441124349098326,"Strongylocentrotus purpuratus",2,"Campus Point SMCA","PISCO","bio"
"bio",1.1762342215742,-0.642538512307345,0.51394249576829,"Macrocystis pyrifera",3,"Campus Point SMCA","PISCO","bio"
"bio",0.814185038768665,0.136644468618849,0.355749121362878,"Mesocentrotus franciscanus",3,"Campus Point SMCA","PISCO","bio"
"bio",0.471949580027448,0.792631405341402,0.206213133904132,"Semicossyphus pulcher",3,"Campus Point SMCA","PISCO","bio"
"bio",0.459272618908691,-0.450604531593923,0.200674076362164,"Strongylocentrotus purpuratus",3,"Campus Point SMCA","PISCO","bio"
"bio",1.03897371836579,-0.561447721725628,0.45396804145006,"Macrocystis pyrifera",4,"Campus Point SMCA","PISCO","bio"
"bio",-2.12907865092907,-0.0185547002661027,-0.930277299772002,"Mesocentrotus franciscanus",4,"Campus Point SMCA","PISCO","bio"
"bio",-0.826033322856392,0.672253907519074,-0.360926097668216,"Semicossyphus pulcher",4,"Campus Point SMCA","PISCO","bio"
"bio",0.853653589922616,-0.620574811848604,0.372994466985684,"Strongylocentrotus purpuratus",4,"Campus Point SMCA","PISCO","bio"
"bio",0.975946803132481,-0.480356931143911,0.426429129963339,"Macrocystis pyrifera",5,"Campus Point SMCA","PISCO","bio"
"bio",-0.359043143857324,-0.173753869151054,-0.156879919031403,"Mesocentrotus franciscanus",5,"Campus Point SMCA","PISCO","bio"
"bio",-1.0555407081434,0.551876409696745,-0.461206803864468,"Semicossyphus pulcher",5,"Campus Point SMCA","PISCO","bio"
"bio",-0.306183601071176,-0.790545092103284,-0.133783528154146,"Strongylocentrotus purpuratus",5,"Campus Point SMCA","PISCO","bio"
"bio",0.527965486717234,-0.399266140562194,0.230688662977196,"Macrocystis pyrifera",6,"Campus Point SMCA","PISCO","bio"
"bio",-1.49846410196455,-0.328953038036005,-0.654737267678002,"Mesocentrotus franciscanus",6,"Campus Point SMCA","PISCO","bio"
"bio",-0.888755365331034,0.431498911874417,-0.388331798384831,"Semicossyphus pulcher",6,"Campus Point SMCA","PISCO","bio"
"bio",-0.636429700563155,-0.960515372357965,-0.278080898080604,"Strongylocentrotus purpuratus",6,"Campus Point SMCA","PISCO","bio"
"bio",0.448882636617796,-0.318175349980477,0.196134288850775,"Macrocystis pyrifera",7,"Campus Point SMCA","PISCO","bio"
"bio",-0.0220069388335905,-0.484152206920957,-0.00961568781192116,"Mesocentrotus franciscanus",7,"Campus Point SMCA","PISCO","bio"
"bio",-1.76324065419515,0.311121414052088,-0.770428445147905,"Semicossyphus pulcher",7,"Campus Point SMCA","PISCO","bio"
"bio",0.634058048312766,-1.13048565261265,0.277044630937289,"Strongylocentrotus purpuratus",7,"Campus Point SMCA","PISCO","bio"
"bio",0.999677061754537,-0.23708455939876,0.436797803240949,"Macrocystis pyrifera",8,"Campus Point SMCA","PISCO","bio"
"bio",0.0180829839251394,0.19074391622976,0.0079011592410447,"Semicossyphus pulcher",8,"Campus Point SMCA","PISCO","bio"
"bio",1.38474534194091,-1.30045593286733,0.60504911690816,"Strongylocentrotus purpuratus",8,"Campus Point SMCA","PISCO","bio"
"bio",0.669740168664555,-0.155993768817043,0.29263553762198,"Macrocystis pyrifera",9,"Campus Point SMCA","PISCO","bio"
"bio",2.52297073877733,-0.794550544690859,1.10238407831921,"Mesocentrotus franciscanus",9,"Campus Point SMCA","PISCO","bio"
"bio",0.695410400593855,0.0703664184074307,0.303851860717085,"Semicossyphus pulcher",9,"Campus Point SMCA","PISCO","bio"
"bio",0.397595523247487,-1.47042621312201,0.173724953564635,"Strongylocentrotus purpuratus",9,"Campus Point SMCA","PISCO","bio"
"bio",1.61011582935218,-0.0749029782353253,0.703522251466041,"Macrocystis pyrifera",10,"Campus Point SMCA","PISCO","bio"
"bio",1.23334886793928,-0.949749713575811,0.538898106954733,"Mesocentrotus franciscanus",10,"Campus Point SMCA","PISCO","bio"
"bio",-0.226830143156492,-0.0500110794148977,-0.0991109149445642,"Semicossyphus pulcher",10,"Campus Point SMCA","PISCO","bio"
"bio",0.284360431728428,-1.64039649337669,0.124248136382791,"Strongylocentrotus purpuratus",10,"Campus Point SMCA","PISCO","bio"
"bio",1.75740077991497,0.00618781234639165,0.767876776859839,"Macrocystis pyrifera",11,"Campus Point SMCA","PISCO","bio"
"bio",-1.43784135767008,-1.10494888246076,-0.628248832014798,"Mesocentrotus franciscanus",11,"Campus Point SMCA","PISCO","bio"
"bio",0.339545802756674,-0.170388577237227,0.148360772111241,"Semicossyphus pulcher",11,"Campus Point SMCA","PISCO","bio"
"bio",0.305311513591999,-1.81036677363137,0.133402479203729,"Strongylocentrotus purpuratus",11,"Campus Point SMCA","PISCO","bio"
"bio",0.909178748914428,-0.636857961624134,0.397255569295725,"Macrocystis pyrifera",1,"Gull Island SMR","PISCO","bio"
"bio",-1.11152265710046,0.614904938235397,-0.485667495482891,"Mesocentrotus franciscanus",1,"Gull Island SMR","PISCO","bio"
"bio",-0.9986863675474,1.2012485328327,-0.436364930396391,"Semicossyphus pulcher",1,"Gull Island SMR","PISCO","bio"
"bio",-0.247295840007535,0.0571981607620841,-0.108053174168399,"Strongylocentrotus purpuratus",1,"Gull Island SMR","PISCO","bio"
"bio",0.41040002066738,-0.396421445787386,0.179319736678691,"Macrocystis pyrifera",2,"Gull Island SMR","PISCO","bio"
"bio",-0.495659201177081,0.619051494605477,-0.216572789867087,"Mesocentrotus franciscanus",2,"Gull Island SMR","PISCO","bio"
"bio",-0.753380176016438,1.24021676026541,-0.329181111059705,"Semicossyphus pulcher",2,"Gull Island SMR","PISCO","bio"
"bio",0.253851378761034,0.0465736057624343,0.110917544109591,"Strongylocentrotus purpuratus",2,"Gull Island SMR","PISCO","bio"
"bio",0.158898967952487,-0.155984929950638,0.0694291414640287,"Macrocystis pyrifera",3,"Gull Island SMR","PISCO","bio"
"bio",0.0185539010028026,0.623198050975556,0.0081069212344938,"Mesocentrotus franciscanus",3,"Gull Island SMR","PISCO","bio"
"bio",0.17575402318909,1.27918498769811,0.0767937708853856,"Semicossyphus pulcher",3,"Gull Island SMR","PISCO","bio"
"bio",-0.522712230025339,0.0359490507627845,-0.22839331073729,"Strongylocentrotus purpuratus",3,"Gull Island SMR","PISCO","bio"
"bio",0.0353496139265095,0.0844515858861105,0.0154456216904838,"Macrocystis pyrifera",4,"Gull Island SMR","PISCO","bio"
"bio",0.434709992524824,0.627344607345636,0.18994170922405,"Mesocentrotus franciscanus",4,"Gull Island SMR","PISCO","bio"
"bio",-0.841490381964616,1.31815321513081,-0.367679888188515,"Semicossyphus pulcher",4,"Gull Island SMR","PISCO","bio"
"bio",-0.326421855034266,0.0253244957631349,-0.142626408730995,"Strongylocentrotus purpuratus",4,"Gull Island SMR","PISCO","bio"
"bio",-0.4210604248688,0.324888101722859,-0.183977682044236,"Macrocystis pyrifera",5,"Gull Island SMR","PISCO","bio"
"bio",1.32134089113188,0.631491163715715,0.577345245439433,"Mesocentrotus franciscanus",5,"Gull Island SMR","PISCO","bio"
"bio",-0.568381414602743,1.35712144256351,-0.248347954354105,"Semicossyphus pulcher",5,"Gull Island SMR","PISCO","bio"
"bio",2.30942595114449,0.0146999407634851,1.00907805210324,"Strongylocentrotus purpuratus",5,"Gull Island SMR","PISCO","bio"
"bio",-0.864412382257953,0.565324617559607,-0.377695401954976,"Macrocystis pyrifera",6,"Gull Island SMR","PISCO","bio"
"bio",0.548532660172595,0.635637720085795,0.239675261277661,"Mesocentrotus franciscanus",6,"Gull Island SMR","PISCO","bio"
"bio",-0.270825524008067,1.39608966999622,-0.118334208590003,"Semicossyphus pulcher",6,"Gull Island SMR","PISCO","bio"
"bio",1.64299025454494,0.00407538576383532,0.717886366895286,"Strongylocentrotus purpuratus",6,"Gull Island SMR","PISCO","bio"
"bio",-0.747409018482657,0.805761133396355,-0.326572080010234,"Macrocystis pyrifera",7,"Gull Island SMR","PISCO","bio"
"bio",0.142344039992226,0.639784276455875,0.0621956493269152,"Mesocentrotus franciscanus",7,"Gull Island SMR","PISCO","bio"
"bio",-0.39119395491559,1.43505789742892,-0.170927859291249,"Semicossyphus pulcher",7,"Gull Island SMR","PISCO","bio"
"bio",0.301741571366181,-0.00654916923581428,0.131842632547652,"Strongylocentrotus purpuratus",7,"Gull Island SMR","PISCO","bio"
"bio",-1.88395722630196,1.0461976492331,-0.823174212284431,"Macrocystis pyrifera",8,"Gull Island SMR","PISCO","bio"
"bio",0.409900685320416,0.643930832825954,0.1791015576377,"Mesocentrotus franciscanus",8,"Gull Island SMR","PISCO","bio"
"bio",-0.213601899011402,1.47402612486162,-0.0933309803993329,"Semicossyphus pulcher",8,"Gull Island SMR","PISCO","bio"
"bio",-0.196280923165579,-0.0171737242354641,-0.08576277213599,"Strongylocentrotus purpuratus",8,"Gull Island SMR","PISCO","bio"
"bio",-2.0813302585243,1.28663416506985,-0.909414169358581,"Macrocystis pyrifera",9,"Gull Island SMR","PISCO","bio"
"bio",-0.234185254841842,0.648077389196034,-0.102324649409086,"Mesocentrotus franciscanus",9,"Gull Island SMR","PISCO","bio"
"bio",-0.784354595572936,1.51299435229432,-0.342715040101946,"Semicossyphus pulcher",9,"Gull Island SMR","PISCO","bio"
"bio",-0.0694744467969374,-0.027798279235114,-0.0303560888843659,"Strongylocentrotus purpuratus",9,"Gull Island SMR","PISCO","bio"
"bio",-1.9840933475114,1.76750719674335,-0.866927579689488,"Macrocystis pyrifera",11,"Gull Island SMR","PISCO","bio"
"bio",0.0159805427432301,0.656370501936193,0.00698252088788545,"Mesocentrotus franciscanus",11,"Gull Island SMR","PISCO","bio"
"bio",-0.567380893358049,1.59093080715973,-0.247910787694492,"Semicossyphus pulcher",11,"Gull Island SMR","PISCO","bio"
"bio",-0.728686961428832,-0.0490473892344133,-0.318391684854513,"Strongylocentrotus purpuratus",11,"Gull Island SMR","PISCO","bio"
"bio",-2.3638327655323,2.0079437125801,-1.03285050614377,"Macrocystis pyrifera",12,"Gull Island SMR","PISCO","bio"
"bio",-0.691250902400306,0.660517058306273,-0.302034414120543,"Mesocentrotus franciscanus",12,"Gull Island SMR","PISCO","bio"
"bio",-0.335551363640952,1.62989903459243,-0.146615446247841,"Semicossyphus pulcher",12,"Gull Island SMR","PISCO","bio"
"bio",-1.36152444758129,-0.0596719442340632,-0.594903004694909,"Strongylocentrotus purpuratus",12,"Gull Island SMR","PISCO","bio"
"bio",-0.126373168213784,1.66886726202513,-0.0552173540598189,"Semicossyphus pulcher",13,"Gull Island SMR","PISCO","bio"
"bio",-1.42342516046321,2.48881674425359,-0.621949834556564,"Macrocystis pyrifera",14,"Gull Island SMR","PISCO","bio"
"bio",-3.1377920451656,0.668810171046432,-1.37102342825567,"Mesocentrotus franciscanus",14,"Gull Island SMR","PISCO","bio"
"bio",-0.391553479627927,1.70783548945784,-0.171084949626285,"Semicossyphus pulcher",14,"Gull Island SMR","PISCO","bio"
"bio",-1.60283389444517,-0.0809210542333623,-0.700340490783104,"Strongylocentrotus purpuratus",14,"Gull Island SMR","PISCO","bio"
"bio",-0.346915777322899,2.72925326009034,-0.151581000746695,"Macrocystis pyrifera",15,"Gull Island SMR","PISCO","bio"
"bio",-1.35762297686807,0.672956727416511,-0.593198300343737,"Mesocentrotus franciscanus",15,"Gull Island SMR","PISCO","bio"
"bio",-0.287953700365578,1.74680371689054,-0.125818175255551,"Semicossyphus pulcher",15,"Gull Island SMR","PISCO","bio"
"bio",-0.776087766146944,-0.0915456092330124,-0.339102940683856,"Strongylocentrotus purpuratus",15,"Gull Island SMR","PISCO","bio"
"bio",1.08325392055743,2.96968977592709,0.473315784620667,"Macrocystis pyrifera",16,"Gull Island SMR","PISCO","bio"
"bio",-2.11101016074477,0.677103283786591,-0.922382473410247,"Mesocentrotus franciscanus",16,"Gull Island SMR","PISCO","bio"
"bio",-0.877844537629306,1.78577194432324,-0.383564433248643,"Semicossyphus pulcher",16,"Gull Island SMR","PISCO","bio"
"bio",-1.35415758771996,-0.102170164232662,-0.59168413699521,"Strongylocentrotus purpuratus",16,"Gull Island SMR","PISCO","bio"
"bio",-0.468646382230764,1.82474017175594,-0.204769838267509,"Semicossyphus pulcher",17,"Gull Island SMR","PISCO","bio"
"bio",-2.48355698314741,3.45056280760058,-1.08516267499281,"Macrocystis pyrifera",18,"Gull Island SMR","PISCO","bio"
"bio",0.24884603404714,0.685396396526751,0.108730514258516,"Mesocentrotus franciscanus",18,"Gull Island SMR","PISCO","bio"
"bio",-0.777725645954616,1.86370839918865,-0.339818594097678,"Semicossyphus pulcher",18,"Gull Island SMR","PISCO","bio"
"bio",-1.49084244813451,-0.123419274231962,-0.651407070579967,"Strongylocentrotus purpuratus",18,"Gull Island SMR","PISCO","bio"
"bio",-0.459686618805269,1.90267662662135,-0.20085496902469,"Semicossyphus pulcher",19,"Gull Island SMR","PISCO","bio"
"bio",-1.22515711782025,3.93143583927408,-0.535318812607004,"Macrocystis pyrifera",20,"Gull Island SMR","PISCO","bio"
"bio",-0.237665373713641,1.94164485405405,-0.103845248746988,"Semicossyphus pulcher",20,"Gull Island SMR","PISCO","bio"
"bio",1.05009275821916,-0.762963848687957,0.458826382576318,"Macrocystis pyrifera",1,"Harris Point SMR","PISCO","bio"
"bio",-0.786219696272774,0.488799051171574,-0.343529975164157,"Mesocentrotus franciscanus",1,"Harris Point SMR","PISCO","bio"
"bio",-0.426492764255247,1.07514264576888,-0.186351282481056,"Semicossyphus pulcher",1,"Harris Point SMR","PISCO","bio"
"bio",-0.0536333061533359,-0.0689077263017391,-0.0234344781975989,"Strongylocentrotus purpuratus",1,"Harris Point SMR","PISCO","bio"
"bio",0.847798417120639,-0.642235296752652,0.370436114178217,"Macrocystis pyrifera",2,"Harris Point SMR","PISCO","bio"
"bio",0.200317496100166,0.373237643640211,0.0875265079041741,"Mesocentrotus franciscanus",2,"Harris Point SMR","PISCO","bio"
"bio",0.800558121127029,0.994402909300141,0.349794990855606,"Semicossyphus pulcher",2,"Harris Point SMR","PISCO","bio"
"bio",-0.624756793109266,-0.199240245202832,-0.27298055065006,"Strongylocentrotus purpuratus",2,"Harris Point SMR","PISCO","bio"
"bio",0.382672694086037,-0.521506744817346,0.167204588893647,"Macrocystis pyrifera",3,"Harris Point SMR","PISCO","bio"
"bio",-0.967851200417305,0.257676236108848,-0.422891846157213,"Mesocentrotus franciscanus",3,"Harris Point SMR","PISCO","bio"
"bio",5.71752128557231,0.913663172831401,2.49820750426958,"Semicossyphus pulcher",3,"Harris Point SMR","PISCO","bio"
"bio",0.232682987008571,-0.329572764103924,0.101668250143207,"Strongylocentrotus purpuratus",3,"Harris Point SMR","PISCO","bio"
"bio",0.175692458242753,-0.400778192882041,0.0767668707649913,"Macrocystis pyrifera",4,"Harris Point SMR","PISCO","bio"
"bio",-0.435208507018732,0.142114828577484,-0.190159529602403,"Mesocentrotus franciscanus",4,"Harris Point SMR","PISCO","bio"
"bio",4.32392085686733,0.83292343636266,1.88928925542469,"Semicossyphus pulcher",4,"Harris Point SMR","PISCO","bio"
"bio",-0.763363753356623,-0.459905283005017,-0.333543324435918,"Strongylocentrotus purpuratus",4,"Harris Point SMR","PISCO","bio"
"bio",0.568239861934006,-0.280049640946736,0.248286104485669,"Macrocystis pyrifera",5,"Harris Point SMR","PISCO","bio"
"bio",0.764200558721764,0.026553421046121,0.333908957257973,"Mesocentrotus franciscanus",5,"Harris Point SMR","PISCO","bio"
"bio",-0.965311407945653,0.75218369989392,-0.421782112009309,"Semicossyphus pulcher",5,"Harris Point SMR","PISCO","bio"
"bio",-0.340592693660916,-0.590237801906109,-0.148818199479238,"Strongylocentrotus purpuratus",5,"Harris Point SMR","PISCO","bio"
"bio",-0.814483549063331,-0.159321089011431,-0.355879552124914,"Macrocystis pyrifera",6,"Harris Point SMR","PISCO","bio"
"bio",0.817230133622544,-0.0890079864852421,0.357079641781642,"Mesocentrotus franciscanus",6,"Harris Point SMR","PISCO","bio"
"bio",6.99755504019529,0.67144396342518,3.05750405460982,"Semicossyphus pulcher",6,"Harris Point SMR","PISCO","bio"
"bio",0.541340318201364,-0.720570320807202,0.236532647234205,"Strongylocentrotus purpuratus",6,"Harris Point SMR","PISCO","bio"
"bio",-3.3305530044204,-0.0385925370761253,-1.45524819120595,"Macrocystis pyrifera",7,"Harris Point SMR","PISCO","bio"
"bio",0.417046909170927,-0.204569394016605,0.182224020879873,"Mesocentrotus franciscanus",7,"Harris Point SMR","PISCO","bio"
"bio",1.05316493553843,0.59070422695644,0.460168736377925,"Semicossyphus pulcher",7,"Harris Point SMR","PISCO","bio"
"bio",-1.41631061516358,-0.850902839708294,-0.618841212905803,"Strongylocentrotus purpuratus",7,"Harris Point SMR","PISCO","bio"
"bio",-4.50227828245557,0.08213601485918,-1.96722055411021,"Macrocystis pyrifera",8,"Harris Point SMR","PISCO","bio"
"bio",1.06621465945115,-0.320130801547969,0.465870668487855,"Mesocentrotus franciscanus",8,"Harris Point SMR","PISCO","bio"
"bio",1.25113004874857,0.509964490487699,0.54666739667205,"Semicossyphus pulcher",8,"Harris Point SMR","PISCO","bio"
"bio",-2.10614761404373,-0.981235358609387,-0.920257837566906,"Strongylocentrotus purpuratus",8,"Harris Point SMR","PISCO","bio"
"bio",-1.98732416668784,0.202864566794485,-0.868339250290851,"Macrocystis pyrifera",9,"Harris Point SMR","PISCO","bio"
"bio",1.07310902823081,-0.435692209079331,0.468883086450515,"Mesocentrotus franciscanus",9,"Harris Point SMR","PISCO","bio"
"bio",6.95558783771188,0.429224754018959,3.03916695100484,"Semicossyphus pulcher",9,"Harris Point SMR","PISCO","bio"
"bio",-1.42579738176661,-1.11156787751048,-0.622986350341278,"Strongylocentrotus purpuratus",9,"Harris Point SMR","PISCO","bio"
"bio",0.0522967789089601,0.444321670665096,0.0228504974435637,"Macrocystis pyrifera",11,"Harris Point SMR","PISCO","bio"
"bio",0.861474630918035,-0.666815024142059,0.376411784093932,"Mesocentrotus franciscanus",11,"Harris Point SMR","PISCO","bio"
"bio",1.29683847894507,0.267745281081478,0.566639188226798,"Semicossyphus pulcher",11,"Harris Point SMR","PISCO","bio"
"bio",0.0148168770849646,-1.37223291531266,0.00647407008643841,"Strongylocentrotus purpuratus",11,"Harris Point SMR","PISCO","bio"
"bio",-1.77902192278876,0.685778774535706,-0.777323895406557,"Macrocystis pyrifera",13,"Harris Point SMR","PISCO","bio"
"bio",0.281312634204279,-0.897937839204784,0.122916435062231,"Mesocentrotus franciscanus",13,"Harris Point SMR","PISCO","bio"
"bio",0.581485189948207,0.106265808143997,0.254073503638006,"Semicossyphus pulcher",13,"Harris Point SMR","PISCO","bio"
"bio",0.881267210678073,-1.63289795311485,0.385059932271386,"Strongylocentrotus purpuratus",13,"Harris Point SMR","PISCO","bio"
"bio",-0.927235878406317,0.927235878406317,-0.405145431728951,"Macrocystis pyrifera",15,"Harris Point SMR","PISCO","bio"
"bio",0.736063858353342,-1.12906065426751,0.321614938137634,"Mesocentrotus franciscanus",15,"Harris Point SMR","PISCO","bio"
"bio",0.107696647764935,-0.055213664793484,0.0470568556185283,"Semicossyphus pulcher",15,"Harris Point SMR","PISCO","bio"
"bio",0.928342531695444,-1.89356299091703,0.405628971608111,"Strongylocentrotus purpuratus",15,"Harris Point SMR","PISCO","bio"
"bio",-1.04796443034162,1.04796443034162,-0.457896433318653,"Macrocystis pyrifera",16,"Harris Point SMR","PISCO","bio"
"bio",1.06790172808515,-1.24462206179887,0.466607814413712,"Mesocentrotus franciscanus",16,"Harris Point SMR","PISCO","bio"
"bio",1.74768346485032,-0.135953401262224,0.763630903831416,"Semicossyphus pulcher",16,"Harris Point SMR","PISCO","bio"
"bio",1.39838737164052,-2.02389550981813,0.611009850461531,"Strongylocentrotus purpuratus",16,"Harris Point SMR","PISCO","bio"
"bio",-1.16869298227693,1.16869298227693,-0.510647434908355,"Macrocystis pyrifera",17,"Harris Point SMR","PISCO","bio"
"bio",2.11710225794617,-0.216693137730965,0.925044347705965,"Semicossyphus pulcher",17,"Harris Point SMR","PISCO","bio"
"bio",-0.190809245544122,1.28942153421223,-0.083371983293741,"Macrocystis pyrifera",18,"Harris Point SMR","PISCO","bio"
"bio",1.13728835685533,-1.4757448768616,0.496925532185406,"Mesocentrotus franciscanus",18,"Harris Point SMR","PISCO","bio"
"bio",2.13444905473653,-0.297432874199705,0.932623838144606,"Semicossyphus pulcher",18,"Harris Point SMR","PISCO","bio"
"bio",2.34521608289381,-2.28456054762031,1.02471615316996,"Strongylocentrotus purpuratus",18,"Harris Point SMR","PISCO","bio"
"bio",-1.41015008614754,1.41015008614754,-0.616149438087758,"Macrocystis pyrifera",19,"Harris Point SMR","PISCO","bio"
"bio",0.688047338017389,-1.59130628439296,0.300634652198885,"Mesocentrotus franciscanus",19,"Harris Point SMR","PISCO","bio"
"bio",1.6126094449805,-0.378172610668445,0.704611809154467,"Semicossyphus pulcher",19,"Harris Point SMR","PISCO","bio"
"bio",1.74618490690401,-2.4148930665214,0.76297612555949,"Strongylocentrotus purpuratus",19,"Harris Point SMR","PISCO","bio"
"bio",-1.53087863808284,1.53087863808284,-0.66890043967746,"Macrocystis pyrifera",20,"Harris Point SMR","PISCO","bio"
"bio",2.02653071152388,-0.458912347137186,0.885470115159345,"Semicossyphus pulcher",20,"Harris Point SMR","PISCO","bio"
"bio",1.13576812773117,-0.216741416038144,0.496261284932709,"Macrocystis pyrifera",7,"Matlahuayl SMR","PISCO","bio"
"bio",-4.29462117914473,-0.382718272978624,-1.87648708624974,"Mesocentrotus franciscanus",7,"Matlahuayl SMR","PISCO","bio"
"bio",-1.16303770366745,-0.279278463630474,-0.508176423650977,"Panulirus interruptus",7,"Matlahuayl SMR","PISCO","bio"
"bio",0.42471041690732,0.412555347994421,0.185572505578022,"Semicossyphus pulcher",7,"Matlahuayl SMR","PISCO","bio"
"bio",-0.867822759727597,-1.02905171867031,-0.37918552856081,"Strongylocentrotus purpuratus",7,"Matlahuayl SMR","PISCO","bio"
"bio",2.33684357880847,-0.121269862804046,1.02105788038166,"Macrocystis pyrifera",8,"Matlahuayl SMR","PISCO","bio"
"bio",-4.0473836185508,-0.523536679211195,-1.76845937662465,"Mesocentrotus franciscanus",8,"Matlahuayl SMR","PISCO","bio"
"bio",0.392638437186321,-0.192266268225181,0.171559009796561,"Panulirus interruptus",8,"Matlahuayl SMR","PISCO","bio"
"bio",-0.0436304489302021,0.306558612824473,-0.019063840690393,"Semicossyphus pulcher",8,"Matlahuayl SMR","PISCO","bio"
"bio",0.0860289476045031,-1.18464123627261,0.0375893943818473,"Strongylocentrotus purpuratus",8,"Matlahuayl SMR","PISCO","bio"
"bio",3.9378213149981,-0.0257983095699486,1.7205873434044,"Macrocystis pyrifera",9,"Matlahuayl SMR","PISCO","bio"
"bio",-1.64062508792634,-0.664355085443765,-0.71685293357684,"Mesocentrotus franciscanus",9,"Matlahuayl SMR","PISCO","bio"
"bio",0.470018179114604,-0.105254072819888,0.205369229699281,"Panulirus interruptus",9,"Matlahuayl SMR","PISCO","bio"
"bio",0.715531718199442,0.200561877654525,0.312643647249636,"Semicossyphus pulcher",9,"Matlahuayl SMR","PISCO","bio"
"bio",-1.76453900200353,-1.34023075387491,-0.770995743820886,"Strongylocentrotus purpuratus",9,"Matlahuayl SMR","PISCO","bio"
"bio",3.99935351057366,0.0696732436641493,1.74747315371681,"Macrocystis pyrifera",10,"Matlahuayl SMR","PISCO","bio"
"bio",-5.02774461829546,-0.805173491676336,-2.19681724083332,"Mesocentrotus franciscanus",10,"Matlahuayl SMR","PISCO","bio"
"bio",1.99081782015046,-0.0182418774145943,0.869865763418084,"Panulirus interruptus",10,"Matlahuayl SMR","PISCO","bio"
"bio",-0.216699660500554,0.0945651424845769,-0.0946845129201763,"Semicossyphus pulcher",10,"Matlahuayl SMR","PISCO","bio"
"bio",-0.962700308858637,-1.49582027147721,-0.420641221226788,"Strongylocentrotus purpuratus",10,"Matlahuayl SMR","PISCO","bio"
"bio",1.33893259987802,0.165144796898247,0.585031747440471,"Macrocystis pyrifera",11,"Matlahuayl SMR","PISCO","bio"
"bio",-2.24329722875928,0.0687703179906991,-0.980183840388208,"Panulirus interruptus",11,"Matlahuayl SMR","PISCO","bio"
"bio",-2.05284777497687,-0.0114315926853713,-0.896969064113765,"Semicossyphus pulcher",11,"Matlahuayl SMR","PISCO","bio"
"bio",-1.74557002222105,-0.629161385716201,-0.762707458517864,"Macrocystis pyrifera",1,"Naples SMCA","PISCO","bio"
"bio",-0.379562784059295,0.62260151414333,-0.165845748204061,"Mesocentrotus franciscanus",1,"Naples SMCA","PISCO","bio"
"bio",1.96925269666024,1.20894510874064,0.860443121919622,"Semicossyphus pulcher",1,"Naples SMCA","PISCO","bio"
"bio",-1.40347712929076,0.0648947366700172,-0.613233763608794,"Strongylocentrotus purpuratus",1,"Naples SMCA","PISCO","bio"
"bio",-0.519883033907898,-0.381418777513524,-0.227157124876562,"Macrocystis pyrifera",2,"Naples SMCA","PISCO","bio"
"bio",1.24200342826018,0.634054162879339,0.542679621086457,"Mesocentrotus franciscanus",2,"Naples SMCA","PISCO","bio"
"bio",2.60129153794133,1.25521942853927,1.13660548274242,"Semicossyphus pulcher",2,"Naples SMCA","PISCO","bio"
"bio",-1.80854432243407,0.0615762740362964,-0.790223380455099,"Strongylocentrotus purpuratus",2,"Naples SMCA","PISCO","bio"
"bio",0.0193967081856456,-0.133676169310847,0.00847517648421952,"Macrocystis pyrifera",3,"Naples SMCA","PISCO","bio"
"bio",0.225517960687053,0.645506811615347,0.0985375713698936,"Mesocentrotus franciscanus",3,"Naples SMCA","PISCO","bio"
"bio",1.23030740759661,1.3014937483379,0.537569174595324,"Semicossyphus pulcher",3,"Naples SMCA","PISCO","bio"
"bio",-0.668832432738425,0.0582578114025756,-0.292238912478095,"Strongylocentrotus purpuratus",3,"Naples SMCA","PISCO","bio"
"bio",0.0151905762905796,0.11406643889183,0.00663735380908283,"Macrocystis pyrifera",4,"Naples SMCA","PISCO","bio"
"bio",-0.208407331164296,0.656959460351356,-0.0910612715991532,"Mesocentrotus franciscanus",4,"Naples SMCA","PISCO","bio"
"bio",0.043926454626108,1.34776806813653,0.0191931770957834,"Semicossyphus pulcher",4,"Naples SMCA","PISCO","bio"
"bio",-0.876876488340374,0.0549393487688548,-0.383141454849906,"Strongylocentrotus purpuratus",4,"Naples SMCA","PISCO","bio"
"bio",-0.952871260183743,0.361809047094507,-0.416346527436769,"Macrocystis pyrifera",5,"Naples SMCA","PISCO","bio"
"bio",0.692663729626846,0.668412109087364,0.302651733305429,"Mesocentrotus franciscanus",5,"Naples SMCA","PISCO","bio"
"bio",0.904382592951097,1.39404238793516,0.395159942148787,"Semicossyphus pulcher",5,"Naples SMCA","PISCO","bio"
"bio",-1.15941816320439,0.0516208861351339,-0.506594905595309,"Strongylocentrotus purpuratus",5,"Naples SMCA","PISCO","bio"
"bio",-1.12137564545578,0.609551655297184,-0.489972649450722,"Macrocystis pyrifera",6,"Naples SMCA","PISCO","bio"
"bio",-0.213575802340023,0.679864757823373,-0.0933195777482505,"Mesocentrotus franciscanus",6,"Naples SMCA","PISCO","bio"
"bio",0.0645221786772852,1.44031670773379,0.0281922502623935,"Semicossyphus pulcher",6,"Naples SMCA","PISCO","bio"
"bio",-1.00460798288573,0.0483024235014131,-0.438952314533104,"Strongylocentrotus purpuratus",6,"Naples SMCA","PISCO","bio"
"bio",-1.2901174568709,0.857294263499861,-0.563702512184257,"Macrocystis pyrifera",7,"Naples SMCA","PISCO","bio"
"bio",1.2402215857045,0.691317406559382,0.541901064746795,"Mesocentrotus franciscanus",7,"Naples SMCA","PISCO","bio"
"bio",0.173569284545284,1.48659102753243,0.0758391735691328,"Semicossyphus pulcher",7,"Naples SMCA","PISCO","bio"
"bio",-0.606237861538451,0.0449839608676925,-0.264888908920976,"Strongylocentrotus purpuratus",7,"Naples SMCA","PISCO","bio"
"bio",-1.90748611915049,1.10503687170254,-0.833454901020943,"Macrocystis pyrifera",8,"Naples SMCA","PISCO","bio"
"bio",0.67684181073046,0.70277005529539,0.295738521347891,"Mesocentrotus franciscanus",8,"Naples SMCA","PISCO","bio"
"bio",0.186035328838792,1.53286534733106,0.0812860733438982,"Semicossyphus pulcher",8,"Naples SMCA","PISCO","bio"
"bio",0.622323516060262,0.0416654982339717,0.271917357234562,"Strongylocentrotus purpuratus",8,"Naples SMCA","PISCO","bio"
"bio",-1.84225888565161,1.35277947990522,-0.804954584875057,"Macrocystis pyrifera",9,"Naples SMCA","PISCO","bio"
"bio",1.37961508443353,0.714222704031399,0.602807507797563,"Mesocentrotus franciscanus",9,"Naples SMCA","PISCO","bio"
"bio",0.779715211508661,1.57913966712969,0.340687912697312,"Semicossyphus pulcher",9,"Naples SMCA","PISCO","bio"
"bio",-0.463718663476924,0.0383470356002507,-0.202616726218616,"Strongylocentrotus purpuratus",9,"Naples SMCA","PISCO","bio"
"bio",-1.96337029654533,1.60052208810789,-0.857872872439788,"Macrocystis pyrifera",10,"Naples SMCA","PISCO","bio"
"bio",-0.297655776583657,0.725675352767407,-0.130057389839004,"Mesocentrotus franciscanus",10,"Naples SMCA","PISCO","bio"
"bio",0.633961004964339,1.62541398692832,0.277002228922645,"Semicossyphus pulcher",10,"Naples SMCA","PISCO","bio"
"bio",-0.999361571813841,0.03502857296653,-0.436659953410926,"Strongylocentrotus purpuratus",10,"Naples SMCA","PISCO","bio"
"bio",-1.80090208413232,1.84826469631057,-0.786884189200488,"Macrocystis pyrifera",11,"Naples SMCA","PISCO","bio"
"bio",0.621305825250595,0.737128001503415,0.271472688523988,"Mesocentrotus franciscanus",11,"Naples SMCA","PISCO","bio"
"bio",0.766618090477829,1.67168830672695,0.334965270942376,"Semicossyphus pulcher",11,"Naples SMCA","PISCO","bio"
"bio",-0.679669673617427,0.0317101103328091,-0.296974124668353,"Strongylocentrotus purpuratus",11,"Naples SMCA","PISCO","bio"
"bio",-4.29876172369033,-0.704864940251453,-1.87829625126005,"Macrocystis pyrifera",1,"Point Vicente SMCA","PISCO","bio"
"bio",-1.00690262997629,0.546897959608078,-0.43995493512601,"Mesocentrotus franciscanus",1,"Point Vicente SMCA","PISCO","bio"
"bio",-2.46287324733596,-0.716645840870958,-1.07612514606382,"Panulirus interruptus",1,"Point Vicente SMCA","PISCO","bio"
"bio",-1.39558545030623,1.13324155420539,-0.609785582014755,"Semicossyphus pulcher",1,"Point Vicente SMCA","PISCO","bio"
"bio",-3.51945397749486,-0.010808817865235,-1.53778637601154,"Strongylocentrotus purpuratus",1,"Point Vicente SMCA","PISCO","bio"
"bio",-0.0920623711756001,1.10765310597111,-0.0402256318856388,"Semicossyphus pulcher",2,"Point Vicente SMCA","PISCO","bio"
"bio",-0.169454752167244,-0.353105259911913,-0.0740413742868954,"Macrocystis pyrifera",3,"Point Vicente SMCA","PISCO","bio"
"bio",0.265695908270005,0.426077721014281,0.11609287989339,"Mesocentrotus franciscanus",3,"Point Vicente SMCA","PISCO","bio"
"bio",2.9673998377487,-0.381804876189026,1.29657244329613,"Panulirus interruptus",3,"Point Vicente SMCA","PISCO","bio"
"bio",0.0582461589851155,1.08206465773683,0.0254500130744908,"Semicossyphus pulcher",3,"Point Vicente SMCA","PISCO","bio"
"bio",0.726010529362908,-0.161171279198491,0.317222247551563,"Strongylocentrotus purpuratus",3,"Point Vicente SMCA","PISCO","bio"
"bio",0.247552669055959,-0.177225419742143,0.108165392772238,"Macrocystis pyrifera",4,"Point Vicente SMCA","PISCO","bio"
"bio",-0.14920208757093,0.365667601717382,-0.0651921971437095,"Mesocentrotus franciscanus",4,"Point Vicente SMCA","PISCO","bio"
"bio",-0.707241660627748,-0.214384393848061,-0.30902139855094,"Panulirus interruptus",4,"Point Vicente SMCA","PISCO","bio"
"bio",-0.491113016372892,1.05647620950256,-0.214586384845337,"Semicossyphus pulcher",4,"Point Vicente SMCA","PISCO","bio"
"bio",0.43967515585929,-0.236352509865119,0.192111182267095,"Strongylocentrotus purpuratus",4,"Point Vicente SMCA","PISCO","bio"
"bio",-0.135408979012005,-0.00134557957237327,-0.0591654513585972,"Macrocystis pyrifera",5,"Point Vicente SMCA","PISCO","bio"
"bio",0.335537028625293,0.305257482420484,0.14660918272176,"Mesocentrotus franciscanus",5,"Point Vicente SMCA","PISCO","bio"
"bio",1.10385825822925,-0.0469639115070952,0.482318621413268,"Panulirus interruptus",5,"Point Vicente SMCA","PISCO","bio"
"bio",-0.533452053647836,1.03088776126828,-0.233085957537917,"Semicossyphus pulcher",5,"Point Vicente SMCA","PISCO","bio"
"bio",0.792957965816172,-0.311533740531747,0.346474187297059,"Strongylocentrotus purpuratus",5,"Point Vicente SMCA","PISCO","bio"
"bio",-0.420794946465766,0.174534260597397,-0.183861684200843,"Macrocystis pyrifera",6,"Point Vicente SMCA","PISCO","bio"
"bio",0.550738349221973,0.244847363123585,0.240639012641237,"Mesocentrotus franciscanus",6,"Point Vicente SMCA","PISCO","bio"
"bio",2.13362462112199,0.12045657083387,0.932263611021739,"Panulirus interruptus",6,"Point Vicente SMCA","PISCO","bio"
"bio",0.319622042911783,1.00529931303401,0.139655306250821,"Semicossyphus pulcher",6,"Point Vicente SMCA","PISCO","bio"
"bio",0.176903583423739,-0.386714971198375,0.0772960584784472,"Strongylocentrotus purpuratus",6,"Point Vicente SMCA","PISCO","bio"
"bio",-0.323995025817124,0.350414100767167,-0.141566032624107,"Macrocystis pyrifera",7,"Point Vicente SMCA","PISCO","bio"
"bio",0.523200201412861,0.184437243826687,0.228606524422258,"Mesocentrotus franciscanus",7,"Point Vicente SMCA","PISCO","bio"
"bio",0.35852233701371,0.287877053174836,0.156652358258123,"Panulirus interruptus",7,"Point Vicente SMCA","PISCO","bio"
"bio",0.143843039866789,0.979710864799731,0.0628506206944868,"Semicossyphus pulcher",7,"Point Vicente SMCA","PISCO","bio"
"bio",0.144385625029356,-0.461896201865003,0.0630876972626582,"Strongylocentrotus purpuratus",7,"Point Vicente SMCA","PISCO","bio"
"bio",-0.81121448224857,0.526293940936936,-0.354451169642246,"Macrocystis pyrifera",8,"Point Vicente SMCA","PISCO","bio"
"bio",0.364344861284933,0.124027124529788,0.15919644565223,"Mesocentrotus franciscanus",8,"Point Vicente SMCA","PISCO","bio"
"bio",0.725729742241249,0.455297535515801,0.317099560733378,"Panulirus interruptus",8,"Point Vicente SMCA","PISCO","bio"
"bio",0.242133088349414,0.954122416565456,0.105797367099076,"Semicossyphus pulcher",8,"Point Vicente SMCA","PISCO","bio"
"bio",-0.416627091692195,-0.537077432531631,-0.182040586289356,"Strongylocentrotus purpuratus",8,"Point Vicente SMCA","PISCO","bio"
"bio",-1.3629190310699,0.702173781106706,-0.595512352480876,"Macrocystis pyrifera",9,"Point Vicente SMCA","PISCO","bio"
"bio",0.80964118730437,0.0636170052328895,0.353763735868112,"Mesocentrotus franciscanus",9,"Point Vicente SMCA","PISCO","bio"
"bio",-1.05280631274882,0.622718017856767,-0.460012040128017,"Panulirus interruptus",9,"Point Vicente SMCA","PISCO","bio"
"bio",0.10747778201344,0.92853396833118,0.0469612246561756,"Semicossyphus pulcher",9,"Point Vicente SMCA","PISCO","bio"
"bio",1.03589784942681,-0.612258663198259,0.452624074636173,"Strongylocentrotus purpuratus",9,"Point Vicente SMCA","PISCO","bio"
"bio",-0.769710237806706,0.878053621276476,-0.336316350418162,"Macrocystis pyrifera",10,"Point Vicente SMCA","PISCO","bio"
"bio",-0.0132279404527856,0.00320688593599085,-0.00577980185024746,"Mesocentrotus franciscanus",10,"Point Vicente SMCA","PISCO","bio"
"bio",1.22333883560312,0.790138500197733,0.534524334361478,"Panulirus interruptus",10,"Point Vicente SMCA","PISCO","bio"
"bio",0.376823690575696,0.902945520096904,0.164648931689728,"Semicossyphus pulcher",10,"Point Vicente SMCA","PISCO","bio"
"bio",0.809493720724356,-0.687439893864886,0.353699301981744,"Strongylocentrotus purpuratus",10,"Point Vicente SMCA","PISCO","bio"
"bio",-2.03887393097544,1.05393346144625,-0.890863347981854,"Macrocystis pyrifera",11,"Point Vicente SMCA","PISCO","bio"
"bio",-0.0337386552949406,-0.0572032333609083,-0.014741731185938,"Mesocentrotus franciscanus",11,"Point Vicente SMCA","PISCO","bio"
"bio",-0.523945236601727,0.957558982538698,-0.228932059283749,"Panulirus interruptus",11,"Point Vicente SMCA","PISCO","bio"
"bio",0.298372968624062,0.877357071862628,0.130370758945624,"Semicossyphus pulcher",11,"Point Vicente SMCA","PISCO","bio"
"bio",-0.915394558199916,-0.762621124531514,-0.399971498214311,"Strongylocentrotus purpuratus",11,"Point Vicente SMCA","PISCO","bio"
"bio",1.33486612008289,-0.618959650377193,0.583254944201312,"Macrocystis pyrifera",1,"Scorpion SMR","PISCO","bio"
"bio",-1.09915993305583,0.632803249482338,-0.480265740344797,"Mesocentrotus franciscanus",1,"Scorpion SMR","PISCO","bio"
"bio",-0.321528669180418,1.21914684407965,-0.140488385449697,"Semicossyphus pulcher",1,"Scorpion SMR","PISCO","bio"
"bio",-1.7708188973336,0.075096472009025,-0.773739674425778,"Strongylocentrotus purpuratus",1,"Scorpion SMR","PISCO","bio"
"bio",1.99825414959505,-0.361532884832465,0.8731149850816,"Macrocystis pyrifera",2,"Scorpion SMR","PISCO","bio"
"bio",-1.13232266476405,0.653940055560397,-0.494755828107937,"Mesocentrotus franciscanus",2,"Scorpion SMR","PISCO","bio"
"bio",-0.956346273307636,1.27510532122033,-0.417864895874758,"Semicossyphus pulcher",2,"Scorpion SMR","PISCO","bio"
"bio",-1.1602354426995,0.0814621667173549,-0.506952006805041,"Strongylocentrotus purpuratus",2,"Scorpion SMR","PISCO","bio"
"bio",1.16826692436834,-0.104106119287737,0.510461273631233,"Macrocystis pyrifera",3,"Scorpion SMR","PISCO","bio"
"bio",-0.156976594000111,0.675076861638457,-0.0685891814894226,"Mesocentrotus franciscanus",3,"Scorpion SMR","PISCO","bio"
"bio",-1.15244005713952,1.33106379836101,-0.503545899554729,"Semicossyphus pulcher",3,"Scorpion SMR","PISCO","bio"
"bio",-0.137390901455,0.0878278614256849,-0.0600314303856389,"Strongylocentrotus purpuratus",3,"Scorpion SMR","PISCO","bio"
"bio",-0.100782158520489,0.153320646256991,-0.0440356462419659,"Macrocystis pyrifera",4,"Scorpion SMR","PISCO","bio"
"bio",-0.435342514120833,0.696213667716516,-0.190218082519196,"Mesocentrotus franciscanus",4,"Scorpion SMR","PISCO","bio"
"bio",-1.17143684861607,1.38702227550169,-0.511846336868975,"Semicossyphus pulcher",4,"Scorpion SMR","PISCO","bio"
"bio",0.588681761381226,0.094193556134015,0.257217965697876,"Strongylocentrotus purpuratus",4,"Scorpion SMR","PISCO","bio"
"bio",-1.00178479065945,0.410747411801718,-0.43771875200602,"Macrocystis pyrifera",5,"Scorpion SMR","PISCO","bio"
"bio",0.207310360531248,0.717350473794575,0.090581962449162,"Mesocentrotus franciscanus",5,"Scorpion SMR","PISCO","bio"
"bio",-0.8691078849986,1.44298075264237,-0.379747049792756,"Semicossyphus pulcher",5,"Scorpion SMR","PISCO","bio"
"bio",-0.172783605551781,0.100559250842345,-0.0754958798480463,"Strongylocentrotus purpuratus",5,"Scorpion SMR","PISCO","bio"
"bio",-0.794333679144495,0.668174177346446,-0.347075289975805,"Macrocystis pyrifera",6,"Scorpion SMR","PISCO","bio"
"bio",-0.618831644410524,0.738487279872635,-0.270391622650707,"Mesocentrotus franciscanus",6,"Scorpion SMR","PISCO","bio"
"bio",-1.24188090268708,1.49893922978306,-0.542626084896403,"Semicossyphus pulcher",6,"Scorpion SMR","PISCO","bio"
"bio",0.311116606418543,0.106924945550675,0.135938950121441,"Strongylocentrotus purpuratus",6,"Scorpion SMR","PISCO","bio"
"bio",-0.282139973614572,0.925600942891174,-0.123277931840317,"Macrocystis pyrifera",7,"Scorpion SMR","PISCO","bio"
"bio",-0.0378729932848973,0.759624085950694,-0.0165481843106092,"Mesocentrotus franciscanus",7,"Scorpion SMR","PISCO","bio"
"bio",-0.509038813287479,1.55489770692374,-0.222418862965714,"Semicossyphus pulcher",7,"Scorpion SMR","PISCO","bio"
"bio",0.0937079034347998,0.113290640259005,0.0409446289532708,"Strongylocentrotus purpuratus",7,"Scorpion SMR","PISCO","bio"
"bio",-0.438153059074497,1.1830277084359,-0.1914461189608,"Macrocystis pyrifera",8,"Scorpion SMR","PISCO","bio"
"bio",-0.305732786548688,0.780760892028753,-0.133586549749194,"Mesocentrotus franciscanus",8,"Scorpion SMR","PISCO","bio"
"bio",-0.492913430035861,1.61085618406442,-0.215373055624329,"Semicossyphus pulcher",8,"Scorpion SMR","PISCO","bio"
"bio",0.125775501370951,0.119656334967335,0.0549562101624474,"Strongylocentrotus purpuratus",8,"Scorpion SMR","PISCO","bio"
"bio",1.81244582644988,1.44045447398063,0.791928099357473,"Macrocystis pyrifera",9,"Scorpion SMR","PISCO","bio"
"bio",-0.693090105359537,0.801897698106813,-0.302838033452266,"Mesocentrotus franciscanus",9,"Scorpion SMR","PISCO","bio"
"bio",-1.07769866711413,1.6668146612051,-0.470888478250125,"Semicossyphus pulcher",9,"Scorpion SMR","PISCO","bio"
"bio",0.333728677754804,0.126022029675665,0.145819043867987,"Strongylocentrotus purpuratus",9,"Scorpion SMR","PISCO","bio"
"bio",2.6225654560507,1.69788123952536,1.14590088527991,"Macrocystis pyrifera",10,"Scorpion SMR","PISCO","bio"
"bio",-2.36861927473988,0.823034504184872,-1.03494191824779,"Mesocentrotus franciscanus",10,"Scorpion SMR","PISCO","bio"
"bio",-1.09866028372613,1.72277313834579,-0.480047424112531,"Semicossyphus pulcher",10,"Scorpion SMR","PISCO","bio"
"bio",0.018850701354924,0.132387724383995,0.00823660485610276,"Strongylocentrotus purpuratus",10,"Scorpion SMR","PISCO","bio"
"bio",1.32396074915594,1.95530800507009,0.578489963342337,"Macrocystis pyrifera",11,"Scorpion SMR","PISCO","bio"
"bio",-1.64698185001463,0.844171310262931,-0.719630450259094,"Mesocentrotus franciscanus",11,"Scorpion SMR","PISCO","bio"
"bio",-1.31394178709095,1.77873161548647,-0.574112289003123,"Semicossyphus pulcher",11,"Scorpion SMR","PISCO","bio"
"bio",-0.504809924606641,0.138753419092325,-0.220571096965464,"Strongylocentrotus purpuratus",11,"Scorpion SMR","PISCO","bio"
"bio",3.80354556454715,2.21273477061481,1.66191704369524,"Macrocystis pyrifera",12,"Scorpion SMR","PISCO","bio"
"bio",-1.33627607297462,0.865308116340991,-0.583871007477489,"Mesocentrotus franciscanus",12,"Scorpion SMR","PISCO","bio"
"bio",-1.62734666099911,1.83469009262715,-0.711051072221604,"Semicossyphus pulcher",12,"Scorpion SMR","PISCO","bio"
"bio",-1.71064595403152,0.145119113800655,-0.747447774316796,"Strongylocentrotus purpuratus",12,"Scorpion SMR","PISCO","bio"
"bio",-0.376892383498101,2.47016153615954,-0.164678946300198,"Macrocystis pyrifera",13,"Scorpion SMR","PISCO","bio"
"bio",-0.529236476100301,0.88644492241905,-0.23124400768971,"Mesocentrotus franciscanus",13,"Scorpion SMR","PISCO","bio"
"bio",-1.0569519076832,1.89064856976783,-0.461823411849688,"Semicossyphus pulcher",13,"Scorpion SMR","PISCO","bio"
"bio",-1.06321417081035,0.151484808508985,-0.464559638259098,"Strongylocentrotus purpuratus",13,"Scorpion SMR","PISCO","bio"
"bio",2.44096162343004,2.72758830170427,1.06655110505226,"Macrocystis pyrifera",14,"Scorpion SMR","PISCO","bio"
"bio",-0.275630178560415,0.90758172849711,-0.120433549101141,"Mesocentrotus franciscanus",14,"Scorpion SMR","PISCO","bio"
"bio",-1.65789319744224,1.94660704690851,-0.724398042483741,"Semicossyphus pulcher",14,"Scorpion SMR","PISCO","bio"
"bio",-1.46751761749597,0.157850503217315,-0.641215544562553,"Strongylocentrotus purpuratus",14,"Scorpion SMR","PISCO","bio"
"bio",1.18613257407529,2.985015067249,0.518267471096417,"Macrocystis pyrifera",15,"Scorpion SMR","PISCO","bio"
"bio",-0.528320627428068,0.928718534575169,-0.230843837771406,"Mesocentrotus franciscanus",15,"Scorpion SMR","PISCO","bio"
"bio",-1.60922338463872,2.0025655240492,-0.703132307647918,"Semicossyphus pulcher",15,"Scorpion SMR","PISCO","bio"
"bio",-1.33342590597078,0.164216197925645,-0.582625658620563,"Strongylocentrotus purpuratus",15,"Scorpion SMR","PISCO","bio"
"bio",1.12349905753497,3.24244183279372,0.490900450804829,"Macrocystis pyrifera",16,"Scorpion SMR","PISCO","bio"
"bio",-1.24109618072707,0.949855340653228,-0.542283209340484,"Mesocentrotus franciscanus",16,"Scorpion SMR","PISCO","bio"
"bio",-1.23186587578002,2.05852400118988,-0.538250129980798,"Semicossyphus pulcher",16,"Scorpion SMR","PISCO","bio"
"bio",-2.02724888216957,0.170581892633975,-0.88578391185669,"Strongylocentrotus purpuratus",16,"Scorpion SMR","PISCO","bio"
"bio",1.52502487638486,3.49986859833845,0.66634270343623,"Macrocystis pyrifera",17,"Scorpion SMR","PISCO","bio"
"bio",-1.47309638962438,2.11448247833056,-0.643653127161674,"Semicossyphus pulcher",17,"Scorpion SMR","PISCO","bio"
"bio",-0.57767660144516,3.75729536388318,-0.252409383138272,"Macrocystis pyrifera",18,"Scorpion SMR","PISCO","bio"
"bio",-0.808300042119187,0.992128952809347,-0.353177737356066,"Mesocentrotus franciscanus",18,"Scorpion SMR","PISCO","bio"
"bio",-1.84049977809593,2.17044095547124,-0.804185962341461,"Semicossyphus pulcher",18,"Scorpion SMR","PISCO","bio"
"bio",-2.14557012039937,0.183313282050635,-0.937483064425842,"Strongylocentrotus purpuratus",18,"Scorpion SMR","PISCO","bio"
"bio",-0.603209857674678,4.01472212942791,-0.263565856220757,"Macrocystis pyrifera",19,"Scorpion SMR","PISCO","bio"
"bio",-0.479344549779471,1.01326575888741,-0.209444283908762,"Mesocentrotus franciscanus",19,"Scorpion SMR","PISCO","bio"
"bio",-1.89545475592561,2.22639943261192,-0.828197930317426,"Semicossyphus pulcher",19,"Scorpion SMR","PISCO","bio"
"bio",-1.69413560823542,0.189678976758965,-0.740233761861786,"Strongylocentrotus purpuratus",19,"Scorpion SMR","PISCO","bio"
"bio",-1.18327328969941,4.27214889497264,-0.517018138504913,"Macrocystis pyrifera",20,"Scorpion SMR","PISCO","bio"
"bio",-2.2133322263269,2.28235790975261,-0.967090964961414,"Semicossyphus pulcher",20,"Scorpion SMR","PISCO","bio"
"bio",-0.157095501362378,1.18204580987695,-0.0686411367423883,"Semicossyphus pulcher",1,"South Point SMR","PISCO","bio"
"bio",0.219505067968538,-0.433852651481901,0.0959103045944002,"Macrocystis pyrifera",2,"South Point SMR","PISCO","bio"
"bio",1.43124866997126,0.581620288910961,0.625368230254022,"Mesocentrotus franciscanus",2,"South Point SMR","PISCO","bio"
"bio",-0.465156260559713,1.20278555457089,-0.203244868317431,"Semicossyphus pulcher",2,"South Point SMR","PISCO","bio"
"bio",1.54391554515739,0.00914240006791869,0.67459677161212,"Strongylocentrotus purpuratus",2,"South Point SMR","PISCO","bio"
"bio",-0.37722279407725,1.22352529926484,-0.164823315537687,"Semicossyphus pulcher",3,"South Point SMR","PISCO","bio"
"bio",0.259240723422848,0.0105634147140778,0.113272358478401,"Macrocystis pyrifera",4,"South Point SMR","PISCO","bio"
"bio",0.886033951774337,0.553456436173603,0.387142706918443,"Mesocentrotus franciscanus",4,"South Point SMR","PISCO","bio"
"bio",-0.770628741879742,1.24426504395878,-0.336717680584392,"Semicossyphus pulcher",4,"South Point SMR","PISCO","bio"
"bio",1.95552634777019,-0.0485636754088978,0.854445546031293,"Strongylocentrotus purpuratus",4,"South Point SMR","PISCO","bio"
"bio",-0.158864078523416,0.232771447812067,-0.0694138969150061,"Macrocystis pyrifera",5,"South Point SMR","PISCO","bio"
"bio",0.867154075013916,0.539374509804924,0.378893354192536,"Mesocentrotus franciscanus",5,"South Point SMR","PISCO","bio"
"bio",0.280767373380947,1.26500478865272,0.122678189393768,"Semicossyphus pulcher",5,"South Point SMR","PISCO","bio"
"bio",1.61210951095983,-0.0774167131473061,0.704393368529641,"Strongylocentrotus purpuratus",5,"South Point SMR","PISCO","bio"
"bio",-0.0796545933205759,0.454979480910057,-0.0348041909848501,"Macrocystis pyrifera",6,"South Point SMR","PISCO","bio"
"bio",1.03247386555169,0.525292583436245,0.451128002862395,"Mesocentrotus franciscanus",6,"South Point SMR","PISCO","bio"
"bio",-0.290611967177771,1.28574453334667,-0.126979675452381,"Semicossyphus pulcher",6,"South Point SMR","PISCO","bio"
"bio",0.723087323002824,-0.106269750885714,0.315944984958117,"Strongylocentrotus purpuratus",6,"South Point SMR","PISCO","bio"
"bio",-0.324730844671009,0.677187514008047,-0.14188754051026,"Macrocystis pyrifera",7,"South Point SMR","PISCO","bio"
"bio",0.767716682277073,0.511210657067567,0.335445288442954,"Mesocentrotus franciscanus",7,"South Point SMR","PISCO","bio"
"bio",-0.255710937691371,1.30648427804061,-0.111730057757092,"Semicossyphus pulcher",7,"South Point SMR","PISCO","bio"
"bio",2.06051492846863,-0.135122788624122,0.900319141784284,"Strongylocentrotus purpuratus",7,"South Point SMR","PISCO","bio"
"bio",-1.51576515593684,0.899395547106036,-0.662296771299687,"Macrocystis pyrifera",8,"South Point SMR","PISCO","bio"
"bio",-1.29746572030254,0.497128730698887,-0.566913254380283,"Mesocentrotus franciscanus",8,"South Point SMR","PISCO","bio"
"bio",0.723371933528225,1.32722402273456,0.316069342370156,"Semicossyphus pulcher",8,"South Point SMR","PISCO","bio"
"bio",-0.618242564108344,-0.163975826362531,-0.270134230547029,"Strongylocentrotus purpuratus",8,"South Point SMR","PISCO","bio"
"bio",-0.69738075323812,1.12160358020403,-0.304712784448909,"Macrocystis pyrifera",9,"South Point SMR","PISCO","bio"
"bio",0.310129563786471,0.483046804330209,0.135507672792103,"Mesocentrotus franciscanus",9,"South Point SMR","PISCO","bio"
"bio",-0.390348973488082,1.3479637674285,-0.170558654029434,"Semicossyphus pulcher",9,"South Point SMR","PISCO","bio"
"bio",1.47248013405169,-0.192828864100939,0.643383861124987,"Strongylocentrotus purpuratus",9,"South Point SMR","PISCO","bio"
"bio",-1.00412036511358,1.36870351212244,-0.43873925535645,"Semicossyphus pulcher",10,"South Point SMR","PISCO","bio"
"bio",-0.781397381819677,1.5660196464,-0.341422918355278,"Macrocystis pyrifera",11,"South Point SMR","PISCO","bio"
"bio",1.43576323011309,0.45488295159285,0.62734081723035,"Mesocentrotus franciscanus",11,"South Point SMR","PISCO","bio"
"bio",-1.39975797377533,1.38944325681639,-0.611608719860969,"Semicossyphus pulcher",11,"South Point SMR","PISCO","bio"
"bio",0.14615653777225,-0.250534939577756,0.0638614779418606,"Strongylocentrotus purpuratus",11,"South Point SMR","PISCO","bio"
"bio",-1.14439647863924,1.78822767949799,-0.500031347152225,"Macrocystis pyrifera",12,"South Point SMR","PISCO","bio"
"bio",0.839430141679768,0.440801025224172,0.366779689049214,"Mesocentrotus franciscanus",12,"South Point SMR","PISCO","bio"
"bio",-0.035817294074771,1.41018300151033,-0.0156499693435364,"Semicossyphus pulcher",12,"South Point SMR","PISCO","bio"
"bio",-0.815227456707976,-0.279387977316164,-0.356204594318465,"Strongylocentrotus purpuratus",12,"South Point SMR","PISCO","bio"
"bio",-0.946539860885644,2.01043571259598,-0.413580092744352,"Macrocystis pyrifera",13,"South Point SMR","PISCO","bio"
"bio",0.20371118726402,0.426719098855493,0.0890093436137858,"Mesocentrotus franciscanus",13,"South Point SMR","PISCO","bio"
"bio",-1.30794809318536,1.43092274620427,-0.571493410935975,"Semicossyphus pulcher",13,"South Point SMR","PISCO","bio"
"bio",-0.140634308153649,-0.308241015054572,-0.0614486009652064,"Strongylocentrotus purpuratus",13,"South Point SMR","PISCO","bio"
"bio",-0.742442438803764,2.23264374569397,-0.324401988111202,"Macrocystis pyrifera",14,"South Point SMR","PISCO","bio"
"bio",0.864876320537016,0.412637172486814,0.377898114639789,"Mesocentrotus franciscanus",14,"South Point SMR","PISCO","bio"
"bio",-0.990878951966988,1.45166249089822,-0.432953566762091,"Semicossyphus pulcher",14,"South Point SMR","PISCO","bio"
"bio",0.0822516550974841,-0.33709405279298,0.0359389483204276,"Strongylocentrotus purpuratus",14,"South Point SMR","PISCO","bio"
"bio",-1.73760704665296,2.45485177879196,-0.759228124672492,"Macrocystis pyrifera",15,"South Point SMR","PISCO","bio"
"bio",0.831959119020025,0.398555246118135,0.363515308570171,"Mesocentrotus franciscanus",15,"South Point SMR","PISCO","bio"
"bio",-0.775721136707482,1.47240223559216,-0.338942746017111,"Semicossyphus pulcher",15,"South Point SMR","PISCO","bio"
"bio",0.962593796381135,-0.365947090531389,0.42059468178123,"Strongylocentrotus purpuratus",15,"South Point SMR","PISCO","bio"
"bio",-4.47573972396258,2.67705981188995,-1.95562482535499,"Macrocystis pyrifera",16,"South Point SMR","PISCO","bio"
"bio",2.12483081528917,0.384473319749456,0.92842125510816,"Mesocentrotus franciscanus",16,"South Point SMR","PISCO","bio"
"bio",-0.562822667031272,1.49314198028611,-0.245919121263018,"Semicossyphus pulcher",16,"South Point SMR","PISCO","bio"
"bio",1.19178224514127,-0.394800128269797,0.52073603219986,"Strongylocentrotus purpuratus",16,"South Point SMR","PISCO","bio"
"bio",-2.5513944075178,2.89926784498794,-1.11480348508653,"Macrocystis pyrifera",17,"South Point SMR","PISCO","bio"
"bio",-0.31367197646372,1.51388172498005,-0.137055490717303,"Semicossyphus pulcher",17,"South Point SMR","PISCO","bio"
"bio",-0.771412096520261,3.12147587808593,-0.337059958705225,"Macrocystis pyrifera",18,"South Point SMR","PISCO","bio"
"bio",-0.031714450124004,0.356309467012099,-0.0138572771899422,"Mesocentrotus franciscanus",18,"South Point SMR","PISCO","bio"
"bio",-0.745016643795651,1.53462146967399,-0.325526758428103,"Semicossyphus pulcher",18,"South Point SMR","PISCO","bio"
"bio",0.118243849971235,-0.452506203746614,0.0516653386279954,"Strongylocentrotus purpuratus",18,"South Point SMR","PISCO","bio"
"bio",-0.940499966390768,1.55536121436794,-0.410941027842194,"Semicossyphus pulcher",19,"South Point SMR","PISCO","bio"
"bio",-0.266973411740171,3.56589194428191,-0.116651070864004,"Macrocystis pyrifera",20,"South Point SMR","PISCO","bio"
"bio",-0.975773558423299,1.57610095906188,-0.426353432609375,"Semicossyphus pulcher",20,"South Point SMR","PISCO","bio"
"bio",-1.56243478034425,0.167346711890326,-0.682688546002865,"Macrocystis pyrifera",16,"Anacapa Island SMR 2003","KFM","bio"
"bio",-0.214099027266609,-2.12523978025017,-0.0935481950760631,"Mesocentrotus franciscanus",16,"Anacapa Island SMR 2003","KFM","bio"
"bio",-0.253708169164126,-2.90451322826942,-0.110854970264772,"Strongylocentrotus purpuratus",16,"Anacapa Island SMR 2003","KFM","bio"
"bio",-12.0529859424875,0.282485535386808,-5.26641851012611,"Macrocystis pyrifera",18,"Anacapa Island SMR 2003","KFM","bio"
"bio",-2.69741737485878,-2.48268087568702,-1.17860660091007,"Mesocentrotus franciscanus",18,"Anacapa Island SMR 2003","KFM","bio"
"bio",-2.7880954579199,-3.29149654644574,-1.21822738345927,"Strongylocentrotus purpuratus",18,"Anacapa Island SMR 2003","KFM","bio"
"bio",-0.457453764339934,0.340054947135049,-0.199879348033944,"Macrocystis pyrifera",19,"Anacapa Island SMR 2003","KFM","bio"
"bio",-2.85007023061155,-2.66140142340545,-1.24530657293327,"Mesocentrotus franciscanus",19,"Anacapa Island SMR 2003","KFM","bio"
"bio",-2.15958475126627,-3.48498820553389,-0.943606601926189,"Strongylocentrotus purpuratus",19,"Anacapa Island SMR 2003","KFM","bio"
"bio",0.604581235033424,-1.35657995556417,0.264165064345692,"Strongylocentrotus purpuratus",8,"Anacapa Island SMR 2003","KFM","bio"
"bio",0.235639170347361,-0.235639170347361,0.102959921661702,"Macrocystis pyrifera",9,"Anacapa Island SMR 2003","KFM","bio"
"bio",-0.954861336757802,-0.874195946221178,-0.417216069320929,"Mesocentrotus franciscanus",9,"Anacapa Island SMR 2003","KFM","bio"
"bio",-0.431041864666534,-1.55007161465233,-0.188338961444986,"Strongylocentrotus purpuratus",9,"Anacapa Island SMR 2003","KFM","bio"
"bio",9.71369620228456,-0.17806975859912,4.24429180665712,"Macrocystis pyrifera",10,"Anacapa Island SMR 2003","KFM","bio"
"bio",-1.15920268177938,-1.05291649393961,-0.506500753376873,"Mesocentrotus franciscanus",10,"Anacapa Island SMR 2003","KFM","bio"
"bio",-1.62822960217398,-1.74356327374048,-0.711436863573958,"Strongylocentrotus purpuratus",10,"Anacapa Island SMR 2003","KFM","bio"
"bio",5.66943451051598,-0.120500346850879,2.47719652131006,"Macrocystis pyrifera",11,"Anacapa Island SMR 2003","KFM","bio"
"bio",-0.360940500219856,-1.23163704165803,-0.157708947847634,"Mesocentrotus franciscanus",11,"Anacapa Island SMR 2003","KFM","bio"
"bio",-1.9364960478213,-1.93705493282864,-0.846130467561751,"Strongylocentrotus purpuratus",11,"Anacapa Island SMR 2003","KFM","bio"
"bio",-11.0677355811634,-0.638625052585049,-4.83592429361041,"Macrocystis pyrifera",2,"Anacapa Island SMR 2003","KFM","bio"
"bio",-1.5291473227409,0.376847887807814,-0.668143960643372,"Mesocentrotus franciscanus",2,"Anacapa Island SMR 2003","KFM","bio"
"bio",-3.68318121304487,-0.195630001035228,-1.60932517544487,"Strongylocentrotus purpuratus",2,"Anacapa Island SMR 2003","KFM","bio"
"bio",0.581055640836807,-0.581055640836807,0.253885816918543,"Macrocystis pyrifera",3,"Anacapa Island SMR 2003","KFM","bio"
"bio",-1.28627797160092,0.198127340089386,-0.562024891684931,"Mesocentrotus franciscanus",3,"Anacapa Island SMR 2003","KFM","bio"
"bio",-3.25068239702792,-0.389121660123385,-1.42034961526852,"Strongylocentrotus purpuratus",3,"Anacapa Island SMR 2003","KFM","bio"
"bio",0.523486229088566,-0.523486229088566,0.228731501042403,"Macrocystis pyrifera",4,"Anacapa Island SMR 2003","KFM","bio"
"bio",-1.48931697517452,0.0194067923709589,-0.65074053209137,"Mesocentrotus franciscanus",4,"Anacapa Island SMR 2003","KFM","bio"
"bio",-2.47310459720675,-0.582613319211542,-1.08059562089887,"Strongylocentrotus purpuratus",4,"Anacapa Island SMR 2003","KFM","bio"
"bio",11.4864032536106,-0.465916817340325,5.0188564890256,"Macrocystis pyrifera",5,"Anacapa Island SMR 2003","KFM","bio"
"bio",-0.813460807690692,-0.159313755347469,-0.355432676626873,"Mesocentrotus franciscanus",5,"Anacapa Island SMR 2003","KFM","bio"
"bio",-1.20651020623502,-0.776104978299699,-0.527171251430237,"Strongylocentrotus purpuratus",5,"Anacapa Island SMR 2003","KFM","bio"
"bio",5.41446784092524,-0.408347405592085,2.36579166324377,"Macrocystis pyrifera",6,"Anacapa Island SMR 2003","KFM","bio"
"bio",-0.410637858185039,-0.338034303065896,-0.179423657143826,"Mesocentrotus franciscanus",6,"Anacapa Island SMR 2003","KFM","bio"
"bio",0.284132644256774,-0.969596637387856,0.124148607173778,"Strongylocentrotus purpuratus",6,"Anacapa Island SMR 2003","KFM","bio"
"bio",11.2934282428133,-0.350777993843843,4.93453819862819,"Macrocystis pyrifera",7,"Anacapa Island SMR 2003","KFM","bio"
"bio",0.138259900805724,-0.516754850784323,0.0604111300125845,"Mesocentrotus franciscanus",7,"Anacapa Island SMR 2003","KFM","bio"
"bio",1.0929388624693,-1.16308829647601,0.477547512559081,"Strongylocentrotus purpuratus",7,"Anacapa Island SMR 2003","KFM","bio"
"bio",0.293208582095602,-0.293208582095602,0.128114237537842,"Macrocystis pyrifera",8,"Anacapa Island SMR 2003","KFM","bio"
"bio",-0.359853501479019,-0.695475398502751,-0.157233995805332,"Mesocentrotus franciscanus",8,"Anacapa Island SMR 2003","KFM","bio"
"bio",7.2856897760697,-0.0629309351026384,3.18340133132283,"Macrocystis pyrifera",12,"Anacapa Island SMR 2003","KFM","bio"
"bio",-2.34902608338528,-1.41035758937646,-1.02638089062237,"Mesocentrotus franciscanus",12,"Anacapa Island SMR 2003","KFM","bio"
"bio",-2.6527459938769,-2.1305465919168,-1.15908793650621,"Strongylocentrotus purpuratus",12,"Anacapa Island SMR 2003","KFM","bio"
"bio",-11.7570696771231,-0.00536152335439732,-5.13712118041888,"Macrocystis pyrifera",13,"Anacapa Island SMR 2003","KFM","bio"
"bio",-1.14487065758885,-1.58907813709489,-0.500238534384438,"Mesocentrotus franciscanus",13,"Anacapa Island SMR 2003","KFM","bio"
"bio",-3.76298859027292,-2.32403825100495,-1.64419612366334,"Strongylocentrotus purpuratus",13,"Anacapa Island SMR 2003","KFM","bio"
"bio",-6.52657489885155,0.0522078883938439,-2.85171450618507,"Macrocystis pyrifera",14,"Anacapa Island SMR 2003","KFM","bio"
"bio",-0.502076938091595,-1.76779868481332,-0.219376948823299,"Mesocentrotus franciscanus",14,"Anacapa Island SMR 2003","KFM","bio"
"bio",-0.27805531507089,-2.51752991009311,-0.121493185598628,"Strongylocentrotus purpuratus",14,"Anacapa Island SMR 2003","KFM","bio"
"bio",-4.2688860209629,0.109777300142085,-1.86524239434878,"Macrocystis pyrifera",15,"Anacapa Island SMR 2003","KFM","bio"
"bio",-1.32400521619279,-1.94651923253174,-0.578509392720836,"Mesocentrotus franciscanus",15,"Anacapa Island SMR 2003","KFM","bio"
"bio",-2.5714785568296,-2.71102156918127,-1.1235790313454,"Strongylocentrotus purpuratus",15,"Anacapa Island SMR 2003","KFM","bio"
"bio",-0.637398518376118,-0.503553828838722,-0.278504212277391,"Macrocystis pyrifera",1,"Gull Island SMR","KFM","bio"
"bio",-0.513535704485163,0.748209071020809,-0.22438372969289,"Mesocentrotus franciscanus",1,"Gull Island SMR","KFM","bio"
"bio",-3.43330574834573,0.190502293547496,-1.50014486288189,"Strongylocentrotus purpuratus",1,"Gull Island SMR","KFM","bio"
"bio",0.198923049781329,-0.263117313001974,0.0869172200530191,"Macrocystis pyrifera",2,"Gull Island SMR","KFM","bio"
"bio",1.60988224459172,0.752355627390889,0.703420189195994,"Mesocentrotus franciscanus",2,"Gull Island SMR","KFM","bio"
"bio",-1.87806426651868,0.179877738547846,-0.820599348874635,"Strongylocentrotus purpuratus",2,"Gull Island SMR","KFM","bio"
"bio",7.24702675137334,-0.0226807971652255,3.16650795155038,"Macrocystis pyrifera",3,"Gull Island SMR","KFM","bio"
"bio",-0.362854719290309,0.756502183760968,-0.158545344637042,"Mesocentrotus franciscanus",3,"Gull Island SMR","KFM","bio"
"bio",-2.5709569642942,0.169253183548197,-1.1233511272728,"Strongylocentrotus purpuratus",3,"Gull Island SMR","KFM","bio"
"bio",0.150634242214073,0.217755718671523,0.0658179612288915,"Macrocystis pyrifera",4,"Gull Island SMR","KFM","bio"
"bio",1.92143474388037,0.760648740131048,0.839549597871898,"Mesocentrotus franciscanus",4,"Gull Island SMR","KFM","bio"
"bio",-0.139419614117678,0.158628628548547,-0.0609178538801518,"Strongylocentrotus purpuratus",4,"Gull Island SMR","KFM","bio"
"bio",0.149646095428443,0.458192234508271,0.0653862014519038,"Macrocystis pyrifera",5,"Gull Island SMR","KFM","bio"
"bio",0.873911948334573,0.764795296501128,0.381846131978457,"Mesocentrotus franciscanus",5,"Gull Island SMR","KFM","bio"
"bio",-0.703575356450979,0.148004073548897,-0.307419447609287,"Strongylocentrotus purpuratus",5,"Gull Island SMR","KFM","bio"
"bio",1.50983916722249,0.698628750345019,0.659707476264832,"Macrocystis pyrifera",6,"Gull Island SMR","KFM","bio"
"bio",0.205132728938549,0.768941852871207,0.0896304704800559,"Mesocentrotus franciscanus",6,"Gull Island SMR","KFM","bio"
"bio",-2.44869868997705,0.137379518549247,-1.06993173045676,"Strongylocentrotus purpuratus",6,"Gull Island SMR","KFM","bio"
"bio",-1.88435822754231,0.939065266181767,-0.823349425328309,"Macrocystis pyrifera",7,"Gull Island SMR","KFM","bio"
"bio",0.424202339239323,0.773088409241287,0.18535050667683,"Mesocentrotus franciscanus",7,"Gull Island SMR","KFM","bio"
"bio",-0.501557428274498,0.126754963549598,-0.219149954771368,"Strongylocentrotus purpuratus",7,"Gull Island SMR","KFM","bio"
"bio",5.75432587519048,1.17950178201851,2.51428886144925,"Macrocystis pyrifera",8,"Gull Island SMR","KFM","bio"
"bio",0.287737390006894,0.777234965611366,0.125723660843741,"Mesocentrotus franciscanus",8,"Gull Island SMR","KFM","bio"
"bio",0.399714960282899,0.116130408549948,0.174651018067456,"Strongylocentrotus purpuratus",8,"Gull Island SMR","KFM","bio"
"bio",1.01774179520703,1.41993829785526,0.444690988140412,"Macrocystis pyrifera",9,"Gull Island SMR","KFM","bio"
"bio",0.704322535505074,0.781381521981446,0.307745919208909,"Mesocentrotus franciscanus",9,"Gull Island SMR","KFM","bio"
"bio",2.80123749044164,0.105505853550298,1.22396964879198,"Strongylocentrotus purpuratus",9,"Gull Island SMR","KFM","bio"
"bio",-4.21569339391302,1.66037481369201,-1.84200046599722,"Macrocystis pyrifera",10,"Gull Island SMR","KFM","bio"
"bio",0.830010524928974,0.785528078351526,0.362663891996817,"Mesocentrotus franciscanus",10,"Gull Island SMR","KFM","bio"
"bio",1.28391245059008,0.0948812985506484,0.560991303518729,"Strongylocentrotus purpuratus",10,"Gull Island SMR","KFM","bio"
"bio",-2.90501808983913,1.90081132952876,-1.26931543051502,"Macrocystis pyrifera",11,"Gull Island SMR","KFM","bio"
"bio",-0.152616261695454,0.789674634721605,-0.0666839826557793,"Mesocentrotus franciscanus",11,"Gull Island SMR","KFM","bio"
"bio",-1.10904765437201,0.0842567435509987,-0.484586070494602,"Strongylocentrotus purpuratus",11,"Gull Island SMR","KFM","bio"
"bio",7.17524390828968,2.14124784536551,3.13514323451436,"Macrocystis pyrifera",12,"Gull Island SMR","KFM","bio"
"bio",0.790455677747985,0.793821191091685,0.345380840282233,"Mesocentrotus franciscanus",12,"Gull Island SMR","KFM","bio"
"bio",-1.6981326213689,0.0736321885513488,-0.741980212413694,"Strongylocentrotus purpuratus",12,"Gull Island SMR","KFM","bio"
"bio",6.92086099695526,2.38168436120226,3.02399344314284,"Macrocystis pyrifera",13,"Gull Island SMR","KFM","bio"
"bio",2.21814741473599,0.797967747461765,0.96919490812441,"Mesocentrotus franciscanus",13,"Gull Island SMR","KFM","bio"
"bio",-0.717652883420489,0.0630076335516992,-0.313570466864,"Strongylocentrotus purpuratus",13,"Gull Island SMR","KFM","bio"
"bio",6.36667684357171,2.622120877039,2.7818488245957,"Macrocystis pyrifera",14,"Gull Island SMR","KFM","bio"
"bio",2.25956937174333,0.802114303831844,0.98729377276675,"Mesocentrotus franciscanus",14,"Gull Island SMR","KFM","bio"
"bio",-0.360921382341302,0.0523830785520498,-0.157700594502664,"Strongylocentrotus purpuratus",14,"Gull Island SMR","KFM","bio"
"bio",6.15399473838009,2.86255739287575,2.68891973790313,"Macrocystis pyrifera",15,"Gull Island SMR","KFM","bio"
"bio",0.0132617361832178,0.806260860201923,0.00579456851978153,"Mesocentrotus franciscanus",15,"Gull Island SMR","KFM","bio"
"bio",-0.409444879337417,0.0417585235523996,-0.178902398269445,"Strongylocentrotus purpuratus",15,"Gull Island SMR","KFM","bio"
"bio",6.09454853862912,3.1029939087125,2.66294538032742,"Macrocystis pyrifera",16,"Gull Island SMR","KFM","bio"
"bio",1.45167328039386,0.810407416572003,0.634292537218698,"Mesocentrotus franciscanus",16,"Gull Island SMR","KFM","bio"
"bio",0.628691681546451,0.0311339685527501,0.274699856505037,"Strongylocentrotus purpuratus",16,"Gull Island SMR","KFM","bio"
"bio",-5.21000643823472,3.583866940386,-2.27645452132112,"Macrocystis pyrifera",18,"Gull Island SMR","KFM","bio"
"bio",0.586574469338307,0.818700529312163,0.256297207814807,"Mesocentrotus franciscanus",18,"Gull Island SMR","KFM","bio"
"bio",-0.467931177431388,0.00988485855345012,-0.204457337463814,"Strongylocentrotus purpuratus",18,"Gull Island SMR","KFM","bio"
"bio",4.49868424221835,3.82430345622274,1.96565017809535,"Macrocystis pyrifera",19,"Gull Island SMR","KFM","bio"
"bio",0.782821160357108,0.822847085682242,0.342045022593981,"Mesocentrotus franciscanus",19,"Gull Island SMR","KFM","bio"
"bio",-2.75265462663807,-0.000739696446198979,-1.2027419053572,"Strongylocentrotus purpuratus",19,"Gull Island SMR","KFM","bio"
"bio",-2.42094459847021,-0.58726618802179,-1.05780488803441,"Strongylocentrotus purpuratus",6,"Harris Point SMR","KFM","bio"
"bio",-9.45193383139882,0.0947115957092868,-4.12991764229112,"Macrocystis pyrifera",7,"Harris Point SMR","KFM","bio"
"bio",2.75731409579293,-0.0712652612311931,1.20477780871938,"Mesocentrotus franciscanus",7,"Harris Point SMR","KFM","bio"
"bio",-3.73336414843026,-0.717598706922882,-1.63125205240856,"Strongylocentrotus purpuratus",7,"Harris Point SMR","KFM","bio"
"bio",-8.96548676067731,0.215440147644592,-3.91736999064127,"Macrocystis pyrifera",8,"Harris Point SMR","KFM","bio"
"bio",2.35133743949114,-0.186826668762557,1.02739081203417,"Mesocentrotus franciscanus",8,"Harris Point SMR","KFM","bio"
"bio",-0.288938343057265,-0.847931225823975,-0.12624840395756,"Strongylocentrotus purpuratus",8,"Harris Point SMR","KFM","bio"
"bio",-1.96611237373802,0.336168699579897,-0.859070992652709,"Macrocystis pyrifera",9,"Harris Point SMR","KFM","bio"
"bio",1.88585425546998,-0.302388076293919,0.82400309813665,"Mesocentrotus franciscanus",9,"Harris Point SMR","KFM","bio"
"bio",0.928591477928218,-0.978263744725068,0.405737745903092,"Strongylocentrotus purpuratus",9,"Harris Point SMR","KFM","bio"
"bio",-8.93399492088228,0.456897251515203,-3.90360998056527,"Macrocystis pyrifera",10,"Harris Point SMR","KFM","bio"
"bio",1.70567706994,-0.417949483825283,0.745276675530232,"Mesocentrotus franciscanus",10,"Harris Point SMR","KFM","bio"
"bio",0.468082439154897,-1.10859626362616,0.204523429596034,"Strongylocentrotus purpuratus",10,"Harris Point SMR","KFM","bio"
"bio",-8.86521785458029,0.577625803450508,-3.87355860435249,"Macrocystis pyrifera",11,"Harris Point SMR","KFM","bio"
"bio",2.90723930591761,-0.533510891356647,1.27028596624173,"Mesocentrotus franciscanus",11,"Harris Point SMR","KFM","bio"
"bio",1.96011460940249,-1.23892878252725,0.85645033605635,"Strongylocentrotus purpuratus",11,"Harris Point SMR","KFM","bio"
"bio",-8.98496416124346,0.698354355385813,-3.92588042476607,"Macrocystis pyrifera",12,"Harris Point SMR","KFM","bio"
"bio",3.87768106164725,-0.649072298888009,1.694309726807,"Mesocentrotus franciscanus",12,"Harris Point SMR","KFM","bio"
"bio",3.97366422322617,-1.36926130142835,1.73624850456809,"Strongylocentrotus purpuratus",12,"Harris Point SMR","KFM","bio"
"bio",-9.14096029984012,0.819082907321118,-3.99404120714263,"Macrocystis pyrifera",13,"Harris Point SMR","KFM","bio"
"bio",0.521724754028813,-0.764633706419372,0.227961844054161,"Mesocentrotus franciscanus",13,"Harris Point SMR","KFM","bio"
"bio",3.44870397653244,-1.49959382032944,1.50687294788362,"Strongylocentrotus purpuratus",13,"Harris Point SMR","KFM","bio"
"bio",-10.177251054877,0.939811459256424,-4.44683695752682,"Macrocystis pyrifera",14,"Harris Point SMR","KFM","bio"
"bio",2.51735963138045,-0.880195113950736,1.09993236718321,"Mesocentrotus franciscanus",14,"Harris Point SMR","KFM","bio"
"bio",4.68716958765782,-1.62992633923053,2.04800675901617,"Strongylocentrotus purpuratus",14,"Harris Point SMR","KFM","bio"
"bio",-8.92606112499177,1.06054001119173,-3.90014339645634,"Macrocystis pyrifera",15,"Harris Point SMR","KFM","bio"
"bio",0.140770606741984,-0.995756521482099,0.0615081551214908,"Mesocentrotus franciscanus",15,"Harris Point SMR","KFM","bio"
"bio",2.5481887990921,-1.76025885813162,1.11340283004305,"Strongylocentrotus purpuratus",15,"Harris Point SMR","KFM","bio"
"bio",-1.18126856312703,1.18126856312703,-0.516142195466494,"Macrocystis pyrifera",16,"Harris Point SMR","KFM","bio"
"bio",1.43273963153813,-1.11131792901346,0.626019689372215,"Mesocentrotus franciscanus",16,"Harris Point SMR","KFM","bio"
"bio",2.56089654245408,-1.89059137703272,1.11895533754474,"Strongylocentrotus purpuratus",16,"Harris Point SMR","KFM","bio"
"bio",-1.42272566699764,1.42272566699764,-0.621644198645898,"Macrocystis pyrifera",18,"Harris Point SMR","KFM","bio"
"bio",0.834464706406278,-1.34244074407619,0.364610097185429,"Mesocentrotus franciscanus",18,"Harris Point SMR","KFM","bio"
"bio",3.1197389239768,-2.1512564148349,1.36313531720601,"Strongylocentrotus purpuratus",18,"Harris Point SMR","KFM","bio"
"bio",-1.54345421893295,1.54345421893295,-0.6743952002356,"Macrocystis pyrifera",19,"Harris Point SMR","KFM","bio"
"bio",0.507536391613725,-1.45800215160755,0.221762396480942,"Mesocentrotus franciscanus",19,"Harris Point SMR","KFM","bio"
"bio",2.65360634813573,-2.28158893373599,1.15946385875615,"Strongylocentrotus purpuratus",19,"Harris Point SMR","KFM","bio"
"bio",2.06370066828296,-0.629659715902545,0.901711115458418,"Macrocystis pyrifera",1,"Harris Point SMR","KFM","bio"
"bio",-0.829428853624422,0.622103183956986,-0.362409737172467,"Mesocentrotus franciscanus",1,"Harris Point SMR","KFM","bio"
"bio",0.117244321682851,0.064396406483673,0.0512286058296286,"Strongylocentrotus purpuratus",1,"Harris Point SMR","KFM","bio"
"bio",1.85448043285977,-0.50893116396724,0.810294654360458,"Macrocystis pyrifera",2,"Harris Point SMR","KFM","bio"
"bio",1.75966848262554,0.506541776425623,0.768867624404787,"Mesocentrotus franciscanus",2,"Harris Point SMR","KFM","bio"
"bio",3.46514539641563,-0.0659361124174196,1.51405684392554,"Strongylocentrotus purpuratus",2,"Harris Point SMR","KFM","bio"
"bio",0.0520167662372493,-0.388202612031934,0.0227281490126932,"Macrocystis pyrifera",3,"Harris Point SMR","KFM","bio"
"bio",1.16203826831153,0.39098036889426,0.507739731458422,"Mesocentrotus franciscanus",3,"Harris Point SMR","KFM","bio"
"bio",1.5323446933016,-0.196268631318512,0.669541016243116,"Strongylocentrotus purpuratus",3,"Harris Point SMR","KFM","bio"
"bio",-0.0632291164142209,-0.267474060096629,-0.0276272610498083,"Macrocystis pyrifera",4,"Harris Point SMR","KFM","bio"
"bio",2.6744124447567,0.275418961362896,1.16855485188358,"Mesocentrotus franciscanus",4,"Harris Point SMR","KFM","bio"
"bio",0.586974376246805,-0.326601150219605,0.256471942702517,"Strongylocentrotus purpuratus",4,"Harris Point SMR","KFM","bio"
"bio",-8.57204241512723,-0.146745508161324,-3.74545884812468,"Macrocystis pyrifera",5,"Harris Point SMR","KFM","bio"
"bio",3.20802684905717,0.159857553831533,1.40171174673829,"Mesocentrotus franciscanus",5,"Harris Point SMR","KFM","bio"
"bio",1.44937889607042,-0.456933669120697,0.633290031438974,"Strongylocentrotus purpuratus",5,"Harris Point SMR","KFM","bio"
"bio",-9.29477515382706,-0.0260169562260186,-4.06124890140482,"Macrocystis pyrifera",6,"Harris Point SMR","KFM","bio"
"bio",2.64234911476461,0.04429614630017,1.15454513550522,"Mesocentrotus franciscanus",6,"Harris Point SMR","KFM","bio"
"bio",0.485655517591781,-0.485655517591781,0.212201791290099,"Macrocystis pyrifera",1,"Scorpion SMR","KFM","bio"
"bio",-0.503425639442779,0.76610738226775,-0.219966248918263,"Mesocentrotus franciscanus",1,"Scorpion SMR","KFM","bio"
"bio",0.235806149213592,0.208400604794437,0.103032881225092,"Strongylocentrotus purpuratus",1,"Scorpion SMR","KFM","bio"
"bio",0.228228752047053,-0.228228752047053,0.0997220215852608,"Macrocystis pyrifera",2,"Scorpion SMR","KFM","bio"
"bio",-0.626049048124456,0.787244188345809,-0.273545187144641,"Mesocentrotus franciscanus",2,"Scorpion SMR","KFM","bio"
"bio",0.297109139523646,0.214766299502767,0.12981854283919,"Strongylocentrotus purpuratus",2,"Scorpion SMR","KFM","bio"
"bio",-0.0291980134976748,0.0291980134976748,-0.0127577481195777,"Macrocystis pyrifera",3,"Scorpion SMR","KFM","bio"
"bio",0.0396752221356113,0.808380994423869,0.0173356482157504,"Mesocentrotus franciscanus",3,"Scorpion SMR","KFM","bio"
"bio",0.54871513072327,0.221131994211097,0.239754989760729,"Strongylocentrotus purpuratus",3,"Scorpion SMR","KFM","bio"
"bio",1.21657039447418,0.286624779042403,0.531566939088951,"Macrocystis pyrifera",4,"Scorpion SMR","KFM","bio"
"bio",0.0808496202707099,0.829517800501928,0.0353263447549047,"Mesocentrotus franciscanus",4,"Scorpion SMR","KFM","bio"
"bio",1.72770758764615,0.227497688919427,0.75490266586897,"Strongylocentrotus purpuratus",4,"Scorpion SMR","KFM","bio"
"bio",5.00108319862828,0.544051544587131,2.18516782925087,"Macrocystis pyrifera",5,"Scorpion SMR","KFM","bio"
"bio",-0.0957359893876873,0.850654606579987,-0.0418307786138925,"Mesocentrotus franciscanus",5,"Scorpion SMR","KFM","bio"
"bio",0.716495900281396,0.233863383627757,0.31306493591518,"Strongylocentrotus purpuratus",5,"Scorpion SMR","KFM","bio"
"bio",-2.7064681749775,0.801478310131858,-1.18256124762617,"Macrocystis pyrifera",6,"Scorpion SMR","KFM","bio"
"bio",0.559754035873253,0.871791412658047,0.244578316917236,"Mesocentrotus franciscanus",6,"Scorpion SMR","KFM","bio"
"bio",2.33150831433492,0.240229078336087,1.01872669575123,"Strongylocentrotus purpuratus",6,"Scorpion SMR","KFM","bio"
"bio",-9.68741379546133,1.05890507567659,-4.23280800053264,"Macrocystis pyrifera",7,"Scorpion SMR","KFM","bio"
"bio",-0.0112888010354872,0.892928218736106,-0.00493251639171423,"Mesocentrotus franciscanus",7,"Scorpion SMR","KFM","bio"
"bio",0.534769746373226,0.246594773044417,0.233661708757803,"Strongylocentrotus purpuratus",7,"Scorpion SMR","KFM","bio"
"bio",-1.31633184122131,1.31633184122131,-0.57515659664377,"Macrocystis pyrifera",8,"Scorpion SMR","KFM","bio"
"bio",0.0557987498770016,0.914065024814165,0.0243806448125245,"Mesocentrotus franciscanus",8,"Scorpion SMR","KFM","bio"
"bio",1.17295687659818,0.252960467752747,0.512510496234887,"Strongylocentrotus purpuratus",8,"Scorpion SMR","KFM","bio"
"bio",5.38178966678759,4.14802626221332,2.35151329753615,"Macrocystis pyrifera",19,"Scorpion SMR","KFM","bio"
"bio",-2.27487349576458,1.14656989167282,-0.993980739997224,"Mesocentrotus franciscanus",19,"Scorpion SMR","KFM","bio"
"bio",0.262343408676675,0.322983109544377,0.114628042383602,"Strongylocentrotus purpuratus",19,"Scorpion SMR","KFM","bio"
"bio",6.47217384780347,2.34603890340022,2.8279445703719,"Macrocystis pyrifera",12,"Scorpion SMR","KFM","bio"
"bio",-1.57375860676604,1.57375860676604,-0.687636366348608,"Macrocystis pyrifera",9,"Scorpion SMR","KFM","bio"
"bio",-0.581778764547171,0.935201830892225,-0.254201777802555,"Mesocentrotus franciscanus",9,"Scorpion SMR","KFM","bio"
"bio",1.02896357262453,0.259326162461077,0.449594219305708,"Strongylocentrotus purpuratus",9,"Scorpion SMR","KFM","bio"
"bio",-1.83118537231077,1.83118537231077,-0.800116136053447,"Macrocystis pyrifera",10,"Scorpion SMR","KFM","bio"
"bio",-1.36756221967953,0.956338636970284,-0.597541142239402,"Mesocentrotus franciscanus",10,"Scorpion SMR","KFM","bio"
"bio",0.418198244332047,0.265691857169407,0.182727084007368,"Strongylocentrotus purpuratus",10,"Scorpion SMR","KFM","bio"
"bio",-2.0886121378555,2.0886121378555,-0.912595905758285,"Macrocystis pyrifera",11,"Scorpion SMR","KFM","bio"
"bio",-0.819401709209248,0.977475443048343,-0.358028487646105,"Mesocentrotus franciscanus",11,"Scorpion SMR","KFM","bio"
"bio",0.141393828597044,0.272057551877737,0.0617804649979864,"Strongylocentrotus purpuratus",11,"Scorpion SMR","KFM","bio"
"bio",8.80353495438809,3.11831920003441,3.84660694532954,"Macrocystis pyrifera",15,"Scorpion SMR","KFM","bio"
"bio",-1.72145045391545,0.998612249126403,-0.75216868069244,"Mesocentrotus franciscanus",12,"Scorpion SMR","KFM","bio"
"bio",0.171233457103182,0.278423246586067,0.0748185596784138,"Strongylocentrotus purpuratus",12,"Scorpion SMR","KFM","bio"
"bio",5.96063916755414,2.60346566894495,2.60443516602254,"Macrocystis pyrifera",13,"Scorpion SMR","KFM","bio"
"bio",-1.15388255888141,1.01974905520446,-0.504176184689934,"Mesocentrotus franciscanus",13,"Scorpion SMR","KFM","bio"
"bio",-0.346236495834253,0.284788941294397,-0.151284196235144,"Strongylocentrotus purpuratus",13,"Scorpion SMR","KFM","bio"
"bio",7.67438028585582,2.86089243448968,3.35323533803416,"Macrocystis pyrifera",14,"Scorpion SMR","KFM","bio"
"bio",-0.2580308245768,1.04088586128252,-0.112743706598393,"Mesocentrotus franciscanus",14,"Scorpion SMR","KFM","bio"
"bio",0.261663272176989,0.291154636002727,0.114330864284461,"Strongylocentrotus purpuratus",14,"Scorpion SMR","KFM","bio"
"bio",6.39611431306378,3.37574596557914,2.79471120035587,"Macrocystis pyrifera",16,"Scorpion SMR","KFM","bio"
"bio",-0.298754606695495,1.06202266736058,-0.130537511467626,"Mesocentrotus franciscanus",15,"Scorpion SMR","KFM","bio"
"bio",0.751536680415553,0.297520330711057,0.328375616105826,"Strongylocentrotus purpuratus",15,"Scorpion SMR","KFM","bio"
"bio",6.24876357853571,3.89059949666859,2.73032793138815,"Macrocystis pyrifera",18,"Scorpion SMR","KFM","bio"
"bio",-0.34102689217023,1.08315947343864,-0.149007917701547,"Mesocentrotus franciscanus",16,"Scorpion SMR","KFM","bio"
"bio",0.900311772382253,0.303886025419387,0.393381242256706,"Strongylocentrotus purpuratus",16,"Scorpion SMR","KFM","bio"
"bio",-0.767369470903457,1.12543308559476,-0.335293578284686,"Mesocentrotus franciscanus",18,"Scorpion SMR","KFM","bio"
"bio",0.203463036088158,0.316617414836047,0.0889009167101038,"Strongylocentrotus purpuratus",18,"Scorpion SMR","KFM","bio"
"bio",0.311131303927828,-0.300548518696489,0.135945372035091,"Macrocystis pyrifera",2,"South Point SMR","KFM","bio"
"bio",1.18982154191319,0.714924421696373,0.519879324673401,"Mesocentrotus franciscanus",2,"South Point SMR","KFM","bio"
"bio",0.703232933276641,0.142446532853331,0.307269829601581,"Strongylocentrotus purpuratus",2,"South Point SMR","KFM","bio"
"bio",-0.0207735166794091,-0.0783404855984997,-0.00907675768335586,"Macrocystis pyrifera",3,"South Point SMR","KFM","bio"
"bio",0.133948208147038,0.700842495327694,0.058527183732714,"Mesocentrotus franciscanus",3,"South Point SMR","KFM","bio"
"bio",0.141150407188468,0.113593495114922,0.0616741047136548,"Strongylocentrotus purpuratus",3,"South Point SMR","KFM","bio"
"bio",-0.00949991146645984,0.14386754749949,-0.00415088093774032,"Macrocystis pyrifera",4,"South Point SMR","KFM","bio"
"bio",0.129056636619733,0.686760568959015,0.0563898658134924,"Mesocentrotus franciscanus",4,"South Point SMR","KFM","bio"
"bio",1.03364724033294,0.0847404573765143,0.451640695957428,"Strongylocentrotus purpuratus",4,"South Point SMR","KFM","bio"
"bio",-0.247045329537547,0.36607558059748,-0.107943716397319,"Macrocystis pyrifera",5,"South Point SMR","KFM","bio"
"bio",0.218846527898541,0.672678642590336,0.0956225628156539,"Mesocentrotus franciscanus",5,"South Point SMR","KFM","bio"
"bio",0.31831960082434,0.055887419638106,0.139086218628019,"Strongylocentrotus purpuratus",5,"South Point SMR","KFM","bio"
"bio",0.219333869395629,0.588283613695469,0.0958355012769834,"Macrocystis pyrifera",6,"South Point SMR","KFM","bio"
"bio",0.607636605915362,0.658596716221657,0.26550007476093,"Mesocentrotus franciscanus",6,"South Point SMR","KFM","bio"
"bio",0.184378658422226,0.0270343818996977,0.0805622095819547,"Strongylocentrotus purpuratus",6,"South Point SMR","KFM","bio"
"bio",-0.667270981553879,0.810491646793459,-0.291556653703366,"Macrocystis pyrifera",7,"South Point SMR","KFM","bio"
"bio",0.429063021423401,0.644514789852979,0.187474327840168,"Mesocentrotus franciscanus",7,"South Point SMR","KFM","bio"
"bio",0.800050151757531,-0.00181865583871038,0.349573039274242,"Strongylocentrotus purpuratus",7,"South Point SMR","KFM","bio"
"bio",-1.02913711579341,1.03269967989145,-0.449670047068324,"Macrocystis pyrifera",8,"South Point SMR","KFM","bio"
"bio",0.471157404470081,0.6304328634843,0.205867001581528,"Mesocentrotus franciscanus",8,"South Point SMR","KFM","bio"
"bio",0.273831553826971,-0.0306716935771187,0.119647659975063,"Strongylocentrotus purpuratus",8,"South Point SMR","KFM","bio"
"bio",-1.74188967235951,1.25490771298944,-0.761099370470051,"Macrocystis pyrifera",9,"South Point SMR","KFM","bio"
"bio",0.563662687835619,0.616350937115621,0.246286159035568,"Mesocentrotus franciscanus",9,"South Point SMR","KFM","bio"
"bio",1.33482097456356,-0.0595247313155273,0.583235218367416,"Strongylocentrotus purpuratus",9,"South Point SMR","KFM","bio"
"bio",-1.79770510210403,1.47711574608743,-0.785487303365667,"Macrocystis pyrifera",10,"South Point SMR","KFM","bio"
"bio",0.406213245432518,0.602269010746942,0.177490371681518,"Mesocentrotus franciscanus",10,"South Point SMR","KFM","bio"
"bio",-0.0772972609998976,-0.0883777690539354,-0.0337741807759793,"Strongylocentrotus purpuratus",10,"South Point SMR","KFM","bio"
"bio",-1.09752920505659,1.69932377918542,-0.479553211834341,"Macrocystis pyrifera",11,"South Point SMR","KFM","bio"
"bio",0.625242817903228,0.588187084378263,0.273192913792563,"Mesocentrotus franciscanus",11,"South Point SMR","KFM","bio"
"bio",-0.335700849011237,-0.117230806792344,-0.146680762222225,"Strongylocentrotus purpuratus",11,"South Point SMR","KFM","bio"
"bio",-2.00953130963998,1.92153181228341,-0.878042415071614,"Macrocystis pyrifera",12,"South Point SMR","KFM","bio"
"bio",0.581326566445576,0.574105158009584,0.254004194858059,"Mesocentrotus franciscanus",12,"South Point SMR","KFM","bio"
"bio",-1.04225039403964,-0.146083844530752,-0.455399748539305,"Strongylocentrotus purpuratus",12,"South Point SMR","KFM","bio"
"bio",4.85405324592989,2.1437398453814,2.12092472234537,"Macrocystis pyrifera",13,"South Point SMR","KFM","bio"
"bio",-0.0923517436307224,0.560023231640905,-0.0403520699700478,"Mesocentrotus franciscanus",13,"South Point SMR","KFM","bio"
"bio",-0.718121462434289,-0.17493688226916,-0.313775207266379,"Strongylocentrotus purpuratus",13,"South Point SMR","KFM","bio"
"bio",6.05876738100771,2.36594787847939,2.64731120040634,"Macrocystis pyrifera",14,"South Point SMR","KFM","bio"
"bio",0.857250733345244,0.545941305272226,0.374566198902978,"Mesocentrotus franciscanus",14,"South Point SMR","KFM","bio"
"bio",-0.45287037099972,-0.203789920007568,-0.197876685155113,"Strongylocentrotus purpuratus",14,"South Point SMR","KFM","bio"
"bio",5.71119253466656,2.58815591157737,2.49544222676283,"Macrocystis pyrifera",15,"South Point SMR","KFM","bio"
"bio",0.807997221559413,0.531859378903547,0.353045423271502,"Mesocentrotus franciscanus",15,"South Point SMR","KFM","bio"
"bio",-0.221874746419106,-0.232642957745977,-0.0969457093077773,"Strongylocentrotus purpuratus",15,"South Point SMR","KFM","bio"
"bio",-2.37224409930066,2.81036394467536,-1.03652574513134,"Macrocystis pyrifera",16,"South Point SMR","KFM","bio"
"bio",1.61682553973632,0.517777452534868,0.7064539849911,"Mesocentrotus franciscanus",16,"South Point SMR","KFM","bio"
"bio",-0.0674614762313903,-0.261495995484385,-0.0294765437245755,"Strongylocentrotus purpuratus",16,"South Point SMR","KFM","bio"
"bio",-2.82958002685151,3.25478001087134,-1.2363536056874,"Macrocystis pyrifera",18,"South Point SMR","KFM","bio"
"bio",0.992699440418169,0.489613599797511,0.433749008997112,"Mesocentrotus franciscanus",18,"South Point SMR","KFM","bio"
"bio",0.286545958105266,-0.319202070961202,0.125203077890254,"Strongylocentrotus purpuratus",18,"South Point SMR","KFM","bio"
"bio",2.72391085502232,3.47698804396933,1.19018263318927,"Macrocystis pyrifera",19,"South Point SMR","KFM","bio"
"bio",0.866202078305778,0.475531673428832,0.378477389790915,"Mesocentrotus franciscanus",19,"South Point SMR","KFM","bio"
"bio",-0.00282331957711768,-0.348055108699609,-0.00123361817162008,"Strongylocentrotus purpuratus",19,"South Point SMR","KFM","bio"
"bio",0.756898174992841,-0.714143428067618,0.330718261689129,"Panulirus interruptus",1,"Campus Point SMCA","LTER","bio"
"bio",1.02831657948345,-0.641511995314705,0.449311522829465,"Panulirus interruptus",2,"Campus Point SMCA","LTER","bio"
"bio",0.227781870667758,-0.568880562561793,0.099526761723598,"Panulirus interruptus",3,"Campus Point SMCA","LTER","bio"
"bio",-0.169548945330722,-0.49624912980888,-0.074082530944842,"Panulirus interruptus",4,"Campus Point SMCA","LTER","bio"
"bio",0.700475445099039,-0.423617697055967,0.306064975729746,"Panulirus interruptus",5,"Campus Point SMCA","LTER","bio"
"bio",1.29785212337544,-0.350986264303054,0.567082088916819,"Panulirus interruptus",6,"Campus Point SMCA","LTER","bio"
"bio",0.747206518845929,-0.278354831550141,0.326483600040188,"Panulirus interruptus",7,"Campus Point SMCA","LTER","bio"
"bio",1.22327352948011,-0.205723398797229,0.534495799575436,"Panulirus interruptus",8,"Campus Point SMCA","LTER","bio"
"bio",1.32804571149879,-0.133091966044316,0.5802748423257,"Panulirus interruptus",9,"Campus Point SMCA","LTER","bio"
"bio",0.099009870060385,-0.060460533291403,0.0432612644583887,"Panulirus interruptus",10,"Campus Point SMCA","LTER","bio"
"bio",0.215628851399024,0.0121708994615097,0.094216634761186,"Panulirus interruptus",11,"Campus Point SMCA","LTER","bio"
"bio",-1.50186968413781,1.85424778342569,-0.656225299032273,"Panulirus interruptus",11,"Naples SMCA","LTER","bio"
"bio",1.06782506163419,-0.538584720313039,0.466574315858387,"Panulirus interruptus",1,"Naples SMCA","LTER","bio"
"bio",0.602850505053126,-0.299301469939167,0.263408841078879,"Panulirus interruptus",2,"Naples SMCA","LTER","bio"
"bio",1.33776042567215,-0.060018219565294,0.58451957892353,"Panulirus interruptus",3,"Naples SMCA","LTER","bio"
"bio",0.713832889024501,0.179265030808579,0.311901362685865,"Panulirus interruptus",4,"Naples SMCA","LTER","bio"
"bio",-0.0849943116922035,0.418548281182451,-0.0371373216966409,"Panulirus interruptus",5,"Naples SMCA","LTER","bio"
"bio",1.10081135506058,0.657831531556324,0.480987310871414,"Panulirus interruptus",6,"Naples SMCA","LTER","bio"
"bio",0.395003498652463,0.897114781930197,0.172592397169807,"Panulirus interruptus",7,"Naples SMCA","LTER","bio"
"bio",1.10843491211274,1.13639803230407,0.484318339561243,"Panulirus interruptus",8,"Naples SMCA","LTER","bio"
"bio",1.02589901754016,1.37568128267794,0.44825519595509,"Panulirus interruptus",9,"Naples SMCA","LTER","bio"
"bio",-1.15373251344746,1.61496453305181,-0.504110624001945,"Panulirus interruptus",10,"Naples SMCA","LTER","bio"
"bio",1.14755581298966,-0.702362527448113,0.501411783251803,"Macrocystis pyrifera",1,"Campus Point SMCA","LTER","bio"
"bio",0.64990413243658,-0.377999365121245,0.2839684016229,"Macrocystis pyrifera",5,"Campus Point SMCA","LTER","bio"
"bio",0.134859515430306,-0.296908574539528,0.0589253693414849,"Macrocystis pyrifera",6,"Campus Point SMCA","LTER","bio"
"bio",0.484086260716785,-0.215817783957811,0.211516121905512,"Macrocystis pyrifera",7,"Campus Point SMCA","LTER","bio"
"bio",0.512692660123708,-0.134726993376094,0.2240153708106,"Macrocystis pyrifera",8,"Campus Point SMCA","LTER","bio"
"bio",0.59010203154875,-0.0536362027943768,0.257838536993264,"Macrocystis pyrifera",9,"Campus Point SMCA","LTER","bio"
"bio",1.98507257038763,0.0274545877873406,0.867355440263252,"Macrocystis pyrifera",10,"Campus Point SMCA","LTER","bio"
"bio",1.00370100624524,0.108545378369058,0.438556021150659,"Macrocystis pyrifera",11,"Campus Point SMCA","LTER","bio"
"bio",0.691741111805615,-0.540180946284679,0.302248605682557,"Macrocystis pyrifera",3,"Campus Point SMCA","LTER","bio"
"bio",1.02823753752556,-0.459090155702962,0.449276986322736,"Macrocystis pyrifera",4,"Campus Point SMCA","LTER","bio"
"bio",1.08229962651845,-0.621271736866396,0.472898816425815,"Macrocystis pyrifera",2,"Campus Point SMCA","LTER","bio"
"bio",-0.994122605167395,-0.526803819693535,-0.434370845047867,"Macrocystis pyrifera",1,"Naples SMCA","LTER","bio"
"bio",1.34139730128101,-0.279061211490858,0.586108671378867,"Macrocystis pyrifera",2,"Naples SMCA","LTER","bio"
"bio",0.141191493040769,-0.0313186032881806,0.061692056721074,"Macrocystis pyrifera",3,"Naples SMCA","LTER","bio"
"bio",0.477656198039026,0.216424004914496,0.208706577343774,"Macrocystis pyrifera",4,"Naples SMCA","LTER","bio"
"bio",0.142046538092144,0.464166613117173,0.0620656591717065,"Macrocystis pyrifera",5,"Naples SMCA","LTER","bio"
"bio",-0.282669433293946,0.71190922131985,-0.123509273374202,"Macrocystis pyrifera",6,"Naples SMCA","LTER","bio"
"bio",-0.293795509198486,0.959651829522527,-0.128370688824972,"Macrocystis pyrifera",7,"Naples SMCA","LTER","bio"
"bio",-1.46269510067395,1.2073944377252,-0.639108399330818,"Macrocystis pyrifera",8,"Naples SMCA","LTER","bio"
"bio",-1.12075822888579,1.45513704592788,-0.489702876129144,"Macrocystis pyrifera",9,"Naples SMCA","LTER","bio"
"bio",-0.662992651475228,1.70287965413056,-0.289687284832769,"Macrocystis pyrifera",10,"Naples SMCA","LTER","bio"
"bio",3.15791724674439,1.95062226233324,1.37981691184723,"Macrocystis pyrifera",11,"Naples SMCA","LTER","bio"
"bio",-0.775116389814915,1.13574396700873,-0.338678508570544,"Semicossyphus pulcher",1,"Campus Point SMCA","LTER","bio"
"bio",2.80004678520632,1.0153664691864,1.22344938334727,"Semicossyphus pulcher",2,"Campus Point SMCA","LTER","bio"
"bio",-0.211968060253961,0.533856477897082,-0.0926170926775846,"Semicossyphus pulcher",6,"Campus Point SMCA","LTER","bio"
"bio",2.74473425926898,0.413478980074754,1.19928118869175,"Semicossyphus pulcher",7,"Campus Point SMCA","LTER","bio"
"bio",-2.73132610211756,0.293101482252425,-1.19342264315409,"Semicossyphus pulcher",8,"Campus Point SMCA","LTER","bio"
"bio",-1.78665320638412,0.172723984430097,-0.780658300123728,"Semicossyphus pulcher",9,"Campus Point SMCA","LTER","bio"
"bio",-4.10284216821718,0.0523464866077682,-1.79269137472881,"Semicossyphus pulcher",10,"Campus Point SMCA","LTER","bio"
"bio",-4.65220693923268,-0.0680310112145607,-2.03273021760911,"Semicossyphus pulcher",11,"Campus Point SMCA","LTER","bio"
"bio",-1.99360126003218,0.894988971364068,-0.871081956599162,"Semicossyphus pulcher",3,"Campus Point SMCA","LTER","bio"
"bio",-4.03147133730792,0.77461147354174,-1.76150668184215,"Semicossyphus pulcher",4,"Campus Point SMCA","LTER","bio"
"bio",-3.88081256756471,0.654233975719411,-1.69567800358148,"Semicossyphus pulcher",5,"Campus Point SMCA","LTER","bio"
"bio",1.61218051336483,1.3113026747633,0.704424392242913,"Semicossyphus pulcher",1,"Naples SMCA","LTER","bio"
"bio",6.45416344283179,1.35757699456194,2.82007512369949,"Semicossyphus pulcher",2,"Naples SMCA","LTER","bio"
"bio",4.32261457432691,1.40385131436057,1.88871848975856,"Semicossyphus pulcher",3,"Naples SMCA","LTER","bio"
"bio",0.584609959442152,1.4501256341592,0.255438837006958,"Semicossyphus pulcher",4,"Naples SMCA","LTER","bio"
"bio",2.45924852410594,1.49639995395783,1.07454136345561,"Semicossyphus pulcher",5,"Naples SMCA","LTER","bio"
"bio",0.021132160370569,1.54267427375646,0.00923346306596203,"Semicossyphus pulcher",6,"Naples SMCA","LTER","bio"
"bio",-0.415718948100152,1.58894859355509,-0.181643783020372,"Semicossyphus pulcher",7,"Naples SMCA","LTER","bio"
"bio",0.0708128667817562,1.63522291335372,0.0309408966503424,"Semicossyphus pulcher",8,"Naples SMCA","LTER","bio"
"bio",0.0774512697497352,1.68149723315235,0.0338414731908826,"Semicossyphus pulcher",9,"Naples SMCA","LTER","bio"
"bio",0.771936812546984,1.72777155295099,0.337289227552702,"Semicossyphus pulcher",10,"Naples SMCA","LTER","bio"
"bio",2.64745662252291,1.77404587274962,1.1567768043653,"Semicossyphus pulcher",11,"Naples SMCA","LTER","bio"
"bio",-0.300091879543982,1.05750832950906,-0.131121818005107,"Semicossyphus pulcher",4,"Blue Cavern Onshore SMCA","PISCO","bio"
"bio",-1.08247710042637,0.981506867611835,-0.472976361681259,"Semicossyphus pulcher",7,"Blue Cavern Onshore SMCA","PISCO","bio"
"bio",1.4006415777866,0.956173046979427,0.611994800832338,"Semicossyphus pulcher",8,"Blue Cavern Onshore SMCA","PISCO","bio"
"bio",-0.348504442049256,0.930839226347018,-0.152275150176653,"Semicossyphus pulcher",9,"Blue Cavern Onshore SMCA","PISCO","bio"
"bio",0.25300406964936,0.90550540571461,0.110547321792001,"Semicossyphus pulcher",10,"Blue Cavern Onshore SMCA","PISCO","bio"
"bio",0.178886292720349,0.880171585082201,0.0781623813124478,"Semicossyphus pulcher",11,"Blue Cavern Onshore SMCA","PISCO","bio"
"bio",-0.147367750204356,1.12044906013571,-0.0643907037787261,"Semicossyphus pulcher",1,"Cat Harbor SMCA","PISCO","bio"
"bio",-0.968048913668263,0.89405752937423,-0.42297823476909,"Semicossyphus pulcher",7,"Cat Harbor SMCA","PISCO","bio"
"bio",-0.335257930775028,0.85632560758065,-0.146487234011973,"Semicossyphus pulcher",8,"Cat Harbor SMCA","PISCO","bio"
"bio",-0.134655673761021,0.818593685787069,-0.0588363029851994,"Semicossyphus pulcher",9,"Cat Harbor SMCA","PISCO","bio"
"bio",0.621924009069531,0.780861763993489,0.271742797086483,"Semicossyphus pulcher",10,"Cat Harbor SMCA","PISCO","bio"
"bio",-0.167582400288961,0.743129842199908,-0.0732232709026961,"Semicossyphus pulcher",11,"Cat Harbor SMCA","PISCO","bio"
"bio",2.16419945615476,0.598629243711076,0.94562294603872,"Semicossyphus pulcher",7,"Dana Point SMCA","PISCO","bio"
"bio",-2.10730098930537,0.519013073884445,-0.92076179209369,"Semicossyphus pulcher",8,"Dana Point SMCA","PISCO","bio"
"bio",-3.24666368656356,0.439396904057815,-1.41859368430856,"Semicossyphus pulcher",9,"Dana Point SMCA","PISCO","bio"
"bio",-1.20185736658983,0.359780734231185,-0.525138244758778,"Semicossyphus pulcher",10,"Dana Point SMCA","PISCO","bio"
"bio",0.171522902448555,0.280164564404554,0.0749450296114093,"Semicossyphus pulcher",11,"Dana Point SMCA","PISCO","bio"
"bio",-0.787370991970185,0.787394312285321,-0.344033021048422,"Semicossyphus pulcher",7,"Farnsworth Onshore SMCA","PISCO","bio"
"bio",-0.597362881207139,0.681686183654094,-0.261011084710705,"Semicossyphus pulcher",9,"Farnsworth Onshore SMCA","PISCO","bio"
"bio",-0.780464757939809,0.62883211933848,-0.341015418696077,"Semicossyphus pulcher",10,"Farnsworth Onshore SMCA","PISCO","bio"
"bio",-0.0228621960734338,0.575978055022867,-0.00998938297595122,"Semicossyphus pulcher",11,"Farnsworth Onshore SMCA","PISCO","bio"
"bio",1.50778499205702,1.19924233491498,0.658809927212166,"Semicossyphus pulcher",4,"Long Point SMR","PISCO","bio"
"bio",0.00126325537811134,1.22813976791646,0.0005519654248372,"Semicossyphus pulcher",7,"Long Point SMR","PISCO","bio"
"bio",-0.222122918419209,1.23777224558362,-0.0970541453103803,"Semicossyphus pulcher",8,"Long Point SMR","PISCO","bio"
"bio",1.32514665999687,1.24740472325078,0.579008133929594,"Semicossyphus pulcher",9,"Long Point SMR","PISCO","bio"
"bio",-0.198451527256368,1.25703720091794,-0.0867111935160889,"Semicossyphus pulcher",10,"Long Point SMR","PISCO","bio"
"bio",1.67360810338562,1.2666696785851,0.731264496318501,"Semicossyphus pulcher",11,"Long Point SMR","PISCO","bio"
"bio",-1.78894640072046,1.13713865819475,-0.781660285951793,"Semicossyphus pulcher",1,"Santa Barbara Island SMR","PISCO","bio"
"bio",-1.55653351237337,1.11524959615096,-0.680110052422658,"Semicossyphus pulcher",2,"Santa Barbara Island SMR","PISCO","bio"
"bio",-1.1157474148784,1.09336053410717,-0.487513456530945,"Semicossyphus pulcher",3,"Santa Barbara Island SMR","PISCO","bio"
"bio",-1.03647019865907,1.07147147206339,-0.452874156284438,"Semicossyphus pulcher",4,"Santa Barbara Island SMR","PISCO","bio"
"bio",-0.666810822120927,1.0495824100196,-0.291355592143445,"Semicossyphus pulcher",5,"Santa Barbara Island SMR","PISCO","bio"
"bio",-1.14431229098096,0.98391522388824,-0.499994562288787,"Semicossyphus pulcher",8,"Santa Barbara Island SMR","PISCO","bio"
"bio",-0.461312195627389,0.808802727537945,-0.201565246785446,"Semicossyphus pulcher",16,"Santa Barbara Island SMR","PISCO","bio"
"bio",-0.218353595807609,0.765024603450372,-0.0954071816063581,"Semicossyphus pulcher",18,"Santa Barbara Island SMR","PISCO","bio"
"bio",0.126389753856325,0.743135541406585,0.0552246009723513,"Semicossyphus pulcher",19,"Santa Barbara Island SMR","PISCO","bio"
"bio",-0.211025717642205,0.721246479362798,-0.0922053465262895,"Semicossyphus pulcher",20,"Santa Barbara Island SMR","PISCO","bio"
"bio",2.59995857655197,1.6873369254544,1.13602306004918,"Semicossyphus pulcher",7,"Swamis SMCA","PISCO","bio"
"bio",1.8476632767144,1.76207192908775,0.807315973601874,"Semicossyphus pulcher",8,"Swamis SMCA","PISCO","bio"
"bio",1.36745274482149,1.83680693272109,0.597493308414527,"Semicossyphus pulcher",9,"Swamis SMCA","PISCO","bio"
"bio",1.44676655026681,1.91154193635444,0.632148595917466,"Semicossyphus pulcher",10,"Swamis SMCA","PISCO","bio"
"bio",2.42055446372943,1.98627693998778,1.05763442298699,"Semicossyphus pulcher",11,"Swamis SMCA","PISCO","bio"
"bio",0.567663703476679,-0.567663703476679,0.248034358438764,"Macrocystis pyrifera",1,"Santa Barbara Island SMR","KFM","bio"
"bio",0.38808447711642,-0.38808447711642,0.169569207458706,"Macrocystis pyrifera",2,"Santa Barbara Island SMR","KFM","bio"
"bio",0.208505250756162,-0.208505250756162,0.0911040564786483,"Macrocystis pyrifera",3,"Santa Barbara Island SMR","KFM","bio"
"bio",0.0289260243959027,-0.0289260243959027,0.0126389054985907,"Macrocystis pyrifera",4,"Santa Barbara Island SMR","KFM","bio"
"bio",-0.150653201964356,0.150653201964356,-0.065826245481467,"Macrocystis pyrifera",5,"Santa Barbara Island SMR","KFM","bio"
"bio",-0.330232428324615,0.330232428324615,-0.144291396461525,"Macrocystis pyrifera",6,"Santa Barbara Island SMR","KFM","bio"
"bio",-2.19750308402493,1.94644546556694,-0.960174596816934,"Macrocystis pyrifera",15,"Santa Barbara Island SMR","KFM","bio"
"bio",1.50338328170351,2.1260246919272,0.656886648699059,"Macrocystis pyrifera",16,"Santa Barbara Island SMR","KFM","bio"
"bio",1.47489797575645,2.48518314464772,0.644440310238033,"Macrocystis pyrifera",18,"Santa Barbara Island SMR","KFM","bio"
"bio",-1.33360497842116,2.66476237100798,-0.582703902341402,"Macrocystis pyrifera",19,"Santa Barbara Island SMR","KFM","bio"
"bio",-1.13379454879793,2.84434159736824,-0.495398951509703,"Macrocystis pyrifera",20,"Santa Barbara Island SMR","KFM","bio"
"bio",-7.10271142120431,0.509811654684874,-3.1034509688472,"Macrocystis pyrifera",7,"Santa Barbara Island SMR","KFM","bio"
"bio",-0.689390881045133,0.689390881045133,-0.30122169842164,"Macrocystis pyrifera",8,"Santa Barbara Island SMR","KFM","bio"
"bio",-0.868970107405391,0.868970107405391,-0.379686849401698,"Macrocystis pyrifera",9,"Santa Barbara Island SMR","KFM","bio"
"bio",-2.51543570221584,1.04854933376565,-1.09909172767587,"Macrocystis pyrifera",10,"Santa Barbara Island SMR","KFM","bio"
"bio",7.72843002849299,1.22812856012591,3.37685177353406,"Macrocystis pyrifera",11,"Santa Barbara Island SMR","KFM","bio"
"bio",8.38414811954744,1.40770778648617,3.66336051988385,"Macrocystis pyrifera",12,"Santa Barbara Island SMR","KFM","bio"
"bio",0.830448096554173,1.58728701284643,0.362855084064695,"Macrocystis pyrifera",13,"Santa Barbara Island SMR","KFM","bio"
"bio",-2.30124904984374,1.76686623920669,-1.00550524578194,"Macrocystis pyrifera",14,"Santa Barbara Island SMR","KFM","bio"
"den",0.0862083699858563,0.34592498520447,0.0660130831450155,"Mesocentrotus franciscanus",1,"Campus Point SMCA","LTER","den"
"den",0.0327913930752755,-0.0766417017688221,0.025109637937409,"Strongylocentrotus purpuratus",1,"Campus Point SMCA","LTER","den"
"den",-1.18449092864783,0.246221290054895,-0.907010516150276,"Mesocentrotus franciscanus",2,"Campus Point SMCA","LTER","den"
"den",0.667715416525404,-0.19516401520087,0.51129551939715,"Strongylocentrotus purpuratus",2,"Campus Point SMCA","LTER","den"
"den",-1.29164989920832,0.14651759490532,-0.98906628445334,"Mesocentrotus franciscanus",3,"Campus Point SMCA","LTER","den"
"den",0.625856032635099,-0.313686328632918,0.479242170173598,"Strongylocentrotus purpuratus",3,"Campus Point SMCA","LTER","den"
"den",-0.682802666475743,0.0468138997557459,-0.522848410207692,"Mesocentrotus franciscanus",4,"Campus Point SMCA","LTER","den"
"den",1.27602672512613,-0.432208642064965,0.977103015807314,"Strongylocentrotus purpuratus",4,"Campus Point SMCA","LTER","den"
"den",-0.583098971326169,-0.0528897953938285,-0.446501434631493,"Mesocentrotus franciscanus",5,"Campus Point SMCA","LTER","den"
"den",2.02954868551405,-0.550730955497013,1.55410392454557,"Strongylocentrotus purpuratus",5,"Campus Point SMCA","LTER","den"
"den",-1.08416913660553,-0.152593490543403,-0.83019023987743,"Mesocentrotus franciscanus",6,"Campus Point SMCA","LTER","den"
"den",1.11752091627199,-0.669253268929061,0.855728987501557,"Strongylocentrotus purpuratus",6,"Campus Point SMCA","LTER","den"
"den",-1.82714435598686,-0.252297185692977,-1.39911510111484,"Mesocentrotus franciscanus",7,"Campus Point SMCA","LTER","den"
"den",0.246287179018242,-0.787775582361108,0.188591618525555,"Strongylocentrotus purpuratus",7,"Campus Point SMCA","LTER","den"
"den",-1.72744066083729,-0.352000880842552,-1.32276812553864,"Mesocentrotus franciscanus",8,"Campus Point SMCA","LTER","den"
"den",0.368259708502281,-0.906297895793156,0.281990701834504,"Strongylocentrotus purpuratus",8,"Campus Point SMCA","LTER","den"
"den",-0.752268228333813,-0.451704575992127,-0.576040877614329,"Mesocentrotus franciscanus",9,"Campus Point SMCA","LTER","den"
"den",0.143330984089721,-1.0248202092252,0.109754078072976,"Strongylocentrotus purpuratus",9,"Campus Point SMCA","LTER","den"
"den",-0.888953311248469,-0.551408271141701,-0.68070593211668,"Mesocentrotus franciscanus",10,"Campus Point SMCA","LTER","den"
"den",0.310537669572615,-1.14334252265725,0.237790704133712,"Strongylocentrotus purpuratus",10,"Campus Point SMCA","LTER","den"
"den",-0.32971728672045,-0.651111966291276,-0.252477278786236,"Mesocentrotus franciscanus",11,"Campus Point SMCA","LTER","den"
"den",-0.654631427759721,-1.2618648360893,-0.501276603155036,"Strongylocentrotus purpuratus",11,"Campus Point SMCA","LTER","den"
"den",-0.639685645684807,0.182260798645932,-0.489832039768205,"Strongylocentrotus purpuratus",5,"Naples SMCA","LTER","den"
"den",1.5302039279182,0.623881156757404,1.1717363306958,"Mesocentrotus franciscanus",6,"Naples SMCA","LTER","den"
"den",0.959476772325523,0.107221378371747,0.734708473871242,"Strongylocentrotus purpuratus",6,"Naples SMCA","LTER","den"
"den",1.19592823749567,0.567660354765693,0.915768505891315,"Mesocentrotus franciscanus",7,"Naples SMCA","LTER","den"
"den",0.900012175976507,0.0321819580975616,0.689174132558253,"Strongylocentrotus purpuratus",7,"Naples SMCA","LTER","den"
"den",-0.139035306926704,0.51143955277398,-0.106464711927056,"Mesocentrotus franciscanus",8,"Naples SMCA","LTER","den"
"den",0.292775047095891,-0.0428574621766239,0.224189177105399,"Strongylocentrotus purpuratus",8,"Naples SMCA","LTER","den"
"den",-0.189109163584615,0.455218750782268,-0.144808200656661,"Mesocentrotus franciscanus",9,"Naples SMCA","LTER","den"
"den",0.333722052957339,-0.117896882450809,0.255543883184573,"Strongylocentrotus purpuratus",9,"Naples SMCA","LTER","den"
"den",1.31398064258438,0.398997948790556,1.00616579833367,"Mesocentrotus franciscanus",10,"Naples SMCA","LTER","den"
"den",0.746612949223455,-0.192936302724994,0.571710411672547,"Strongylocentrotus purpuratus",10,"Naples SMCA","LTER","den"
"den",1.06502341954201,0.342777146798844,0.815529623830606,"Mesocentrotus franciscanus",11,"Naples SMCA","LTER","den"
"den",1.21923083622843,-0.267975722999179,0.933612207006335,"Strongylocentrotus purpuratus",11,"Naples SMCA","LTER","den"
"den",-0.651462013075503,0.904985166715965,-0.498849659749139,"Mesocentrotus franciscanus",1,"Naples SMCA","LTER","den"
"den",0.408051552509739,0.482418479742673,0.312460855804342,"Strongylocentrotus purpuratus",1,"Naples SMCA","LTER","den"
"den",-0.339540022325236,0.848764364724253,-0.259998927348859,"Mesocentrotus franciscanus",2,"Naples SMCA","LTER","den"
"den",-0.756754700925609,0.407379059468488,-0.579476343199384,"Strongylocentrotus purpuratus",2,"Naples SMCA","LTER","den"
"den",-0.0609301013447997,0.792543562732541,-0.0466565351690141,"Mesocentrotus franciscanus",3,"Naples SMCA","LTER","den"
"den",-0.332339639194303,0.332339639194303,-0.254485315499148,"Strongylocentrotus purpuratus",3,"Naples SMCA","LTER","den"
"den",1.58746453990382,0.736322760740828,1.21558299593911,"Mesocentrotus franciscanus",4,"Naples SMCA","LTER","den"
"den",-0.809865448858873,0.257300218920117,-0.620145297035163,"Strongylocentrotus purpuratus",4,"Naples SMCA","LTER","den"
"den",-0.830384161798455,0.680101958749117,-0.635857269127101,"Mesocentrotus franciscanus",5,"Naples SMCA","LTER","den"
"den",1.12904115212258,0.298903217879868,0.86455047765594,"Mesocentrotus franciscanus",1,"Abalone Cove SMCA","PISCO","den"
"den",-1.29521642280345,0.196604134135343,-0.991797309511147,"Panulirus interruptus",1,"Abalone Cove SMCA","PISCO","den"
"den",-2.48701766003362,0.40295717249749,-1.90440561168082,"Semicossyphus pulcher",1,"Abalone Cove SMCA","PISCO","den"
"den",0.697802669774163,-0.123663469093424,0.534334492882455,"Strongylocentrotus purpuratus",1,"Abalone Cove SMCA","PISCO","den"
"den",0.979462850484612,0.226004808371398,0.750012586911253,"Mesocentrotus franciscanus",2,"Abalone Cove SMCA","PISCO","den"
"den",-3.38126756905657,0.290225115698252,-2.58916735356783,"Panulirus interruptus",2,"Abalone Cove SMCA","PISCO","den"
"den",-0.464787915490438,0.376234518148993,-0.355906083308414,"Semicossyphus pulcher",2,"Abalone Cove SMCA","PISCO","den"
"den",2.90091727665169,-0.215380496884367,2.22134455635616,"Strongylocentrotus purpuratus",2,"Abalone Cove SMCA","PISCO","den"
"den",1.47183570010714,0.153106398862928,1.12704152117614,"Mesocentrotus franciscanus",3,"Abalone Cove SMCA","PISCO","den"
"den",-4.0727255513751,0.383846097261162,-3.11864347387455,"Panulirus interruptus",3,"Abalone Cove SMCA","PISCO","den"
"den",-0.214073892905392,0.349511863800496,-0.163924659448488,"Semicossyphus pulcher",3,"Abalone Cove SMCA","PISCO","den"
"den",0.525075532688624,-0.30709752467531,0.402070643517262,"Strongylocentrotus purpuratus",3,"Abalone Cove SMCA","PISCO","den"
"den",0.814467152043757,0.0802079893544579,0.623668999142073,"Mesocentrotus franciscanus",4,"Abalone Cove SMCA","PISCO","den"
"den",-2.54568515813406,0.477467078824072,-1.94932958403582,"Panulirus interruptus",4,"Abalone Cove SMCA","PISCO","den"
"den",0.536593390150277,0.322789209451999,0.410890312447242,"Semicossyphus pulcher",4,"Abalone Cove SMCA","PISCO","den"
"den",0.959843768198823,-0.398814552466253,0.734989496805581,"Strongylocentrotus purpuratus",4,"Abalone Cove SMCA","PISCO","den"
"den",0.853501999707938,0.00730957984598808,0.653559491733817,"Mesocentrotus franciscanus",5,"Abalone Cove SMCA","PISCO","den"
"den",-1.56961689049811,0.571088060386982,-1.20191636050272,"Panulirus interruptus",5,"Abalone Cove SMCA","PISCO","den"
"den",-0.476520697722661,0.296066555103502,-0.364890328447779,"Semicossyphus pulcher",5,"Abalone Cove SMCA","PISCO","den"
"den",3.48069280876174,-0.490531580257197,2.66530110504053,"Strongylocentrotus purpuratus",5,"Abalone Cove SMCA","PISCO","den"
"den",0.199868445292357,-0.0655888296624821,0.153046998792739,"Mesocentrotus franciscanus",6,"Abalone Cove SMCA","PISCO","den"
"den",0.466693069541209,0.664709041949891,0.357364933449974,"Panulirus interruptus",6,"Abalone Cove SMCA","PISCO","den"
"den",-0.2380913572509,0.269343900755004,-0.182315760811762,"Semicossyphus pulcher",6,"Abalone Cove SMCA","PISCO","den"
"den",2.84042785109963,-0.58224860804814,2.17502546368549,"Strongylocentrotus purpuratus",6,"Abalone Cove SMCA","PISCO","den"
"den",0.12972805908107,-0.138487239170952,0.0993377922789304,"Mesocentrotus franciscanus",7,"Abalone Cove SMCA","PISCO","den"
"den",-0.430457070477775,0.758330023512801,-0.329617627481777,"Panulirus interruptus",7,"Abalone Cove SMCA","PISCO","den"
"den",-0.154106109735011,0.242621246406507,-0.118005008524824,"Semicossyphus pulcher",7,"Abalone Cove SMCA","PISCO","den"
"den",0.0955102983658477,-0.673965635839083,0.0731359294725599,"Strongylocentrotus purpuratus",7,"Abalone Cove SMCA","PISCO","den"
"den",-0.199142761385289,-0.211385648679422,-0.152491314558109,"Mesocentrotus franciscanus",8,"Abalone Cove SMCA","PISCO","den"
"den",-1.98335311656681,0.851951005075711,-1.51873019071502,"Panulirus interruptus",8,"Abalone Cove SMCA","PISCO","den"
"den",1.41223145338824,0.21589859205801,1.08140024417373,"Semicossyphus pulcher",8,"Abalone Cove SMCA","PISCO","den"
"den",-1.78293980054408,-0.765682663630026,-1.36526596333029,"Strongylocentrotus purpuratus",8,"Abalone Cove SMCA","PISCO","den"
"den",0.482872287258146,-0.284284058187892,0.369753986213003,"Mesocentrotus franciscanus",9,"Abalone Cove SMCA","PISCO","den"
"den",0.806182147975739,0.94557198663862,0.617324851091384,"Panulirus interruptus",9,"Abalone Cove SMCA","PISCO","den"
"den",0.216289170398651,0.189175937709513,0.165620983104483,"Semicossyphus pulcher",9,"Abalone Cove SMCA","PISCO","den"
"den",1.31204203550522,-0.857399691420969,1.00468133191442,"Strongylocentrotus purpuratus",9,"Abalone Cove SMCA","PISCO","den"
"den",-0.57194855065097,-0.357182467696362,-0.437963126260107,"Mesocentrotus franciscanus",10,"Abalone Cove SMCA","PISCO","den"
"den",-1.29264186901107,1.03919296820153,-0.989825874097326,"Panulirus interruptus",10,"Abalone Cove SMCA","PISCO","den"
"den",0.689298927375568,0.162453283361016,0.527822848431988,"Semicossyphus pulcher",10,"Abalone Cove SMCA","PISCO","den"
"den",-0.806649147368238,-0.949116719211912,-0.617682450588169,"Strongylocentrotus purpuratus",10,"Abalone Cove SMCA","PISCO","den"
"den",0.451633435590566,-0.430080877204832,0.345833189278493,"Mesocentrotus franciscanus",11,"Abalone Cove SMCA","PISCO","den"
"den",-1.69242973769986,1.13281394976444,-1.29595890758876,"Panulirus interruptus",11,"Abalone Cove SMCA","PISCO","den"
"den",0.378368320098442,0.135730629012518,0.289731256700435,"Semicossyphus pulcher",11,"Abalone Cove SMCA","PISCO","den"
"den",0.895500759578241,-1.04083374700286,0.685719566535843,"Strongylocentrotus purpuratus",11,"Abalone Cove SMCA","PISCO","den"
"den",-0.286668994639253,0.482413571765348,-0.219513536577988,"Semicossyphus pulcher",1,"Anacapa Island SMR 2003","PISCO","den"
"den",0.277271948414015,0.404701931547805,0.212317854837503,"Semicossyphus pulcher",2,"Anacapa Island SMR 2003","PISCO","den"
"den",0.611279347262668,0.326990291330262,0.468080238407265,"Semicossyphus pulcher",3,"Anacapa Island SMR 2003","PISCO","den"
"den",-0.567051438235244,0.00669743101517772,-0.434213217879715,"Mesocentrotus franciscanus",4,"Anacapa Island SMR 2003","PISCO","den"
"den",1.88423983505716,0.403956520484792,1.4428353176981,"Panulirus interruptus",4,"Anacapa Island SMR 2003","PISCO","den"
"den",0.586288869488995,0.249278651112719,0.448944063029192,"Semicossyphus pulcher",4,"Anacapa Island SMR 2003","PISCO","den"
"den",0.117481831534418,-0.472325110805534,0.0899603822039853,"Strongylocentrotus purpuratus",4,"Anacapa Island SMR 2003","PISCO","den"
"den",-0.864016177810749,-0.117189964362338,-0.661610604559825,"Mesocentrotus franciscanus",5,"Anacapa Island SMR 2003","PISCO","den"
"den",2.06571710779745,0.446588516178656,1.58179948435966,"Panulirus interruptus",5,"Anacapa Island SMR 2003","PISCO","den"
"den",-0.599011025722116,0.171567010895176,-0.45868591010667,"Semicossyphus pulcher",5,"Anacapa Island SMR 2003","PISCO","den"
"den",0.748228983934208,-0.615031124465522,0.572947871953303,"Strongylocentrotus purpuratus",5,"Anacapa Island SMR 2003","PISCO","den"
"den",0.130766737027271,-0.241077359739854,0.10013314815487,"Mesocentrotus franciscanus",6,"Anacapa Island SMR 2003","PISCO","den"
"den",2.24278293025218,0.48922051187252,1.71738563291765,"Panulirus interruptus",6,"Anacapa Island SMR 2003","PISCO","den"
"den",0.544350691851011,0.0938553706776327,0.416830378385568,"Semicossyphus pulcher",6,"Anacapa Island SMR 2003","PISCO","den"
"den",0.660326768291485,-0.757737138125512,0.505637745676629,"Strongylocentrotus purpuratus",6,"Anacapa Island SMR 2003","PISCO","den"
"den",-0.624009674358759,-0.364964755117369,-0.47782834223054,"Mesocentrotus franciscanus",7,"Anacapa Island SMR 2003","PISCO","den"
"den",1.22600540998599,0.531852507566383,0.938799760149992,"Panulirus interruptus",7,"Anacapa Island SMR 2003","PISCO","den"
"den",0.0118301215823164,0.0161437304600895,0.00905878164448784,"Semicossyphus pulcher",7,"Anacapa Island SMR 2003","PISCO","den"
"den",0.185752001050754,-0.9004431517855,0.142237491460843,"Strongylocentrotus purpuratus",7,"Anacapa Island SMR 2003","PISCO","den"
"den",-0.757103984912065,-0.488852150494885,-0.579743803456931,"Mesocentrotus franciscanus",8,"Anacapa Island SMR 2003","PISCO","den"
"den",2.92202305820623,0.574484503260247,2.2375060695924,"Panulirus interruptus",8,"Anacapa Island SMR 2003","PISCO","den"
"den",1.3230392061446,-0.0615679097574533,1.01310229080619,"Semicossyphus pulcher",8,"Anacapa Island SMR 2003","PISCO","den"
"den",0.349852920265755,-1.04314916544549,0.267895912169767,"Strongylocentrotus purpuratus",8,"Anacapa Island SMR 2003","PISCO","den"
"den",-0.0717709369549527,-0.612739545872401,-0.0549577822823963,"Mesocentrotus franciscanus",9,"Anacapa Island SMR 2003","PISCO","den"
"den",3.61699000564315,0.617116498954111,2.76966914020512,"Panulirus interruptus",9,"Anacapa Island SMR 2003","PISCO","den"
"den",1.15309530198303,-0.139279549974996,0.882969670536871,"Semicossyphus pulcher",9,"Anacapa Island SMR 2003","PISCO","den"
"den",1.00987445230133,-1.18585517910548,0.773299926639741,"Strongylocentrotus purpuratus",9,"Anacapa Island SMR 2003","PISCO","den"
"den",0.0351953829590035,-0.860514336627432,0.0269504659695403,"Mesocentrotus franciscanus",11,"Anacapa Island SMR 2003","PISCO","den"
"den",0.177978232306253,0.702380490341839,0.136284816070216,"Panulirus interruptus",11,"Anacapa Island SMR 2003","PISCO","den"
"den",0.975579918378213,-0.294702830410082,0.747039275618763,"Semicossyphus pulcher",11,"Anacapa Island SMR 2003","PISCO","den"
"den",-1.05157543299366,-1.47126720642546,-0.805231980408113,"Strongylocentrotus purpuratus",11,"Anacapa Island SMR 2003","PISCO","den"
"den",-0.905299497493491,-0.984401732004949,-0.69322283913944,"Mesocentrotus franciscanus",12,"Anacapa Island SMR 2003","PISCO","den"
"den",1.57506576440586,0.745012486035703,1.20608877399781,"Panulirus interruptus",12,"Anacapa Island SMR 2003","PISCO","den"
"den",0.219445125846198,-0.372414470627625,0.168037620252304,"Semicossyphus pulcher",12,"Anacapa Island SMR 2003","PISCO","den"
"den",-1.30944639185692,-1.61397322008545,-1.00269374718225,"Strongylocentrotus purpuratus",12,"Anacapa Island SMR 2003","PISCO","den"
"den",-0.895928993059785,-1.10828912738246,-0.686047481475277,"Mesocentrotus franciscanus",13,"Anacapa Island SMR 2003","PISCO","den"
"den",1.40958009560665,0.787644481729567,1.07936999697485,"Panulirus interruptus",13,"Anacapa Island SMR 2003","PISCO","den"
"den",0.563098776448654,-0.450126110845168,0.431186511874196,"Semicossyphus pulcher",13,"Anacapa Island SMR 2003","PISCO","den"
"den",-0.646532967767186,-1.75667923374543,-0.495075299117835,"Strongylocentrotus purpuratus",13,"Anacapa Island SMR 2003","PISCO","den"
"den",-1.11868657049986,-1.23217652275998,-0.856621574027386,"Mesocentrotus franciscanus",14,"Anacapa Island SMR 2003","PISCO","den"
"den",0.419306838154559,0.830276477423431,0.321079463338788,"Panulirus interruptus",14,"Anacapa Island SMR 2003","PISCO","den"
"den",-0.827997402572468,-0.527837751062712,-0.634029635276026,"Semicossyphus pulcher",14,"Anacapa Island SMR 2003","PISCO","den"
"den",-1.07371632955749,-1.89938524740542,-0.822186121241684,"Strongylocentrotus purpuratus",14,"Anacapa Island SMR 2003","PISCO","den"
"den",-1.07535404669951,-1.3560639181375,-0.823440184598669,"Mesocentrotus franciscanus",15,"Anacapa Island SMR 2003","PISCO","den"
"den",0.674252509795295,0.872908473117295,0.516301224546463,"Panulirus interruptus",15,"Anacapa Island SMR 2003","PISCO","den"
"den",-0.335201638164062,-0.605549391280254,-0.256676858802689,"Semicossyphus pulcher",15,"Anacapa Island SMR 2003","PISCO","den"
"den",-1.29046943789361,-2.04209126106541,-0.988162359568431,"Strongylocentrotus purpuratus",15,"Anacapa Island SMR 2003","PISCO","den"
"den",-0.801948873325518,-1.47995131351501,-0.614083268963029,"Mesocentrotus franciscanus",16,"Anacapa Island SMR 2003","PISCO","den"
"den",0.842317448741211,0.915540468811159,0.644995048478164,"Panulirus interruptus",16,"Anacapa Island SMR 2003","PISCO","den"
"den",-0.0854688302281548,-0.683261031497797,-0.0654467889496583,"Semicossyphus pulcher",16,"Anacapa Island SMR 2003","PISCO","den"
"den",-0.797593381891019,-2.1847972747254,-0.610748100716022,"Strongylocentrotus purpuratus",16,"Anacapa Island SMR 2003","PISCO","den"
"den",-0.304898318703092,-1.60383870889253,-0.233472435061988,"Mesocentrotus franciscanus",17,"Anacapa Island SMR 2003","PISCO","den"
"den",1.41766309022862,0.958172464505023,1.08555945857966,"Panulirus interruptus",17,"Anacapa Island SMR 2003","PISCO","den"
"den",0.507369912916423,-0.760972671715341,0.388512765664472,"Semicossyphus pulcher",17,"Anacapa Island SMR 2003","PISCO","den"
"den",-0.18853570537535,-2.32750328838539,-0.144369081526411,"Strongylocentrotus purpuratus",17,"Anacapa Island SMR 2003","PISCO","den"
"den",-0.620022422736017,-1.72772610427004,-0.474775149449661,"Mesocentrotus franciscanus",18,"Anacapa Island SMR 2003","PISCO","den"
"den",-0.439120419199405,1.00080446019889,-0.336251488666822,"Panulirus interruptus",18,"Anacapa Island SMR 2003","PISCO","den"
"den",0.340845883693704,-0.838684311932884,0.260998875904976,"Semicossyphus pulcher",18,"Anacapa Island SMR 2003","PISCO","den"
"den",-0.63329437175075,-2.47020930204538,-0.484937994124137,"Strongylocentrotus purpuratus",18,"Anacapa Island SMR 2003","PISCO","den"
"den",0.129354816926259,-1.85161349964756,0.0990519863252529,"Mesocentrotus franciscanus",19,"Anacapa Island SMR 2003","PISCO","den"
"den",1.36307955994953,1.04343645589275,1.04376273833947,"Panulirus interruptus",19,"Anacapa Island SMR 2003","PISCO","den"
"den",0.999777561089477,-0.916395952150426,0.765568346525382,"Semicossyphus pulcher",19,"Anacapa Island SMR 2003","PISCO","den"
"den",0.00705605549970834,-2.61291531570537,0.0054030946003794,"Strongylocentrotus purpuratus",19,"Anacapa Island SMR 2003","PISCO","den"
"den",0.214469440164805,-1.97550089502507,0.164227545283445,"Mesocentrotus franciscanus",20,"Anacapa Island SMR 2003","PISCO","den"
"den",-0.0454434205688548,1.08606845158661,-0.0347977847266789,"Panulirus interruptus",20,"Anacapa Island SMR 2003","PISCO","den"
"den",1.20541668603518,-0.994107592367969,0.923034177918968,"Semicossyphus pulcher",20,"Anacapa Island SMR 2003","PISCO","den"
"den",0.598963134014587,-2.75562132936536,0.458649237573927,"Strongylocentrotus purpuratus",20,"Anacapa Island SMR 2003","PISCO","den"
"den",0.0746164784109283,0.470096214666642,0.0571367234311121,"Mesocentrotus franciscanus",1,"Campus Point SMCA","PISCO","den"
"den",2.19715222653942,0.367797130922116,1.68244443824421,"Panulirus interruptus",1,"Campus Point SMCA","PISCO","den"
"den",1.03528774314984,0.574150169284264,0.79275986634219,"Semicossyphus pulcher",1,"Campus Point SMCA","PISCO","den"
"den",1.70949196456309,0.0475295276933499,1.30902411460689,"Strongylocentrotus purpuratus",1,"Campus Point SMCA","PISCO","den"
"den",0.295204709274647,0.370392519517067,0.22604966340675,"Mesocentrotus franciscanus",2,"Campus Point SMCA","PISCO","den"
"den",1.17482508559018,0.434612826843921,0.899609006279067,"Panulirus interruptus",2,"Campus Point SMCA","PISCO","den"
"den",1.08881568313944,0.520622229294663,0.833748280271078,"Semicossyphus pulcher",2,"Campus Point SMCA","PISCO","den"
"den",1.02983689682079,-0.0709927857386978,0.788585942487824,"Strongylocentrotus purpuratus",2,"Campus Point SMCA","PISCO","den"
"den",0.392605393042771,0.270688824367493,0.300633134095518,"Mesocentrotus franciscanus",3,"Campus Point SMCA","PISCO","den"
"den",0.964908546027703,0.501428522765727,0.738867793077552,"Panulirus interruptus",3,"Campus Point SMCA","PISCO","den"
"den",-0.723814136152875,0.467094289305061,-0.554252478723776,"Semicossyphus pulcher",3,"Campus Point SMCA","PISCO","den"
"den",0.849118528099718,-0.189515099170746,0.650202897985615,"Strongylocentrotus purpuratus",3,"Campus Point SMCA","PISCO","den"
"den",-0.868000786555783,0.170985129217918,-0.664661773587025,"Mesocentrotus franciscanus",4,"Campus Point SMCA","PISCO","den"
"den",2.08499774591968,0.568244218687532,1.59656341467942,"Panulirus interruptus",4,"Campus Point SMCA","PISCO","den"
"den",-1.17853926444666,0.413566349315459,-0.902453096681294,"Semicossyphus pulcher",4,"Campus Point SMCA","PISCO","den"
"den",0.487508875360829,-0.308037412602793,0.373304401050702,"Strongylocentrotus purpuratus",4,"Campus Point SMCA","PISCO","den"
"den",0.0314984349959914,0.0712814340683436,0.0241195699288756,"Mesocentrotus franciscanus",5,"Campus Point SMCA","PISCO","den"
"den",2.47102041611352,0.635059914609337,1.89215590329216,"Panulirus interruptus",5,"Campus Point SMCA","PISCO","den"
"den",-1.19689231055198,0.360038409325857,-0.916506733917601,"Semicossyphus pulcher",5,"Campus Point SMCA","PISCO","den"
"den",-0.170095474307479,-0.426559726034841,-0.130248683392258,"Strongylocentrotus purpuratus",5,"Campus Point SMCA","PISCO","den"
"den",-0.652302399480157,-0.0284222610812311,-0.499493176122474,"Mesocentrotus franciscanus",6,"Campus Point SMCA","PISCO","den"
"den",2.90904230211308,0.701875610531142,2.22756620260033,"Panulirus interruptus",6,"Campus Point SMCA","PISCO","den"
"den",-0.782849917031076,0.306510469336255,-0.599458459445637,"Semicossyphus pulcher",6,"Campus Point SMCA","PISCO","den"
"den",-0.361787262948707,-0.545082039466889,-0.27703449994193,"Strongylocentrotus purpuratus",6,"Campus Point SMCA","PISCO","den"
"den",-0.289609244469174,-0.128125956230805,-0.221764999591632,"Mesocentrotus franciscanus",7,"Campus Point SMCA","PISCO","den"
"den",0.840746605981153,0.768691306452947,0.643792193421926,"Panulirus interruptus",7,"Campus Point SMCA","PISCO","den"
"den",-1.49730662919615,0.252982529346653,-1.14654559670859,"Semicossyphus pulcher",7,"Campus Point SMCA","PISCO","den"
"den",-0.347742164110284,-0.663604352898936,-0.266279624544646,"Strongylocentrotus purpuratus",7,"Campus Point SMCA","PISCO","den"
"den",0.270238833305474,-0.22782965138038,0.206932326581897,"Mesocentrotus franciscanus",8,"Campus Point SMCA","PISCO","den"
"den",2.71984105911466,0.835507002374753,2.0826874931752,"Panulirus interruptus",8,"Campus Point SMCA","PISCO","den"
"den",-0.199454589357052,0.199454589357052,-0.152730093296535,"Semicossyphus pulcher",8,"Campus Point SMCA","PISCO","den"
"den",1.15537703789495,-0.782126666330984,0.884716883974421,"Strongylocentrotus purpuratus",8,"Campus Point SMCA","PISCO","den"
"den",0.65242901532217,-0.327533346529955,0.499590130769773,"Mesocentrotus franciscanus",9,"Campus Point SMCA","PISCO","den"
"den",1.13455922896448,0.902322698296558,0.868775882514247,"Panulirus interruptus",9,"Campus Point SMCA","PISCO","den"
"den",0.364898974398541,0.14592664936745,0.279417257749494,"Semicossyphus pulcher",9,"Campus Point SMCA","PISCO","den"
"den",-0.742165093828068,-0.900648979763032,-0.568304516768365,"Strongylocentrotus purpuratus",9,"Campus Point SMCA","PISCO","den"
"den",0.44493661877893,-0.427237041679529,0.340705177635703,"Mesocentrotus franciscanus",10,"Campus Point SMCA","PISCO","den"
"den",1.22808618311786,0.969138394218363,0.9403930886143,"Panulirus interruptus",10,"Campus Point SMCA","PISCO","den"
"den",-0.0923987093778482,0.0923987093778484,-0.0707532654387587,"Semicossyphus pulcher",10,"Campus Point SMCA","PISCO","den"
"den",-0.17728016200345,-1.01917129319508,-0.135750276640372,"Strongylocentrotus purpuratus",10,"Campus Point SMCA","PISCO","den"
"den",-0.166206443730841,-0.526940736829104,-0.127270702265238,"Mesocentrotus franciscanus",11,"Campus Point SMCA","PISCO","den"
"den",2.00856834758325,1.03595409014017,1.53803846834377,"Panulirus interruptus",11,"Campus Point SMCA","PISCO","den"
"den",0.388573245438692,0.0388707693882465,0.297545562725305,"Semicossyphus pulcher",11,"Campus Point SMCA","PISCO","den"
"den",-0.929942956894073,-1.13769360662713,-0.712093289127745,"Strongylocentrotus purpuratus",11,"Campus Point SMCA","PISCO","den"
"den",-1.50031737401113,0.455372706208384,-1.1488510404588,"Mesocentrotus franciscanus",1,"Gull Island SMR","PISCO","den"
"den",0.745538666204251,0.353073622463859,0.570887791615126,"Panulirus interruptus",1,"Gull Island SMR","PISCO","den"
"den",0.140738092392585,0.559426660826007,0.107768600616238,"Semicossyphus pulcher",1,"Gull Island SMR","PISCO","den"
"den",-0.882922183875007,0.0328060192350922,-0.676087664623306,"Strongylocentrotus purpuratus",1,"Gull Island SMR","PISCO","den"
"den",-0.799798239459267,0.402077491850525,-0.61243644543243,"Mesocentrotus franciscanus",2,"Gull Island SMR","PISCO","den"
"den",-0.46629779917738,0.46629779917738,-0.357062259644676,"Panulirus interruptus",2,"Gull Island SMR","PISCO","den"
"den",0.603874938861469,0.552307201628121,0.462410396517107,"Semicossyphus pulcher",2,"Gull Island SMR","PISCO","den"
"den",0.040111671969427,-0.0393078134052397,0.0307150586101767,"Strongylocentrotus purpuratus",2,"Gull Island SMR","PISCO","den"
"den",-0.817541518934257,0.348782277492666,-0.626023160776194,"Mesocentrotus franciscanus",3,"Gull Island SMR","PISCO","den"
"den",0.51909031277721,0.5795219758909,0.397487529143121,"Panulirus interruptus",3,"Gull Island SMR","PISCO","den"
"den",0.638582354578185,0.545187742430235,0.488987207096313,"Semicossyphus pulcher",3,"Gull Island SMR","PISCO","den"
"den",-0.59208832154992,-0.111421646045572,-0.453384927775343,"Strongylocentrotus purpuratus",3,"Gull Island SMR","PISCO","den"
"den",-0.16379147543491,0.295487063134808,-0.125421467638274,"Mesocentrotus franciscanus",4,"Gull Island SMR","PISCO","den"
"den",0.916691759829678,0.692746152604422,0.701946335024258,"Panulirus interruptus",4,"Gull Island SMR","PISCO","den"
"den",0.585390004022291,0.538068283232349,0.448255766976274,"Semicossyphus pulcher",4,"Gull Island SMR","PISCO","den"
"den",-0.138419440233258,-0.183535478685904,-0.105993118980254,"Strongylocentrotus purpuratus",4,"Gull Island SMR","PISCO","den"
"den",0.351025754891317,0.242191848776949,0.268793997003818,"Mesocentrotus franciscanus",5,"Gull Island SMR","PISCO","den"
"den",2.23855210840548,0.805970329317943,1.71414592899581,"Panulirus interruptus",5,"Gull Island SMR","PISCO","den"
"den",0.584613022947417,0.530948824034463,0.447660802516255,"Semicossyphus pulcher",5,"Gull Island SMR","PISCO","den"
"den",1.96964096244823,-0.255649311326235,1.50823026396689,"Strongylocentrotus purpuratus",5,"Gull Island SMR","PISCO","den"
"den",-0.328782204017121,0.18889663441909,-0.251761249794475,"Mesocentrotus franciscanus",6,"Gull Island SMR","PISCO","den"
"den",2.9309530956786,0.919194506031464,2.24434414466849,"Panulirus interruptus",6,"Gull Island SMR","PISCO","den"
"den",0.889863970471423,0.523829364836577,0.681403259104901,"Semicossyphus pulcher",6,"Gull Island SMR","PISCO","den"
"den",2.06162599737019,-0.327763143966567,1.57866676287525,"Strongylocentrotus purpuratus",6,"Gull Island SMR","PISCO","den"
"den",-0.370489114400311,0.135601420061232,-0.283697844156471,"Mesocentrotus franciscanus",7,"Gull Island SMR","PISCO","den"
"den",0.0661936059231254,1.03241868274498,0.0506870041991116,"Panulirus interruptus",7,"Gull Island SMR","PISCO","den"
"den",0.768488338609829,0.516709905638691,0.58846124339143,"Semicossyphus pulcher",7,"Gull Island SMR","PISCO","den"
"den",0.508917349223126,-0.399876976606899,0.389697697494093,"Strongylocentrotus purpuratus",7,"Gull Island SMR","PISCO","den"
"den",-0.34789444561411,0.0823062057033729,-0.266396232381857,"Mesocentrotus franciscanus",8,"Gull Island SMR","PISCO","den"
"den",1.05158171787771,1.14564285945851,0.805236792986908,"Panulirus interruptus",8,"Gull Island SMR","PISCO","den"
"den",0.689105300784285,0.509590446440805,0.527674581062224,"Semicossyphus pulcher",8,"Gull Island SMR","PISCO","den"
"den",0.0341274804014993,-0.471990809247231,0.0261327316784167,"Strongylocentrotus purpuratus",8,"Gull Island SMR","PISCO","den"
"den",-0.128897162602227,0.029010991345514,-0.0987015427088271,"Mesocentrotus franciscanus",9,"Gull Island SMR","PISCO","den"
"den",1.30608232128951,1.25886703617203,1.00011774823796,"Panulirus interruptus",9,"Gull Island SMR","PISCO","den"
"den",0.27523358134509,0.502470987242919,0.210756998335715,"Semicossyphus pulcher",9,"Gull Island SMR","PISCO","den"
"den",0.297960612904079,-0.544104641887563,0.228159965404795,"Strongylocentrotus purpuratus",9,"Gull Island SMR","PISCO","den"
"den",-0.569375854608588,-0.0775794373702031,-0.435993113397313,"Mesocentrotus franciscanus",11,"Gull Island SMR","PISCO","den"
"den",2.59222205430665,1.48531538959907,1.9849646853242,"Panulirus interruptus",11,"Gull Island SMR","PISCO","den"
"den",0.788628451227283,0.488232068847147,0.603883306573742,"Semicossyphus pulcher",11,"Gull Island SMR","PISCO","den"
"den",0.0241510898869487,-0.688332307168227,0.0184934236085365,"Strongylocentrotus purpuratus",11,"Gull Island SMR","PISCO","den"
"den",-1.27897413225033,-0.130874651728062,-0.979359959438007,"Mesocentrotus franciscanus",12,"Gull Island SMR","PISCO","den"
"den",0.96640979114895,1.59853956631259,0.740017354529952,"Panulirus interruptus",12,"Gull Island SMR","PISCO","den"
"den",0.663560452395379,0.481112609649261,0.508113902662895,"Semicossyphus pulcher",12,"Gull Island SMR","PISCO","den"
"den",-1.16512571439252,-0.760446139808559,-0.892181822614298,"Strongylocentrotus purpuratus",12,"Gull Island SMR","PISCO","den"
"den",0.704227157772145,0.473993150451375,0.539253971819877,"Semicossyphus pulcher",13,"Gull Island SMR","PISCO","den"
"den",-2.6995825607248,-0.237465080443779,-2.0671747774282,"Mesocentrotus franciscanus",14,"Gull Island SMR","PISCO","den"
"den",-2.92360020840774,1.82498791973963,-2.2387137545005,"Panulirus interruptus",14,"Gull Island SMR","PISCO","den"
"den",0.402164155770121,0.466873691253489,0.307952648416314,"Semicossyphus pulcher",14,"Gull Island SMR","PISCO","den"
"den",-1.60265195733591,-0.904673805089222,-1.22721258886457,"Strongylocentrotus purpuratus",14,"Gull Island SMR","PISCO","den"
"den",-0.442199968136482,-0.290760294801638,-0.338609618394432,"Mesocentrotus franciscanus",15,"Gull Island SMR","PISCO","den"
"den",2.20492262993838,1.93821209645315,1.68839453665959,"Panulirus interruptus",15,"Gull Island SMR","PISCO","den"
"den",1.04156454228159,0.459754232055603,0.797566254202636,"Semicossyphus pulcher",15,"Gull Island SMR","PISCO","den"
"den",-0.349017012292116,-0.976787637729554,-0.267255825104271,"Strongylocentrotus purpuratus",15,"Gull Island SMR","PISCO","den"
"den",-1.28246314947223,-0.344055509159497,-0.982031634868151,"Mesocentrotus franciscanus",16,"Gull Island SMR","PISCO","den"
"den",1.16743955170153,2.05143627316667,0.893953617333169,"Panulirus interruptus",16,"Gull Island SMR","PISCO","den"
"den",0.601852710901453,0.452634772857717,0.460861898355216,"Semicossyphus pulcher",16,"Gull Island SMR","PISCO","den"
"den",-1.2914618071685,-1.04890147036989,-0.988922255103691,"Strongylocentrotus purpuratus",16,"Gull Island SMR","PISCO","den"
"den",1.40869717021477,0.445515313659831,1.07869390685373,"Semicossyphus pulcher",17,"Gull Island SMR","PISCO","den"
"den",0.0585631781994002,-0.450645937875214,0.0448440905720364,"Mesocentrotus franciscanus",18,"Gull Island SMR","PISCO","den"
"den",-0.668446714159616,2.27788462659372,-0.511855502279774,"Panulirus interruptus",18,"Gull Island SMR","PISCO","den"
"den",0.934366500439365,0.438395854461945,0.715480567508009,"Semicossyphus pulcher",18,"Gull Island SMR","PISCO","den"
"den",-0.99577858739986,-1.19312913565055,-0.762506177704527,"Strongylocentrotus purpuratus",18,"Gull Island SMR","PISCO","den"
"den",1.19872779475152,0.43127639526406,0.917912235159484,"Semicossyphus pulcher",19,"Gull Island SMR","PISCO","den"
"den",-1.27793167713088,-0.557236366590932,-0.978561711234422,"Mesocentrotus franciscanus",20,"Gull Island SMR","PISCO","den"
"den",0.440105999145682,2.50433298002076,0.33700618535057,"Panulirus interruptus",20,"Gull Island SMR","PISCO","den"
"den",1.24426613138895,0.424156936066174,0.952782700790899,"Semicossyphus pulcher",20,"Gull Island SMR","PISCO","den"
"den",-0.814282995816066,-1.33735680093121,-0.623527983595992,"Strongylocentrotus purpuratus",20,"Gull Island SMR","PISCO","den"
"den",-0.780999256930238,0.96055057116931,-0.59804133742918,"Mesocentrotus franciscanus",1,"Harris Point SMR","PISCO","den"
"den",-0.858251487424785,0.858251487424785,-0.657196358172654,"Panulirus interruptus",1,"Harris Point SMR","PISCO","den"
"den",-0.262258053261996,1.06460452578693,-0.20082113463315,"Semicossyphus pulcher",1,"Harris Point SMR","PISCO","den"
"den",-0.175484811971297,0.537983884196018,-0.134375507682714,"Strongylocentrotus purpuratus",1,"Harris Point SMR","PISCO","den"
"den",0.126484206132143,0.892393114517118,0.0968538486147258,"Mesocentrotus franciscanus",2,"Harris Point SMR","PISCO","den"
"den",-0.956613421843972,0.956613421843972,-0.73251589566285,"Panulirus interruptus",2,"Harris Point SMR","PISCO","den"
"den",0.566815088139387,1.04262282429471,0.434032235470099,"Semicossyphus pulcher",2,"Harris Point SMR","PISCO","den"
"den",-0.580541861453254,0.451007809261353,-0.444543356701481,"Strongylocentrotus purpuratus",2,"Harris Point SMR","PISCO","den"
"den",-1.09709744766112,0.824235657864925,-0.840089947675844,"Mesocentrotus franciscanus",3,"Harris Point SMR","PISCO","den"
"den",-1.05497535626316,1.05497535626316,-0.807835433153045,"Panulirus interruptus",3,"Harris Point SMR","PISCO","den"
"den",2.27519574320184,1.02064112280249,1.74220537741068,"Semicossyphus pulcher",3,"Harris Point SMR","PISCO","den"
"den",0.434475961891085,0.364031734326687,0.332695048074013,"Strongylocentrotus purpuratus",3,"Harris Point SMR","PISCO","den"
"den",-0.501252696755669,0.756078201212732,-0.383828576657046,"Mesocentrotus franciscanus",4,"Harris Point SMR","PISCO","den"
"den",-1.15333729068235,1.15333729068235,-0.883154970643241,"Panulirus interruptus",4,"Harris Point SMR","PISCO","den"
"den",0.735941634077837,0.998659421310273,0.563538972935335,"Semicossyphus pulcher",4,"Harris Point SMR","PISCO","den"
"den",-0.869687881927663,0.277055659392021,-0.66595364776439,"Strongylocentrotus purpuratus",4,"Harris Point SMR","PISCO","den"
"den",0.56665710646565,0.68792074456054,0.433911262792325,"Mesocentrotus franciscanus",5,"Harris Point SMR","PISCO","den"
"den",-1.25169922510153,1.25169922510153,-0.958474508133437,"Panulirus interruptus",5,"Harris Point SMR","PISCO","den"
"den",-1.14373180448122,0.976677719818053,-0.875799678351468,"Semicossyphus pulcher",5,"Harris Point SMR","PISCO","den"
"den",-1.2120944022533,0.190079584457355,-0.928147563498556,"Strongylocentrotus purpuratus",5,"Harris Point SMR","PISCO","den"
"den",0.488022784329233,0.619763287908347,0.373697921024062,"Mesocentrotus franciscanus",6,"Harris Point SMR","PISCO","den"
"den",-1.35006115952072,1.35006115952072,-1.03379404562363,"Panulirus interruptus",6,"Harris Point SMR","PISCO","den"
"den",3.01559589522629,0.954696018325834,2.30915840997806,"Semicossyphus pulcher",6,"Harris Point SMR","PISCO","den"
"den",-0.457050376667166,0.103103509522689,-0.349981150569722,"Strongylocentrotus purpuratus",6,"Harris Point SMR","PISCO","den"
"den",0.198889205382638,0.551605831256155,0.152297156920195,"Mesocentrotus franciscanus",7,"Harris Point SMR","PISCO","den"
"den",-1.44842309393991,1.44842309393991,-1.10911358311383,"Panulirus interruptus",7,"Harris Point SMR","PISCO","den"
"den",0.488671364097546,0.932714316833614,0.374194563637521,"Semicossyphus pulcher",7,"Harris Point SMR","PISCO","den"
"den",-1.62037950998975,0.0161274345880238,-1.24078726157312,"Strongylocentrotus purpuratus",7,"Harris Point SMR","PISCO","den"
"den",0.687484575643778,0.483448374603962,0.526433529137996,"Mesocentrotus franciscanus",8,"Harris Point SMR","PISCO","den"
"den",-0.448172739690984,1.54678502835909,-0.343183200580225,"Panulirus interruptus",8,"Harris Point SMR","PISCO","den"
"den",1.12614931191965,0.910732615341394,0.862336083765998,"Semicossyphus pulcher",8,"Harris Point SMR","PISCO","den"
"den",-2.31944203306651,-0.0708486403466423,-1.77608647285621,"Strongylocentrotus purpuratus",8,"Harris Point SMR","PISCO","den"
"den",0.770019856589521,0.415290917951769,0.589633985942392,"Mesocentrotus franciscanus",9,"Harris Point SMR","PISCO","den"
"den",-1.64514696277828,1.64514696277828,-1.25975265809422,"Panulirus interruptus",9,"Harris Point SMR","PISCO","den"
"den",2.24674330207998,0.888750913849174,1.72041824279992,"Semicossyphus pulcher",9,"Harris Point SMR","PISCO","den"
"den",-1.79788943387062,-0.157824715281308,-1.37671347576944,"Strongylocentrotus purpuratus",9,"Harris Point SMR","PISCO","den"
"den",0.29807064350891,0.278976004647384,0.228244220094524,"Mesocentrotus franciscanus",11,"Harris Point SMR","PISCO","den"
"den",-1.84187083161666,1.84187083161666,-1.41039173307461,"Panulirus interruptus",11,"Harris Point SMR","PISCO","den"
"den",0.764650401569366,0.844787510864734,0.585522386561183,"Semicossyphus pulcher",11,"Harris Point SMR","PISCO","den"
"den",-0.0282453622481496,-0.331776865150639,-0.021628566308052,"Strongylocentrotus purpuratus",11,"Harris Point SMR","PISCO","den"
"den",0.419947217528878,0.142661091342999,0.321569826593403,"Mesocentrotus franciscanus",13,"Harris Point SMR","PISCO","den"
"den",-2.03859470045503,2.03859470045503,-1.561030808055,"Panulirus interruptus",13,"Harris Point SMR","PISCO","den"
"den",-0.352275413635819,0.800824107880295,-0.269750909037038,"Semicossyphus pulcher",13,"Harris Point SMR","PISCO","den"
"den",0.574721886506923,-0.505729015019971,0.440086776788218,"Strongylocentrotus purpuratus",13,"Harris Point SMR","PISCO","den"
"den",0.334531734104157,0.00634617803861393,0.256163887354407,"Mesocentrotus franciscanus",15,"Harris Point SMR","PISCO","den"
"den",-0.289408420238094,2.2353185692934,-0.221611220710696,"Panulirus interruptus",15,"Harris Point SMR","PISCO","den"
"den",-0.463873580214381,0.756860704895855,-0.355205941424155,"Semicossyphus pulcher",15,"Harris Point SMR","PISCO","den"
"den",0.901581259956217,-0.679681164889303,0.690375640848354,"Strongylocentrotus purpuratus",15,"Harris Point SMR","PISCO","den"
"den",0.216215219174114,-0.061811278613579,0.165564355791673,"Mesocentrotus franciscanus",16,"Harris Point SMR","PISCO","den"
"den",-2.33368050371259,2.33368050371259,-1.78698942052559,"Panulirus interruptus",16,"Harris Point SMR","PISCO","den"
"den",-0.138895571297337,0.734879003403635,-0.106357710951151,"Semicossyphus pulcher",16,"Harris Point SMR","PISCO","den"
"den",1.01291549954353,-0.766657239823968,0.775628574130473,"Strongylocentrotus purpuratus",16,"Harris Point SMR","PISCO","den"
"den",0.0372216997769346,-0.129968735265772,0.0285020951280799,"Mesocentrotus franciscanus",17,"Harris Point SMR","PISCO","den"
"den",-0.822604525697678,2.43204243813178,-0.629900100874845,"Panulirus interruptus",17,"Harris Point SMR","PISCO","den"
"den",1.1478550388036,0.712897301911415,0.878956998344805,"Semicossyphus pulcher",17,"Harris Point SMR","PISCO","den"
"den",0.385045008479985,-0.853633314758635,0.294843855225804,"Strongylocentrotus purpuratus",17,"Harris Point SMR","PISCO","den"
"den",0.701833634342694,-0.198126191917964,0.537421158356593,"Mesocentrotus franciscanus",18,"Harris Point SMR","PISCO","den"
"den",-0.920966460116866,2.53040437255097,-0.705219638365041,"Panulirus interruptus",18,"Harris Point SMR","PISCO","den"
"den",0.299483103608682,0.690915600419195,0.229325795422077,"Semicossyphus pulcher",18,"Harris Point SMR","PISCO","den"
"den",1.74261344857922,-0.9406093896933,1.33438651594451,"Strongylocentrotus purpuratus",18,"Harris Point SMR","PISCO","den"
"den",0.486029889109768,-0.266283648570157,0.372171884076101,"Mesocentrotus franciscanus",19,"Harris Point SMR","PISCO","den"
"den",-2.62876630697015,2.62876630697015,-2.01294803299617,"Panulirus interruptus",19,"Harris Point SMR","PISCO","den"
"den",0.666067167805364,0.668933898926976,0.510033391603556,"Semicossyphus pulcher",19,"Harris Point SMR","PISCO","den"
"den",1.12540226042236,-1.02758546462797,0.861764037541112,"Strongylocentrotus purpuratus",19,"Harris Point SMR","PISCO","den"
"den",0.482494205181489,-0.334441105222349,0.369464474143977,"Mesocentrotus franciscanus",20,"Harris Point SMR","PISCO","den"
"den",-1.62851595272123,2.72712824138934,-1.24701765046257,"Panulirus interruptus",20,"Harris Point SMR","PISCO","den"
"den",0.411654756619654,0.646952197434756,0.315219968550997,"Semicossyphus pulcher",20,"Harris Point SMR","PISCO","den"
"den",0.797547577253378,-1.11456153956263,0.610713026333413,"Strongylocentrotus purpuratus",20,"Harris Point SMR","PISCO","den"
"den",-0.999053872409573,-1.25972859792608,-0.76501419011336,"Mesocentrotus franciscanus",7,"Matlahuayl SMR","PISCO","den"
"den",-0.705623498188505,-0.362911335242325,-0.540323203682388,"Panulirus interruptus",7,"Matlahuayl SMR","PISCO","den"
"den",1.72591797273582,-0.878620112348619,1.32160214436694,"Semicossyphus pulcher",7,"Matlahuayl SMR","PISCO","den"
"den",-0.114335510290232,-1.79520699459421,-0.0875511223382965,"Strongylocentrotus purpuratus",7,"Matlahuayl SMR","PISCO","den"
"den",-2.06179263060851,-1.37219457387664,-1.57879436039064,"Mesocentrotus franciscanus",8,"Matlahuayl SMR","PISCO","den"
"den",0.390535951135776,-0.308857920121509,0.29904848238835,"Panulirus interruptus",8,"Matlahuayl SMR","PISCO","den"
"den",1.04022051294354,-0.94491033313921,0.796537078956002,"Semicossyphus pulcher",8,"Matlahuayl SMR","PISCO","den"
"den",0.827879300159136,-1.92649158882725,0.633939199690338,"Strongylocentrotus purpuratus",8,"Matlahuayl SMR","PISCO","den"
"den",-0.886917414653793,-1.48466054982721,-0.679146967352574,"Mesocentrotus franciscanus",9,"Matlahuayl SMR","PISCO","den"
"den",0.309612741495689,-0.254804505000694,0.237082450932135,"Panulirus interruptus",9,"Matlahuayl SMR","PISCO","den"
"den",1.47073288330824,-1.0112005539298,1.12619705170001,"Semicossyphus pulcher",9,"Matlahuayl SMR","PISCO","den"
"den",-0.507173174401256,-2.05777618306028,-0.388362115374231,"Strongylocentrotus purpuratus",9,"Matlahuayl SMR","PISCO","den"
"den",-3.11240367553456,-1.59712652577777,-2.38328787155613,"Mesocentrotus franciscanus",10,"Matlahuayl SMR","PISCO","den"
"den",1.24997062321841,-0.200751089879879,0.95715085081508,"Panulirus interruptus",10,"Matlahuayl SMR","PISCO","den"
"den",0.990479397730764,-1.07749077472039,0.758448383220249,"Semicossyphus pulcher",10,"Matlahuayl SMR","PISCO","den"
"den",-0.208834495505048,-2.18906077729332,-0.159912650216955,"Strongylocentrotus purpuratus",10,"Matlahuayl SMR","PISCO","den"
"den",-1.66628707194953,-1.70959250172834,-1.27594045731424,"Mesocentrotus franciscanus",11,"Matlahuayl SMR","PISCO","den"
"den",-1.50622534961478,-0.146697674759064,-1.15337500587893,"Panulirus interruptus",11,"Matlahuayl SMR","PISCO","den"
"den",-0.560967096727444,-1.14378099551099,-0.429554202265536,"Semicossyphus pulcher",11,"Matlahuayl SMR","PISCO","den"
"den",-0.164561278261641,-2.32034537152636,-0.12601093543606,"Strongylocentrotus purpuratus",11,"Matlahuayl SMR","PISCO","den"
"den",-1.13140201773961,1.02915639617814,-0.866358283769163,"Mesocentrotus franciscanus",1,"Naples SMCA","PISCO","den"
"den",0.171754976234499,0.926857312433611,0.131519428201673,"Panulirus interruptus",1,"Naples SMCA","PISCO","den"
"den",1.37909527318035,1.13321035079576,1.05602658939368,"Semicossyphus pulcher",1,"Naples SMCA","PISCO","den"
"den",-1.49952027372241,0.606589709204845,-1.14824066993859,"Strongylocentrotus purpuratus",1,"Naples SMCA","PISCO","den"
"den",0.692705414806235,0.972935594186425,0.530431327609009,"Mesocentrotus franciscanus",2,"Naples SMCA","PISCO","den"
"den",0.572282010920821,1.03715590151328,0.438218469685842,"Panulirus interruptus",2,"Naples SMCA","PISCO","den"
"den",1.7100480400922,1.12316530396402,1.30944992314665,"Semicossyphus pulcher",2,"Naples SMCA","PISCO","den"
"den",-2.09336015237551,0.53155028893066,-1.60296683273212,"Strongylocentrotus purpuratus",2,"Naples SMCA","PISCO","den"
"den",-0.0774611499756778,0.916714792194713,-0.0593149984704717,"Mesocentrotus franciscanus",3,"Naples SMCA","PISCO","den"
"den",1.64575351884957,1.14745449059295,1.26021712153753,"Panulirus interruptus",3,"Naples SMCA","PISCO","den"
"den",1.0129446006319,1.11312025713228,0.775650857959368,"Semicossyphus pulcher",3,"Naples SMCA","PISCO","den"
"den",-1.12359228158708,0.456510868656475,-0.860378066743106,"Strongylocentrotus purpuratus",3,"Naples SMCA","PISCO","den"
"den",-0.577034302631068,0.860493990203,-0.441857483250874,"Mesocentrotus franciscanus",4,"Naples SMCA","PISCO","den"
"den",-1.25775307967261,1.25775307967261,-0.96311017872104,"Panulirus interruptus",4,"Naples SMCA","PISCO","den"
"den",0.0398481246924784,1.10307521030054,0.0305132502671039,"Semicossyphus pulcher",4,"Naples SMCA","PISCO","den"
"den",-1.5560215358812,0.381471448382289,-1.19150587165043,"Strongylocentrotus purpuratus",4,"Naples SMCA","PISCO","den"
"den",0.342373120922931,0.804273188211289,0.262168340519742,"Mesocentrotus franciscanus",5,"Naples SMCA","PISCO","den"
"den",-2.46666395742039,1.36805166875228,-1.88881999437781,"Panulirus interruptus",5,"Naples SMCA","PISCO","den"
"den",-0.435389671365766,1.0930301634688,-0.333394710757954,"Semicossyphus pulcher",5,"Naples SMCA","PISCO","den"
"den",-1.11050115394449,0.306432028108104,-0.850353683986835,"Strongylocentrotus purpuratus",5,"Naples SMCA","PISCO","den"
"den",0.789838374922474,0.748052386219576,0.604809791942887,"Mesocentrotus franciscanus",6,"Naples SMCA","PISCO","den"
"den",-0.37973796916384,1.47835025783195,-0.290780049963183,"Panulirus interruptus",6,"Naples SMCA","PISCO","den"
"den",-0.062984715538603,1.08298511663706,-0.0482298327227054,"Semicossyphus pulcher",6,"Naples SMCA","PISCO","den"
"den",-0.308882953187967,0.231392607833919,-0.23652362379918,"Strongylocentrotus purpuratus",6,"Naples SMCA","PISCO","den"
"den",1.10690097189206,0.691831584227865,0.847596885346479,"Mesocentrotus franciscanus",7,"Naples SMCA","PISCO","den"
"den",-1.58864884691162,1.58864884691162,-1.21648986561995,"Panulirus interruptus",7,"Naples SMCA","PISCO","den"
"den",0.177478231730787,1.07294006980532,0.135901946291258,"Semicossyphus pulcher",7,"Naples SMCA","PISCO","den"
"den",-0.348080542640565,0.156353187559734,-0.266538734072614,"Strongylocentrotus purpuratus",7,"Naples SMCA","PISCO","den"
"den",0.491045969138958,0.635610782236152,0.376012890559384,"Mesocentrotus franciscanus",8,"Naples SMCA","PISCO","den"
"den",-0.600335147323175,1.69894743599129,-0.459699841229126,"Panulirus interruptus",8,"Naples SMCA","PISCO","den"
"den",0.227479216267566,1.06289502297358,0.174189634019266,"Semicossyphus pulcher",8,"Naples SMCA","PISCO","den"
"den",0.719620649581589,0.0813137672855482,0.55104136386633,"Strongylocentrotus purpuratus",8,"Naples SMCA","PISCO","den"
"den",0.52068966011762,0.57938998024444,0.398712211258994,"Mesocentrotus franciscanus",9,"Naples SMCA","PISCO","den"
"den",-1.80924602507095,1.80924602507095,-1.3854096568859,"Panulirus interruptus",9,"Naples SMCA","PISCO","den"
"den",0.855080924848255,1.05284997614185,0.654768535781217,"Semicossyphus pulcher",9,"Naples SMCA","PISCO","den"
"den",-0.327031876066973,0.00627434701136298,-0.250420955986308,"Strongylocentrotus purpuratus",9,"Naples SMCA","PISCO","den"
"den",-0.217189621359369,0.523169178252728,-0.166310493231489,"Mesocentrotus franciscanus",10,"Naples SMCA","PISCO","den"
"den",0.0263655349046896,1.91954461415062,0.0201891098058301,"Panulirus interruptus",10,"Naples SMCA","PISCO","den"
"den",0.925705051662444,1.04280492931011,0.708848161184111,"Semicossyphus pulcher",10,"Naples SMCA","PISCO","den"
"den",-0.817565359015459,-0.0687650732628223,-0.626041416048423,"Strongylocentrotus purpuratus",10,"Naples SMCA","PISCO","den"
"den",0.613381867569644,0.466948376261016,0.469690219524658,"Mesocentrotus franciscanus",11,"Naples SMCA","PISCO","den"
"den",-3.1284554918984,2.02984320323029,-2.39557936817564,"Panulirus interruptus",11,"Naples SMCA","PISCO","den"
"den",1.06850070659611,1.03275988247837,0.818192317017585,"Semicossyphus pulcher",11,"Naples SMCA","PISCO","den"
"den",-0.279439860884026,-0.143804493537007,-0.213977909263279,"Strongylocentrotus purpuratus",11,"Naples SMCA","PISCO","den"
"den",-0.763945064614244,0.256186086901476,-0.584982282774609,"Mesocentrotus franciscanus",1,"Point Vicente SMCA","PISCO","den"
"den",-2.98710034721317,0.153887003156951,-2.28733826675344,"Panulirus interruptus",1,"Point Vicente SMCA","PISCO","den"
"den",-0.683808873304404,0.360240041519099,-0.523618901693059,"Semicossyphus pulcher",1,"Point Vicente SMCA","PISCO","den"
"den",-3.40609466381525,-0.166380600071816,-2.60817842025222,"Strongylocentrotus purpuratus",1,"Point Vicente SMCA","PISCO","den"
"den",-0.0551381144209351,0.346290095599159,-0.0422213867670359,"Semicossyphus pulcher",2,"Point Vicente SMCA","PISCO","den"
"den",0.274861978154874,0.135934684741651,0.210472447400617,"Mesocentrotus franciscanus",3,"Point Vicente SMCA","PISCO","den"
"den",1.56933469493271,0.366674383139885,1.20170027244393,"Panulirus interruptus",3,"Point Vicente SMCA","PISCO","den"
"den",0.13412109627734,0.332340149679219,0.102701710767867,"Semicossyphus pulcher",3,"Point Vicente SMCA","PISCO","den"
"den",0.432383064809242,-0.324269238796587,0.331092435832298,"Strongylocentrotus purpuratus",3,"Point Vicente SMCA","PISCO","den"
"den",0.402740362733355,0.0758089836617388,0.30839387237379,"Mesocentrotus franciscanus",4,"Point Vicente SMCA","PISCO","den"
"den",-1.79073392786214,0.473068073131353,-1.37123422806809,"Panulirus interruptus",4,"Point Vicente SMCA","PISCO","den"
"den",-0.247251595374585,0.31839020375928,-0.189330109429955,"Semicossyphus pulcher",4,"Point Vicente SMCA","PISCO","den"
"den",0.76567113548756,-0.403213558158972,0.586304002000863,"Strongylocentrotus purpuratus",4,"Point Vicente SMCA","PISCO","den"
"den",0.40780739195421,0.0156832825818265,0.312273892623673,"Mesocentrotus franciscanus",5,"Point Vicente SMCA","PISCO","den"
"den",-0.152397543211194,0.57946176312282,-0.116696693055989,"Panulirus interruptus",5,"Point Vicente SMCA","PISCO","den"
"den",0.0713320947485729,0.30444025783934,0.0546217438320457,"Semicossyphus pulcher",5,"Point Vicente SMCA","PISCO","den"
"den",0.866427979865814,-0.482157877521358,0.663457414673697,"Strongylocentrotus purpuratus",5,"Point Vicente SMCA","PISCO","den"
"den",0.672950761924991,-0.0444424184980861,0.515304425854987,"Mesocentrotus franciscanus",6,"Point Vicente SMCA","PISCO","den"
"den",1.12216453698555,0.685855453114287,0.859284787481407,"Panulirus interruptus",6,"Point Vicente SMCA","PISCO","den"
"den",0.374870021928336,0.2904903119194,0.287052474489298,"Semicossyphus pulcher",6,"Point Vicente SMCA","PISCO","den"
"den",0.329528753053394,-0.561102196883744,0.252332911265529,"Strongylocentrotus purpuratus",6,"Point Vicente SMCA","PISCO","den"
"den",0.760721208389506,-0.104568119577998,0.582513651375522,"Mesocentrotus franciscanus",7,"Point Vicente SMCA","PISCO","den"
"den",-0.42908641468828,0.792249143105755,-0.328568063331451,"Panulirus interruptus",7,"Point Vicente SMCA","PISCO","den"
"den",0.112875949506639,0.276540365999461,0.0864334801954478,"Semicossyphus pulcher",7,"Point Vicente SMCA","PISCO","den"
"den",0.427949859730081,-0.640046516246129,0.327697759241874,"Strongylocentrotus purpuratus",7,"Point Vicente SMCA","PISCO","den"
"den",0.509449182455016,-0.164693820657911,0.390104942769254,"Mesocentrotus franciscanus",8,"Point Vicente SMCA","PISCO","den"
"den",-0.0609344977994998,0.898642833097222,-0.0466599017044178,"Panulirus interruptus",8,"Point Vicente SMCA","PISCO","den"
"den",0.611606488115024,0.262590420079521,0.46833074281061,"Semicossyphus pulcher",8,"Point Vicente SMCA","PISCO","den"
"den",-0.253701002663661,-0.718990835608515,-0.194268670032361,"Strongylocentrotus purpuratus",8,"Point Vicente SMCA","PISCO","den"
"den",0.769607301403629,-0.224819521737823,0.589318076480321,"Mesocentrotus franciscanus",9,"Point Vicente SMCA","PISCO","den"
"den",-1.96054796811613,1.00503652308869,-1.50126740652067,"Panulirus interruptus",9,"Point Vicente SMCA","PISCO","den"
"den",0.394421426000689,0.248640474159582,0.30202374076938,"Semicossyphus pulcher",9,"Point Vicente SMCA","PISCO","den"
"den",1.15246627555977,-0.797935154970901,0.882488000675982,"Strongylocentrotus purpuratus",9,"Point Vicente SMCA","PISCO","den"
"den",0.191450698312841,-0.284945222817736,0.146601204360671,"Mesocentrotus franciscanus",10,"Point Vicente SMCA","PISCO","den"
"den",-0.0244459624071665,1.11143021308016,-0.0187192189019345,"Panulirus interruptus",10,"Point Vicente SMCA","PISCO","den"
"den",0.44919295056862,0.234690528239642,0.343964415507521,"Semicossyphus pulcher",10,"Point Vicente SMCA","PISCO","den"
"den",0.561468831916081,-0.876879474333286,0.429938400304888,"Strongylocentrotus purpuratus",10,"Point Vicente SMCA","PISCO","den"
"den",0.179101820222636,-0.345070923897648,0.137145190794354,"Mesocentrotus franciscanus",11,"Point Vicente SMCA","PISCO","den"
"den",-1.20508487729419,1.21782390307162,-0.922780099132763,"Panulirus interruptus",11,"Point Vicente SMCA","PISCO","den"
"den",0.297796453936949,0.220740582319702,0.228034262534552,"Semicossyphus pulcher",11,"Point Vicente SMCA","PISCO","den"
"den",-1.10599415391143,-0.955823793695672,-0.846902499746074,"Strongylocentrotus purpuratus",11,"Point Vicente SMCA","PISCO","den"
"den",-1.31200414588686,1.04499537082561,-1.0046523183682,"Mesocentrotus franciscanus",1,"Scorpion SMR","PISCO","den"
"den",2.53972653450365,0.942696287081088,1.9447668354627,"Panulirus interruptus",1,"Scorpion SMR","PISCO","den"
"den",-0.544313102227344,1.14904932544324,-0.416801594556887,"Semicossyphus pulcher",1,"Scorpion SMR","PISCO","den"
"den",-2.20656421290283,0.622428683852322,-1.68965156022632,"Strongylocentrotus purpuratus",1,"Scorpion SMR","PISCO","den"
"den",-1.20169568170211,0.969672768015714,-0.920184860985336,"Mesocentrotus franciscanus",2,"Scorpion SMR","PISCO","den"
"den",0.709547816614681,1.03389307534257,0.543328206080614,"Panulirus interruptus",2,"Scorpion SMR","PISCO","den"
"den",-1.15041802171926,1.11990247779331,-0.880919573490801,"Semicossyphus pulcher",2,"Scorpion SMR","PISCO","den"
"den",-1.57631414636787,0.528287462759949,-1.2070447083493,"Strongylocentrotus purpuratus",2,"Scorpion SMR","PISCO","den"
"den",-0.0679487010353365,0.894350165205815,-0.0520309484076473,"Mesocentrotus franciscanus",3,"Scorpion SMR","PISCO","den"
"den",1.12214513430683,1.12508986360405,0.85926993009988,"Panulirus interruptus",3,"Scorpion SMR","PISCO","den"
"den",-1.03020913027535,1.09075563014338,-0.788870976040706,"Semicossyphus pulcher",3,"Scorpion SMR","PISCO","den"
"den",-0.0836644272431593,0.434146241667577,-0.0640650877958705,"Strongylocentrotus purpuratus",3,"Scorpion SMR","PISCO","den"
"den",-0.802620117967253,0.819027562395916,-0.614597266946667,"Mesocentrotus franciscanus",4,"Scorpion SMR","PISCO","den"
"den",0.0829963322647298,1.21628665186553,0.0635535016312432,"Panulirus interruptus",4,"Scorpion SMR","PISCO","den"
"den",-0.867244195729291,1.06160878249346,-0.664082422728818,"Semicossyphus pulcher",4,"Scorpion SMR","PISCO","den"
"den",-0.249127175130364,0.340005020575205,-0.190766313390007,"Strongylocentrotus purpuratus",4,"Scorpion SMR","PISCO","den"
"den",-0.415324571432108,0.743704959586017,-0.318030087688861,"Mesocentrotus franciscanus",5,"Scorpion SMR","PISCO","den"
"den",-0.701347636556695,1.30748344012701,-0.53704901105511,"Panulirus interruptus",5,"Scorpion SMR","PISCO","den"
"den",-0.940498748757526,1.03246193484353,-0.720176267219755,"Semicossyphus pulcher",5,"Scorpion SMR","PISCO","den"
"den",-0.569764339141731,0.245863799482833,-0.436290591029602,"Strongylocentrotus purpuratus",5,"Scorpion SMR","PISCO","den"
"den",-0.54180019653316,0.668382356776118,-0.414877365476196,"Mesocentrotus franciscanus",6,"Scorpion SMR","PISCO","den"
"den",0.918089499597508,1.39868022838849,0.703016638424311,"Panulirus interruptus",6,"Scorpion SMR","PISCO","den"
"den",-1.15173509231188,1.0033150871936,-0.881928105383384,"Semicossyphus pulcher",6,"Scorpion SMR","PISCO","den"
"den",0.341599698941639,0.151722578390461,0.261576101395333,"Strongylocentrotus purpuratus",6,"Scorpion SMR","PISCO","den"
"den",-0.271312942911565,0.59305975396622,-0.207754813850191,"Mesocentrotus franciscanus",7,"Scorpion SMR","PISCO","den"
"den",3.30591352894677,1.48987701664997,2.53146585061751,"Panulirus interruptus",7,"Scorpion SMR","PISCO","den"
"den",-0.942079924992178,0.974168239543678,-0.721387035017153,"Semicossyphus pulcher",7,"Scorpion SMR","PISCO","den"
"den",0.00279776309791735,0.0575813572980886,0.00214235541204613,"Strongylocentrotus purpuratus",7,"Scorpion SMR","PISCO","den"
"den",-0.484423644904559,0.51773715115632,-0.370941920764104,"Mesocentrotus franciscanus",8,"Scorpion SMR","PISCO","den"
"den",0.669224451636167,1.58107380491145,0.512451045945813,"Panulirus interruptus",8,"Scorpion SMR","PISCO","den"
"den",-0.945021391893752,0.945021391893752,-0.723639429989634,"Semicossyphus pulcher",8,"Scorpion SMR","PISCO","den"
"den",-0.144682561449932,-0.0365598637942838,-0.110789033132109,"Strongylocentrotus purpuratus",8,"Scorpion SMR","PISCO","den"
"den",-0.487721773063618,0.442414548346421,-0.373467425055887,"Mesocentrotus franciscanus",9,"Scorpion SMR","PISCO","den"
"den",1.54043237258819,1.67227059317293,1.1795686463811,"Panulirus interruptus",9,"Scorpion SMR","PISCO","den"
"den",-0.711860162838612,0.915874544243826,-0.545098859017973,"Semicossyphus pulcher",9,"Scorpion SMR","PISCO","den"
"den",0.197146456621477,-0.130701084886656,0.150962666790172,"Strongylocentrotus purpuratus",9,"Scorpion SMR","PISCO","den"
"den",-1.26154262750139,0.367091945536522,-0.966011982060367,"Mesocentrotus franciscanus",10,"Scorpion SMR","PISCO","den"
"den",-0.0440102185946747,1.76346738143441,-0.0337003265436664,"Panulirus interruptus",10,"Scorpion SMR","PISCO","den"
"den",-0.447511605206033,0.8867276965939,-0.342676944334661,"Semicossyphus pulcher",10,"Scorpion SMR","PISCO","den"
"den",0.412121648484874,-0.224842305979028,0.315577485709987,"Strongylocentrotus purpuratus",10,"Scorpion SMR","PISCO","den"
"den",-0.762975611272914,0.291769342726623,-0.584239934855991,"Mesocentrotus franciscanus",11,"Scorpion SMR","PISCO","den"
"den",3.22674019528856,1.8546641696959,2.47083976687988,"Panulirus interruptus",11,"Scorpion SMR","PISCO","den"
"den",-0.0215953263854974,0.857580848943973,-0.0165363766472266,"Semicossyphus pulcher",11,"Scorpion SMR","PISCO","den"
"den",-0.188889879290363,-0.3189835270714,-0.14464028619138,"Strongylocentrotus purpuratus",11,"Scorpion SMR","PISCO","den"
"den",-0.997165856452526,0.216446739916724,-0.763568463273007,"Mesocentrotus franciscanus",12,"Scorpion SMR","PISCO","den"
"den",-0.375262878839536,1.94586095795738,-0.287353300220575,"Panulirus interruptus",12,"Scorpion SMR","PISCO","den"
"den",-1.14190882830756,0.828434001294047,-0.87440375498877,"Semicossyphus pulcher",12,"Scorpion SMR","PISCO","den"
"den",-1.70020600796602,-0.413124748163773,-1.30191349849126,"Strongylocentrotus purpuratus",12,"Scorpion SMR","PISCO","den"
"den",-0.0417471086988323,0.141124137106825,-0.0319673757670184,"Mesocentrotus franciscanus",13,"Scorpion SMR","PISCO","den"
"den",2.18181036827347,2.03705774621886,1.67069658399902,"Panulirus interruptus",13,"Scorpion SMR","PISCO","den"
"den",-1.09903209854518,0.799287153644121,-0.841571384683489,"Semicossyphus pulcher",13,"Scorpion SMR","PISCO","den"
"den",-0.934025067611195,-0.507265969256145,-0.715219119186018,"Strongylocentrotus purpuratus",13,"Scorpion SMR","PISCO","den"
"den",-0.366415782519068,0.0658015342969265,-0.280578736392366,"Mesocentrotus franciscanus",14,"Scorpion SMR","PISCO","den"
"den",1.25791826053172,2.12825453448034,0.963236664093493,"Panulirus interruptus",14,"Scorpion SMR","PISCO","den"
"den",-1.14363303485909,0.770140305994195,-0.875724046631728,"Semicossyphus pulcher",14,"Scorpion SMR","PISCO","den"
"den",-1.36464130353475,-0.601407190348517,-1.04495862580561,"Strongylocentrotus purpuratus",14,"Scorpion SMR","PISCO","den"
"den",-0.35581954635212,-0.00952106851297252,-0.272464788532921,"Mesocentrotus franciscanus",15,"Scorpion SMR","PISCO","den"
"den",0.641283282265122,2.21945132274182,0.491055411888907,"Panulirus interruptus",15,"Scorpion SMR","PISCO","den"
"den",-1.02288512666135,0.740993458344269,-0.783262703205887,"Semicossyphus pulcher",15,"Scorpion SMR","PISCO","den"
"den",-1.03616615929598,-0.695548411440889,-0.793432503559446,"Strongylocentrotus purpuratus",15,"Scorpion SMR","PISCO","den"
"den",-0.619311038422901,-0.084843671322872,-0.47423041496718,"Mesocentrotus franciscanus",16,"Scorpion SMR","PISCO","den"
"den",-0.104332561965828,2.3106481110033,-0.0798914779262462,"Panulirus interruptus",16,"Scorpion SMR","PISCO","den"
"den",-0.694492596001191,0.711846610694342,-0.531799841372083,"Semicossyphus pulcher",16,"Scorpion SMR","PISCO","den"
"den",-1.66776240856112,-0.789689632533261,-1.27707017961874,"Strongylocentrotus purpuratus",16,"Scorpion SMR","PISCO","den"
"den",-0.230190023148627,-0.160166274132771,-0.176265403692894,"Mesocentrotus franciscanus",17,"Scorpion SMR","PISCO","den"
"den",0.767449750993281,2.40184489926478,0.587665956684399,"Panulirus interruptus",17,"Scorpion SMR","PISCO","den"
"den",-0.571782865201232,0.682699763044416,-0.437836254503092,"Semicossyphus pulcher",17,"Scorpion SMR","PISCO","den"
"den",-1.57537417128891,-0.883830853625634,-1.20632493307629,"Strongylocentrotus purpuratus",17,"Scorpion SMR","PISCO","den"
"den",-0.156283129131998,-0.23548887694267,-0.119672036476811,"Mesocentrotus franciscanus",18,"Scorpion SMR","PISCO","den"
"den",0.0485088404587399,2.49304168752626,0.0371450952963901,"Panulirus interruptus",18,"Scorpion SMR","PISCO","den"
"den",-0.380043652082169,0.65355291539449,-0.291014123196524,"Semicossyphus pulcher",18,"Scorpion SMR","PISCO","den"
"den",-1.44328589054663,-0.977972074718006,-1.10517982778603,"Strongylocentrotus purpuratus",18,"Scorpion SMR","PISCO","den"
"den",0.126823554399094,-0.310811479752569,0.0971137007075684,"Mesocentrotus franciscanus",19,"Scorpion SMR","PISCO","den"
"den",-0.0227653674815609,2.58423847578774,-0.0174323223676966,"Panulirus interruptus",19,"Scorpion SMR","PISCO","den"
"den",-0.481449534660458,0.624406067744564,-0.368664529521717,"Semicossyphus pulcher",19,"Scorpion SMR","PISCO","den"
"den",-1.23383303929465,-1.07211329581038,-0.944793678657744,"Strongylocentrotus purpuratus",19,"Scorpion SMR","PISCO","den"
"den",-0.454792496818127,-0.386134082562468,-0.348252204642192,"Mesocentrotus franciscanus",20,"Scorpion SMR","PISCO","den"
"den",-1.12359754140153,2.67543526404922,-0.860382094386465,"Panulirus interruptus",20,"Scorpion SMR","PISCO","den"
"den",-0.386390296573021,0.595259220094637,-0.295873994349815,"Semicossyphus pulcher",20,"Scorpion SMR","PISCO","den"
"den",-0.93269695486643,-1.16625451690275,-0.714202131890463,"Strongylocentrotus purpuratus",20,"Scorpion SMR","PISCO","den"
"den",-0.309832943014001,0.891754488463722,-0.237251067751353,"Semicossyphus pulcher",1,"South Point SMR","PISCO","den"
"den",0.87837707956283,0.73200601252576,0.67260730246228,"Mesocentrotus franciscanus",2,"South Point SMR","PISCO","den"
"den",-0.796226319852614,0.796226319852614,-0.609701288439901,"Panulirus interruptus",2,"South Point SMR","PISCO","den"
"den",-0.258081413230361,0.882235722303355,-0.197622919822681,"Semicossyphus pulcher",2,"South Point SMR","PISCO","den"
"den",0.807991581398115,0.290620707269995,0.618710404245634,"Strongylocentrotus purpuratus",2,"South Point SMR","PISCO","den"
"den",-0.16160707520887,0.872716956142988,-0.123748787900017,"Semicossyphus pulcher",3,"South Point SMR","PISCO","den"
"den",0.51952865053945,0.62061696988508,0.397823181321084,"Mesocentrotus franciscanus",4,"South Point SMR","PISCO","den"
"den",-1.01787605935469,1.01787605935469,-0.77942706663548,"Panulirus interruptus",4,"South Point SMR","PISCO","den"
"den",-0.506523246043889,0.863198189982621,-0.387864440093975,"Semicossyphus pulcher",4,"South Point SMR","PISCO","den"
"den",1.80431572099094,0.141594428064369,1.38163433236442,"Strongylocentrotus purpuratus",4,"South Point SMR","PISCO","den"
"den",0.459327964177809,0.564922448564741,0.351725187415968,"Mesocentrotus franciscanus",5,"South Point SMR","PISCO","den"
"den",-1.12870092910573,1.12870092910573,-0.864289955733269,"Panulirus interruptus",5,"South Point SMR","PISCO","den"
"den",-0.0427492076059257,0.853679423822255,-0.0327347216579607,"Semicossyphus pulcher",5,"South Point SMR","PISCO","den"
"den",1.55769296425528,0.0670812884615564,1.19278574900163,"Strongylocentrotus purpuratus",5,"South Point SMR","PISCO","den"
"den",0.569432559526449,0.509227927244401,0.436036534546072,"Mesocentrotus franciscanus",6,"South Point SMR","PISCO","den"
"den",-0.140913510188664,1.23952579885677,-0.10790292480726,"Panulirus interruptus",6,"South Point SMR","PISCO","den"
"den",-0.492762770824,0.844160657661888,-0.377327512009677,"Semicossyphus pulcher",6,"South Point SMR","PISCO","den"
"den",0.908945956322374,-0.00743185114125644,0.696015073697353,"Strongylocentrotus purpuratus",6,"South Point SMR","PISCO","den"
"den",0.447772818447604,0.453533405924062,0.342876965416573,"Mesocentrotus franciscanus",7,"South Point SMR","PISCO","den"
"den",-1.35035066860781,1.35035066860781,-1.03401573392885,"Panulirus interruptus",7,"South Point SMR","PISCO","den"
"den",-0.340984071357896,0.834641891501521,-0.261104691544077,"Semicossyphus pulcher",7,"South Point SMR","PISCO","den"
"den",2.18660922718942,-0.081944990744069,1.67437125587452,"Strongylocentrotus purpuratus",7,"South Point SMR","PISCO","den"
"den",-1.41078237871703,0.397838884603722,-1.0802906316527,"Mesocentrotus franciscanus",8,"South Point SMR","PISCO","den"
"den",-1.46117553835885,1.46117553835885,-1.11887862302664,"Panulirus interruptus",8,"South Point SMR","PISCO","den"
"den",0.827134784275876,0.825123125341154,0.63336909508318,"Semicossyphus pulcher",8,"South Point SMR","PISCO","den"
"den",-0.302332634296054,-0.156458130346882,-0.231507791279563,"Strongylocentrotus purpuratus",8,"South Point SMR","PISCO","den"
"den",-0.0011187222787325,0.342144363283382,-0.00085664891720219,"Mesocentrotus franciscanus",9,"South Point SMR","PISCO","den"
"den",-1.5720004081099,1.5720004081099,-1.20374151212443,"Panulirus interruptus",9,"South Point SMR","PISCO","den"
"den",-0.412767373478893,0.815604359180788,-0.316071942312356,"Semicossyphus pulcher",9,"South Point SMR","PISCO","den"
"den",1.52404750223748,-0.230971269949695,1.16702211744245,"Strongylocentrotus purpuratus",9,"South Point SMR","PISCO","den"
"den",-0.773650317267267,0.806085593020421,-0.592413970097226,"Semicossyphus pulcher",10,"South Point SMR","PISCO","den"
"den",1.07167448484724,0.230755320642704,0.820622601775429,"Mesocentrotus franciscanus",11,"South Point SMR","PISCO","den"
"den",-1.79365014761198,1.79365014761198,-1.37346729032001,"Panulirus interruptus",11,"South Point SMR","PISCO","den"
"den",-1.0641621407451,0.796566826860054,-0.814870109344476,"Semicossyphus pulcher",11,"South Point SMR","PISCO","den"
"den",0.261485964273083,-0.37999754915532,0.20022991623256,"Strongylocentrotus purpuratus",11,"South Point SMR","PISCO","den"
"den",0.154185219015712,0.175060799322364,0.118065585560735,"Mesocentrotus franciscanus",12,"South Point SMR","PISCO","den"
"den",0.0414351316922943,1.90447501736302,0.0317284829069016,"Panulirus interruptus",12,"South Point SMR","PISCO","den"
"den",-0.0578609436565451,0.787048060699687,-0.0443063624225261,"Semicossyphus pulcher",12,"South Point SMR","PISCO","den"
"den",-0.254217613842782,-0.454510688758133,-0.19466425919298,"Strongylocentrotus purpuratus",12,"South Point SMR","PISCO","den"
"den",-0.306023227002263,0.119366278002024,-0.234333820854294,"Mesocentrotus franciscanus",13,"South Point SMR","PISCO","den"
"den",0.549649470347484,2.01529988711406,0.420887858019066,"Panulirus interruptus",13,"South Point SMR","PISCO","den"
"den",-0.666987420139497,0.77752929453932,-0.510738064408034,"Semicossyphus pulcher",13,"South Point SMR","PISCO","den"
"den",0.153558939289283,-0.529023828360946,0.117586018951836,"Strongylocentrotus purpuratus",13,"South Point SMR","PISCO","den"
"den",0.276248521422008,0.0636717566816851,0.211534177207045,"Mesocentrotus franciscanus",14,"South Point SMR","PISCO","den"
"den",1.48479315577912,2.1261247568651,1.13696354613454,"Panulirus interruptus",14,"South Point SMR","PISCO","den"
"den",-0.126156642206558,0.768010528378953,-0.0966030202478463,"Semicossyphus pulcher",14,"South Point SMR","PISCO","den"
"den",0.137342497162922,-0.603536967963758,0.105168462018798,"Strongylocentrotus purpuratus",14,"South Point SMR","PISCO","den"
"den",0.558577913824295,0.00797723536134565,0.427724712511118,"Mesocentrotus franciscanus",15,"South Point SMR","PISCO","den"
"den",0.137956127957534,2.23694962661614,0.105638342851387,"Panulirus interruptus",15,"South Point SMR","PISCO","den"
"den",-0.587397268018416,0.758491762218587,-0.449792806652258,"Semicossyphus pulcher",15,"South Point SMR","PISCO","den"
"den",0.903811662994087,-0.678050107566571,0.692083546718862,"Strongylocentrotus purpuratus",15,"South Point SMR","PISCO","den"
"den",1.53407974783756,-0.0477172859589944,1.17470419591161,"Mesocentrotus franciscanus",16,"South Point SMR","PISCO","den"
"den",1.26314341627704,2.34777449636718,0.967237767938956,"Panulirus interruptus",16,"South Point SMR","PISCO","den"
"den",0.116886882189043,0.74897299605822,0.0895048064796127,"Semicossyphus pulcher",16,"South Point SMR","PISCO","den"
"den",1.1018094890404,-0.752563247169384,0.843698140005711,"Strongylocentrotus purpuratus",16,"South Point SMR","PISCO","den"
"den",0.398989456733895,-0.103411807279334,0.305521658577704,"Mesocentrotus franciscanus",17,"South Point SMR","PISCO","den"
"den",0.485839613048224,2.45859936611822,0.372026182336545,"Panulirus interruptus",17,"South Point SMR","PISCO","den"
"den",0.149720573360414,0.739454229897853,0.114646833705149,"Semicossyphus pulcher",17,"South Point SMR","PISCO","den"
"den",0.179871726682725,-0.827076386772197,0.137734737948209,"Strongylocentrotus purpuratus",17,"South Point SMR","PISCO","den"
"den",-0.47921193315589,-0.159106328599673,-0.366951111506845,"Mesocentrotus franciscanus",18,"South Point SMR","PISCO","den"
"den",0.375014743297183,2.56942423586926,0.287163293238755,"Panulirus interruptus",18,"South Point SMR","PISCO","den"
"den",-0.0964265494972723,0.729935463737486,-0.0738375384013724,"Semicossyphus pulcher",18,"South Point SMR","PISCO","den"
"den",-0.1460684222347,-0.90158952637501,-0.111850240335393,"Strongylocentrotus purpuratus",18,"South Point SMR","PISCO","den"
"den",-0.247618469400369,0.72041669757712,-0.189611039060938,"Semicossyphus pulcher",19,"South Point SMR","PISCO","den"
"den",0.906163522375685,-0.270495371240352,0.693884456409282,"Mesocentrotus franciscanus",20,"South Point SMR","PISCO","den"
"den",0.153365003795102,2.79107397537134,0.117437515043176,"Panulirus interruptus",20,"South Point SMR","PISCO","den"
"den",-0.487754380102543,0.710897931416753,-0.373492393526721,"Semicossyphus pulcher",20,"South Point SMR","PISCO","den"
"den",1.34583258558938,-1.05061580558063,1.03055606301753,"Strongylocentrotus purpuratus",20,"South Point SMR","PISCO","den"
"den",-0.870378749362379,0.154326984202159,-0.666482671679558,"Mesocentrotus franciscanus",2,"Anacapa Island SMR 2003","KFM","den"
"den",1.34542824682833,0.218547291529013,1.03024644518974,"Panulirus interruptus",2,"Anacapa Island SMR 2003","KFM","den"
"den",-3.43044785448676,-0.287058321053606,-2.62682660024807,"Strongylocentrotus purpuratus",2,"Anacapa Island SMR 2003","KFM","den"
"den",-0.813707187297415,0.0304395888246433,-0.623087064742944,"Mesocentrotus franciscanus",3,"Anacapa Island SMR 2003","KFM","den"
"den",2.9306678652574,0.261179287222877,2.24412573270324,"Panulirus interruptus",3,"Anacapa Island SMR 2003","KFM","den"
"den",-2.57282510856654,-0.429764334713595,-1.97011169376304,"Strongylocentrotus purpuratus",3,"Anacapa Island SMR 2003","KFM","den"
"den",-1.58789390972836,-0.0934478065528725,-1.21591178102033,"Mesocentrotus franciscanus",4,"Anacapa Island SMR 2003","KFM","den"
"den",3.07328854716636,0.303811282916741,2.35333590492433,"Panulirus interruptus",4,"Anacapa Island SMR 2003","KFM","den"
"den",-2.0347090700487,-0.572470348373584,-1.55805543056989,"Strongylocentrotus purpuratus",4,"Anacapa Island SMR 2003","KFM","den"
"den",-1.25033876545788,-0.217335201930388,-0.957432751566336,"Mesocentrotus franciscanus",5,"Anacapa Island SMR 2003","KFM","den"
"den",2.31614454841484,0.346443278610605,1.77356146132293,"Panulirus interruptus",5,"Anacapa Island SMR 2003","KFM","den"
"den",-1.01818553582299,-0.715176362033573,-0.77966404473675,"Strongylocentrotus purpuratus",5,"Anacapa Island SMR 2003","KFM","den"
"den",-0.840653559740446,-0.341222597307904,-0.643720944316705,"Mesocentrotus franciscanus",6,"Anacapa Island SMR 2003","KFM","den"
"den",2.63278330384174,0.389075274304469,2.01602400286454,"Panulirus interruptus",6,"Anacapa Island SMR 2003","KFM","den"
"den",0.417690312871983,-0.857882375693562,0.319841627408214,"Strongylocentrotus purpuratus",6,"Anacapa Island SMR 2003","KFM","den"
"den",-0.85120676028498,-0.46510999268542,-0.651801938135596,"Mesocentrotus franciscanus",7,"Anacapa Island SMR 2003","KFM","den"
"den",2.82087961221218,0.431707269998333,2.16005662110991,"Panulirus interruptus",7,"Anacapa Island SMR 2003","KFM","den"
"den",0.474794560255353,-1.00058838935355,0.36356855822793,"Strongylocentrotus purpuratus",7,"Anacapa Island SMR 2003","KFM","den"
"den",-1.03875365879085,-0.588997388062936,-0.795413851998359,"Mesocentrotus franciscanus",8,"Anacapa Island SMR 2003","KFM","den"
"den",3.63653459848111,0.474339265692197,2.78463519085959,"Panulirus interruptus",8,"Anacapa Island SMR 2003","KFM","den"
"den",0.0891474172359497,-1.14329440301354,0.0682636252967737,"Strongylocentrotus purpuratus",8,"Anacapa Island SMR 2003","KFM","den"
"den",-2.61693593537948,-0.712884783440452,-2.00388905991062,"Mesocentrotus franciscanus",9,"Anacapa Island SMR 2003","KFM","den"
"den",4.50909984084004,0.516971261386061,3.45279214479272,"Panulirus interruptus",9,"Anacapa Island SMR 2003","KFM","den"
"den",-1.04400725462047,-1.28600041667353,-0.799436733516334,"Strongylocentrotus purpuratus",9,"Anacapa Island SMR 2003","KFM","den"
"den",-3.01021835633932,-0.836772178817967,-2.30504062046738,"Mesocentrotus franciscanus",10,"Anacapa Island SMR 2003","KFM","den"
"den",5.3779329480025,0.559603257079925,4.11809125845962,"Panulirus interruptus",10,"Anacapa Island SMR 2003","KFM","den"
"den",-3.05371149728488,-1.42870643033352,-2.33834500065631,"Strongylocentrotus purpuratus",10,"Anacapa Island SMR 2003","KFM","den"
"den",-2.22117497899237,-0.960659574195483,-1.70083958891587,"Mesocentrotus franciscanus",11,"Anacapa Island SMR 2003","KFM","den"
"den",2.60771194135011,0.602235252773789,1.99682589092958,"Panulirus interruptus",11,"Anacapa Island SMR 2003","KFM","den"
"den",-3.51285451836559,-1.57141244399351,-2.68992856998986,"Strongylocentrotus purpuratus",11,"Anacapa Island SMR 2003","KFM","den"
"den",-3.77008407604667,-1.084546969573,-2.88689919107158,"Mesocentrotus franciscanus",12,"Anacapa Island SMR 2003","KFM","den"
"den",4.74237632727479,0.644867248467653,3.63142097279771,"Panulirus interruptus",12,"Anacapa Island SMR 2003","KFM","den"
"den",-4.32640076890121,-1.7141184576535,-3.31289239922981,"Strongylocentrotus purpuratus",12,"Anacapa Island SMR 2003","KFM","den"
"den",-1.84870653673212,-1.20843436495051,-1.41562609686337,"Mesocentrotus franciscanus",13,"Anacapa Island SMR 2003","KFM","den"
"den",3.09267163016182,0.687499244161517,2.36817828124575,"Panulirus interruptus",13,"Anacapa Island SMR 2003","KFM","den"
"den",-4.40020434299266,-1.85682447131348,-3.36940665038311,"Strongylocentrotus purpuratus",13,"Anacapa Island SMR 2003","KFM","den"
"den",-1.48394202541441,-1.33232176032803,-1.13631180269544,"Mesocentrotus franciscanus",14,"Anacapa Island SMR 2003","KFM","den"
"den",1.55595485375863,0.730131239855381,1.19145481057014,"Panulirus interruptus",14,"Anacapa Island SMR 2003","KFM","den"
"den",-1.2508440069541,-1.99953048497347,-0.957819634521012,"Strongylocentrotus purpuratus",14,"Anacapa Island SMR 2003","KFM","den"
"den",-2.24096910122308,-1.45620915570555,-1.71599671387733,"Mesocentrotus franciscanus",15,"Anacapa Island SMR 2003","KFM","den"
"den",2.3403162488558,0.772763235549245,1.79207066722982,"Panulirus interruptus",15,"Anacapa Island SMR 2003","KFM","den"
"den",-3.36894959128769,-2.14223649863346,-2.57973500157267,"Strongylocentrotus purpuratus",15,"Anacapa Island SMR 2003","KFM","den"
"den",-1.07314541352415,-1.58009655108306,-0.821748948753864,"Mesocentrotus franciscanus",16,"Anacapa Island SMR 2003","KFM","den"
"den",0.779117030974321,0.815395231243109,0.59660004421663,"Panulirus interruptus",16,"Anacapa Island SMR 2003","KFM","den"
"den",-1.36671423132988,-2.28494251229345,-1.04654594679214,"Strongylocentrotus purpuratus",16,"Anacapa Island SMR 2003","KFM","den"
"den",-3.49188130543001,-1.82787134183809,-2.67386856967246,"Mesocentrotus franciscanus",18,"Anacapa Island SMR 2003","KFM","den"
"den",1.02492502341043,0.900659222630837,0.784824731042939,"Panulirus interruptus",18,"Anacapa Island SMR 2003","KFM","den"
"den",-3.07901085834154,-2.57035453961343,-2.35771769991072,"Strongylocentrotus purpuratus",18,"Anacapa Island SMR 2003","KFM","den"
"den",-3.43731299260089,-1.95175873721561,-2.63208350202227,"Mesocentrotus franciscanus",19,"Anacapa Island SMR 2003","KFM","den"
"den",2.49448386947738,0.9432912183247,1.91012277701952,"Panulirus interruptus",19,"Anacapa Island SMR 2003","KFM","den"
"den",-2.96026271389807,-2.71306055327342,-2.26678765293559,"Strongylocentrotus purpuratus",19,"Anacapa Island SMR 2003","KFM","den"
"den",0.40478916427475,-0.231019889296113,0.309962718954718,"Mesocentrotus franciscanus",12,"Gull Island SMR","KFM","den"
"den",-1.24707990046363,1.49839432874454,-0.954937312598414,"Panulirus interruptus",12,"Gull Island SMR","KFM","den"
"den",-1.29314808801987,-0.860591377376609,-0.990213505571197,"Strongylocentrotus purpuratus",12,"Gull Island SMR","KFM","den"
"den",2.49316771898531,-0.284315103653971,1.90911494968351,"Mesocentrotus franciscanus",13,"Gull Island SMR","KFM","den"
"den",-2.50956009866402,1.61161850545806,-1.92166722880505,"Panulirus interruptus",13,"Gull Island SMR","KFM","den"
"den",-0.289251625968699,-0.932705210016941,-0.22149115727435,"Strongylocentrotus purpuratus",13,"Gull Island SMR","KFM","den"
"den",2.90255967547337,-0.337610318011829,2.22260220465633,"Mesocentrotus franciscanus",14,"Gull Island SMR","KFM","den"
"den",-0.425559698041321,1.72484268217158,-0.325867519993457,"Panulirus interruptus",14,"Gull Island SMR","KFM","den"
"den",-0.209712348229157,-1.00481904265727,-0.160584856000166,"Strongylocentrotus purpuratus",14,"Gull Island SMR","KFM","den"
"den",1.19575670250964,-0.390905532369688,0.915637154918119,"Mesocentrotus franciscanus",15,"Gull Island SMR","KFM","den"
"den",-2.04937595255231,1.8380668588851,-1.56928642976809,"Panulirus interruptus",15,"Gull Island SMR","KFM","den"
"den",0.219360951934217,-1.0769328752976,0.167973165032339,"Strongylocentrotus purpuratus",15,"Gull Island SMR","KFM","den"
"den",2.53019968895355,-0.444200746727547,1.93747176135897,"Mesocentrotus franciscanus",16,"Gull Island SMR","KFM","den"
"den",-3.12136228824887,1.95129103559862,-2.39014782780018,"Panulirus interruptus",16,"Gull Island SMR","KFM","den"
"den",0.883765572175323,-1.14904670793794,0.676733479664251,"Strongylocentrotus purpuratus",16,"Gull Island SMR","KFM","den"
"den",0.502394634581414,-0.550791175443265,0.384703002616494,"Mesocentrotus franciscanus",18,"Gull Island SMR","KFM","den"
"den",0.530310812076545,2.17773938902567,0.406079499427412,"Panulirus interruptus",18,"Gull Island SMR","KFM","den"
"den",0.197683234884671,-1.2932743732186,0.151373698667059,"Strongylocentrotus purpuratus",18,"Gull Island SMR","KFM","den"
"den",0.64954876387788,-0.604086389801123,0.497384610840541,"Mesocentrotus franciscanus",19,"Gull Island SMR","KFM","den"
"den",-1.08265235981466,2.29096356573919,-0.829028785224887,"Panulirus interruptus",19,"Gull Island SMR","KFM","den"
"den",-1.80561837897361,-1.36538820585893,-1.38263182796413,"Strongylocentrotus purpuratus",19,"Gull Island SMR","KFM","den"
"den",-1.85564734227279,-0.13945305097329,-1.42094094011264,"Strongylocentrotus purpuratus",2,"Gull Island SMR","KFM","den"
"den",-0.958878653843861,0.248637039924616,-0.734250471416642,"Mesocentrotus franciscanus",3,"Gull Island SMR","KFM","den"
"den",-2.08881465075695,0.47937673832285,-1.59948616633823,"Panulirus interruptus",3,"Gull Island SMR","KFM","den"
"den",-2.42097576498045,-0.211566883613622,-1.85383477836249,"Strongylocentrotus purpuratus",3,"Gull Island SMR","KFM","den"
"den",1.58115017153051,0.195341825566757,1.21074783985736,"Mesocentrotus franciscanus",4,"Gull Island SMR","KFM","den"
"den",-0.592600915036371,0.592600915036371,-0.453777440433293,"Panulirus interruptus",4,"Gull Island SMR","KFM","den"
"den",0.283680716253954,-0.283680716253954,0.21722529624191,"Strongylocentrotus purpuratus",4,"Gull Island SMR","KFM","den"
"den",0.0721013771967331,0.142046611208899,0.0552108131558334,"Mesocentrotus franciscanus",5,"Gull Island SMR","KFM","den"
"den",-0.705825091749892,0.705825091749892,-0.540477571669296,"Panulirus interruptus",5,"Gull Island SMR","KFM","den"
"den",-0.803076931292024,-0.355794548894286,-0.614947066577432,"Strongylocentrotus purpuratus",5,"Gull Island SMR","KFM","den"
"den",-0.438425145330789,0.08875139685104,-0.335719090574792,"Mesocentrotus franciscanus",6,"Gull Island SMR","KFM","den"
"den",-0.231262603561294,0.819049268463413,-0.17708671999864,"Panulirus interruptus",6,"Gull Island SMR","KFM","den"
"den",-0.60654189692124,0.355227468640334,-0.46445258945235,"Mesocentrotus franciscanus",1,"Gull Island SMR","KFM","den"
"den",-0.252928384895808,0.252928384895808,-0.193677046725286,"Panulirus interruptus",1,"Gull Island SMR","KFM","den"
"den",-3.85132832981385,-0.0673392183329581,-2.9491110584328,"Strongylocentrotus purpuratus",1,"Gull Island SMR","KFM","den"
"den",1.54389443621586,0.301932254282475,1.18221968240166,"Mesocentrotus franciscanus",2,"Gull Island SMR","KFM","den"
"den",-0.366152561609329,0.366152561609329,-0.280377177961289,"Panulirus interruptus",2,"Gull Island SMR","KFM","den"
"den",1.65620173244073,-0.716363712095945,1.26821772278569,"Strongylocentrotus purpuratus",10,"Gull Island SMR","KFM","den"
"den",-0.521731674814957,-0.177724674938253,-0.399510122214333,"Mesocentrotus franciscanus",11,"Gull Island SMR","KFM","den"
"den",-0.874344528265027,1.38517015203102,-0.669519421968169,"Panulirus interruptus",11,"Gull Island SMR","KFM","den"
"den",-0.122874905497295,-0.788477544736277,-0.0940900675231377,"Strongylocentrotus purpuratus",11,"Gull Island SMR","KFM","den"
"den",-0.283863888829042,-0.0178390318646774,-0.217365558567147,"Mesocentrotus franciscanus",8,"Gull Island SMR","KFM","den"
"den",-1.04549762189046,1.04549762189046,-0.800577965377303,"Panulirus interruptus",8,"Gull Island SMR","KFM","den"
"den",0.860006780714656,-0.572136046815282,0.658540454133489,"Strongylocentrotus purpuratus",8,"Gull Island SMR","KFM","den"
"den",-1.7693161958016,-0.427908381534618,-1.35483384226423,"Strongylocentrotus purpuratus",6,"Gull Island SMR","KFM","den"
"den",0.143592048955804,0.0354561824931815,0.109953985538038,"Mesocentrotus franciscanus",7,"Gull Island SMR","KFM","den"
"den",-0.932273445176934,0.932273445176934,-0.7138778341413,"Panulirus interruptus",7,"Gull Island SMR","KFM","den"
"den",-0.0601091705751956,-0.500022214174949,-0.0460279167279153,"Strongylocentrotus purpuratus",7,"Gull Island SMR","KFM","den"
"den",1.03732194924131,-0.0711342462225363,0.794317536622615,"Mesocentrotus franciscanus",9,"Gull Island SMR","KFM","den"
"den",-2.76815971103808,1.15872179860398,-2.11968695375424,"Panulirus interruptus",9,"Gull Island SMR","KFM","den"
"den",3.40710831705281,-0.644249879455613,2.60895461374089,"Strongylocentrotus purpuratus",9,"Gull Island SMR","KFM","den"
"den",0.739438436831197,-0.124429460580395,0.566216610048032,"Mesocentrotus franciscanus",10,"Gull Island SMR","KFM","den"
"den",-2.37055826398561,1.2719459753175,-1.81522814787311,"Panulirus interruptus",10,"Gull Island SMR","KFM","den"
"den",1.75815862186537,0.246988223731527,1.3462900563642,"Mesocentrotus franciscanus",10,"Harris Point SMR","KFM","den"
"den",-1.64336365962942,1.64336365962942,-1.25838711390103,"Panulirus interruptus",10,"Harris Point SMR","KFM","den"
"den",0.651507061833274,-0.344946027784024,0.498884155325298,"Strongylocentrotus purpuratus",10,"Harris Point SMR","KFM","den"
"den",2.71426262420237,0.451460593688104,2.07841586980794,"Mesocentrotus franciscanus",7,"Harris Point SMR","KFM","den"
"den",-1.34827785637186,1.34827785637186,-1.03242850143044,"Panulirus interruptus",7,"Harris Point SMR","KFM","den"
"den",-3.5447577270642,-0.0840178029800265,-2.7143580907981,"Strongylocentrotus purpuratus",7,"Harris Point SMR","KFM","den"
"den",2.26247013454479,0.383303137035912,1.73246088667867,"Mesocentrotus franciscanus",8,"Harris Point SMR","KFM","den"
"den",-1.44663979079104,1.44663979079104,-1.10774803892064,"Panulirus interruptus",8,"Harris Point SMR","KFM","den"
"den",-0.277554816329783,-0.170993877914693,-0.212534457740977,"Strongylocentrotus purpuratus",8,"Harris Point SMR","KFM","den"
"den",1.88520389949563,0.315145680383719,1.44357353912538,"Mesocentrotus franciscanus",9,"Harris Point SMR","KFM","den"
"den",-1.54500172521023,1.54500172521023,-1.18306757641083,"Panulirus interruptus",9,"Harris Point SMR","KFM","den"
"den",0.755808381088538,-0.257969952849358,0.578751709499703,"Strongylocentrotus purpuratus",9,"Harris Point SMR","KFM","den"
"den",2.05763251959236,0.792247876949067,1.57560880248662,"Mesocentrotus franciscanus",2,"Harris Point SMR","KFM","den"
"den",-0.856468184275922,0.856468184275922,-0.655830813979463,"Panulirus interruptus",2,"Harris Point SMR","KFM","den"
"den",3.36270949501101,0.350862571693302,2.57495671850789,"Strongylocentrotus purpuratus",2,"Harris Point SMR","KFM","den"
"den",1.26874191612608,0.724090420296875,0.971524755804312,"Mesocentrotus franciscanus",3,"Harris Point SMR","KFM","den"
"den",-0.954830118695109,0.954830118695109,-0.731150351469658,"Panulirus interruptus",3,"Harris Point SMR","KFM","den"
"den",1.89855196449216,0.263886496758637,1.45379466875102,"Strongylocentrotus purpuratus",3,"Harris Point SMR","KFM","den"
"den",2.84460686134974,0.655932963644682,2.17822549346392,"Mesocentrotus franciscanus",4,"Harris Point SMR","KFM","den"
"den",-1.0531920531143,1.0531920531143,-0.806469888959854,"Panulirus interruptus",4,"Harris Point SMR","KFM","den"
"den",0.710392773176932,0.176910421823971,0.543975222000379,"Strongylocentrotus purpuratus",4,"Harris Point SMR","KFM","den"
"den",3.23941556291896,0.58777550699249,2.48054578611463,"Mesocentrotus franciscanus",5,"Harris Point SMR","KFM","den"
"den",-1.15155398753348,1.15155398753348,-0.88178942645005,"Panulirus interruptus",5,"Harris Point SMR","KFM","den"
"den",0.830122867780327,0.089934346889305,0.635657186191456,"Strongylocentrotus purpuratus",5,"Harris Point SMR","KFM","den"
"den",2.56960456630103,0.519618050340297,1.96764559999071,"Mesocentrotus franciscanus",6,"Harris Point SMR","KFM","den"
"den",-1.24991592195267,1.24991592195267,-0.957108963940245,"Panulirus interruptus",6,"Harris Point SMR","KFM","den"
"den",-2.87463789683865,0.00295827195463905,-2.20122141883619,"Strongylocentrotus purpuratus",6,"Harris Point SMR","KFM","den"
"den",2.61511908215982,0.178830767079334,2.00249782513061,"Mesocentrotus franciscanus",11,"Harris Point SMR","KFM","den"
"den",-1.74172559404861,1.74172559404861,-1.33370665139122,"Panulirus interruptus",11,"Harris Point SMR","KFM","den"
"den",2.15712533910569,-0.43192210271869,1.65179430243219,"Strongylocentrotus purpuratus",11,"Harris Point SMR","KFM","den"
"den",3.65273919554936,0.110673310427141,2.7970436775735,"Mesocentrotus franciscanus",12,"Harris Point SMR","KFM","den"
"den",-1.84008752846779,1.84008752846779,-1.40902618888142,"Panulirus interruptus",12,"Harris Point SMR","KFM","den"
"den",4.04658921350299,-0.518898177653356,3.09862986910113,"Strongylocentrotus purpuratus",12,"Harris Point SMR","KFM","den"
"den",0.984190468612682,0.0425158537749484,0.753632706960123,"Mesocentrotus franciscanus",13,"Harris Point SMR","KFM","den"
"den",-1.93844946288698,1.93844946288698,-1.48434572637161,"Panulirus interruptus",13,"Harris Point SMR","KFM","den"
"den",3.3774242295386,-0.605874252588021,2.5862243598516,"Strongylocentrotus purpuratus",13,"Harris Point SMR","KFM","den"
"den",2.91095005881686,-0.0256416028772438,2.22902704569396,"Mesocentrotus franciscanus",14,"Harris Point SMR","KFM","den"
"den",-2.03681139730617,2.03681139730617,-1.55966526386181,"Panulirus interruptus",14,"Harris Point SMR","KFM","den"
"den",4.93526787191603,-0.692850327522687,3.77912548891908,"Strongylocentrotus purpuratus",14,"Harris Point SMR","KFM","den"
"den",0.0363326216611783,-0.0937990595294363,0.0278212936283246,"Mesocentrotus franciscanus",15,"Harris Point SMR","KFM","den"
"den",-2.13517333172535,2.13517333172535,-1.63498480135201,"Panulirus interruptus",15,"Harris Point SMR","KFM","den"
"den",2.75454600001062,-0.779826402457353,2.10926240868843,"Strongylocentrotus purpuratus",15,"Harris Point SMR","KFM","den"
"den",0.860664415426271,-0.161956516181629,0.659044030467249,"Mesocentrotus franciscanus",16,"Harris Point SMR","KFM","den"
"den",-2.23353526614454,2.23353526614454,-1.7103043388422,"Panulirus interruptus",16,"Harris Point SMR","KFM","den"
"den",2.40987634334319,-0.866802477392019,1.84533552192693,"Strongylocentrotus purpuratus",16,"Harris Point SMR","KFM","den"
"den",0.704807774975677,-0.298271429486014,0.539698572868923,"Mesocentrotus franciscanus",18,"Harris Point SMR","KFM","den"
"den",-1.33164684631481,2.43025913498292,-1.01969349379879,"Panulirus interruptus",18,"Harris Point SMR","KFM","den"
"den",2.75177166445692,-1.04075462726135,2.10713799265309,"Strongylocentrotus purpuratus",18,"Harris Point SMR","KFM","den"
"den",0.758596966102882,-0.366428886138207,0.58088703689818,"Mesocentrotus franciscanus",19,"Harris Point SMR","KFM","den"
"den",-2.5286210694021,2.5286210694021,-1.93626295131279,"Panulirus interruptus",19,"Harris Point SMR","KFM","den"
"den",2.26576953802136,-1.12773070219602,1.73498736753039,"Strongylocentrotus purpuratus",19,"Harris Point SMR","KFM","den"
"den",-0.53240772397102,0.86040533360126,-0.407685185966439,"Mesocentrotus franciscanus",1,"Harris Point SMR","KFM","den"
"den",-0.758106249856734,0.758106249856734,-0.580511276489267,"Panulirus interruptus",1,"Harris Point SMR","KFM","den"
"den",0.245304602867458,0.437838646627968,0.187839221964193,"Strongylocentrotus purpuratus",1,"Harris Point SMR","KFM","den"
"den",-0.478230601996068,0.944850133257563,-0.366199668283215,"Mesocentrotus franciscanus",1,"Scorpion SMR","KFM","den"
"den",0.256061239155072,0.842551049513038,0.196075994399763,"Panulirus interruptus",1,"Scorpion SMR","KFM","den"
"den",0.111967323039732,0.522283446284271,0.0857377097671521,"Strongylocentrotus purpuratus",1,"Scorpion SMR","KFM","den"
"den",-0.450817195589479,0.869527530447664,-0.345208162740271,"Mesocentrotus franciscanus",2,"Scorpion SMR","KFM","den"
"den",1.01216231128079,0.933747837774519,0.77505182874693,"Panulirus interruptus",2,"Scorpion SMR","KFM","den"
"den",0.152209461222702,0.428142225191899,0.116552671403029,"Strongylocentrotus purpuratus",2,"Scorpion SMR","KFM","den"
"den",0.346966975449145,0.794204927637765,0.265686032605149,"Mesocentrotus franciscanus",3,"Scorpion SMR","KFM","den"
"den",0.920965523019311,1.024944626036,0.705218920793199,"Panulirus interruptus",3,"Scorpion SMR","KFM","den"
"den",0.843641333927733,0.334001004099527,0.646008798568865,"Strongylocentrotus purpuratus",3,"Scorpion SMR","KFM","den"
"den",-0.0555881074176021,0.718882324827866,-0.042565963808784,"Mesocentrotus franciscanus",4,"Scorpion SMR","KFM","den"
"den",1.28175385850089,1.11614141429748,0.981488503338429,"Panulirus interruptus",4,"Scorpion SMR","KFM","den"
"den",1.15287928355538,0.239859783007155,0.88280425687196,"Strongylocentrotus purpuratus",4,"Scorpion SMR","KFM","den"
"den",-0.511291753440216,0.643559722017967,-0.391515870637007,"Mesocentrotus franciscanus",5,"Scorpion SMR","KFM","den"
"den",2.28916935890752,1.20733820255896,1.7529055154085,"Panulirus interruptus",5,"Scorpion SMR","KFM","den"
"den",0.565180564103613,0.145718561914783,0.432780617198071,"Strongylocentrotus purpuratus",5,"Scorpion SMR","KFM","den"
"den",0.862509004482652,0.568237119208068,0.660456503650157,"Mesocentrotus franciscanus",6,"Scorpion SMR","KFM","den"
"den",0.227521312674609,1.29853499082044,0.174221868866285,"Panulirus interruptus",6,"Scorpion SMR","KFM","den"
"den",2.65932592926221,0.0515773408224103,2.03634871772756,"Strongylocentrotus purpuratus",6,"Scorpion SMR","KFM","den"
"den",-0.0229108871524342,0.492914516398169,-0.0175437524078907,"Mesocentrotus franciscanus",7,"Scorpion SMR","KFM","den"
"den",1.4434815649743,1.38973177908192,1.10532966326331,"Panulirus interruptus",7,"Scorpion SMR","KFM","den"
"den",0.677135760039451,-0.0425638802699617,0.518509040772736,"Strongylocentrotus purpuratus",7,"Scorpion SMR","KFM","den"
"den",0.0892256887801819,0.41759191358827,0.0683235608454697,"Mesocentrotus franciscanus",8,"Scorpion SMR","KFM","den"
"den",1.81490829866093,1.4809285673434,1.38974547877124,"Panulirus interruptus",8,"Scorpion SMR","KFM","den"
"den",1.13209391271765,-0.136705101362334,0.866888094513989,"Strongylocentrotus purpuratus",8,"Scorpion SMR","KFM","den"
"den",-0.145559016532317,0.342269310778371,-0.111460168686996,"Mesocentrotus franciscanus",9,"Scorpion SMR","KFM","den"
"den",2.14144671109943,1.57212535560488,1.63978857057173,"Panulirus interruptus",9,"Scorpion SMR","KFM","den"
"den",1.12298550075171,-0.230846322454706,0.859913431189246,"Strongylocentrotus purpuratus",9,"Scorpion SMR","KFM","den"
"den",-0.0123044895948911,0.266946707968472,-0.00942202357865932,"Mesocentrotus franciscanus",10,"Scorpion SMR","KFM","den"
"den",0.901627213595176,1.66332214386636,0.690410829327035,"Panulirus interruptus",10,"Scorpion SMR","KFM","den"
"den",1.04767024373253,-0.324987543547078,0.802241625951412,"Strongylocentrotus purpuratus",10,"Scorpion SMR","KFM","den"
"den",0.292172846219498,0.191624105158573,0.223728048603261,"Mesocentrotus franciscanus",11,"Scorpion SMR","KFM","den"
"den",1.54131793387649,1.75451893212784,1.18024675491005,"Panulirus interruptus",11,"Scorpion SMR","KFM","den"
"den",0.0797007403735191,-0.33563411451072,0.0610299394578461,"Mesocentrotus franciscanus",18,"Scorpion SMR","KFM","den"
"den",1.9245916635781,2.39289644995821,1.47373427346821,"Panulirus interruptus",18,"Scorpion SMR","KFM","den"
"den",1.17342749209038,-1.07811731228606,0.898538814882105,"Strongylocentrotus purpuratus",18,"Scorpion SMR","KFM","den"
"den",-1.34508466930536,-0.410956717320619,-1.029983354592,"Mesocentrotus franciscanus",19,"Scorpion SMR","KFM","den"
"den",2.53318659859523,2.48409323821969,1.93975895359512,"Panulirus interruptus",19,"Scorpion SMR","KFM","den"
"den",0.957368123820939,-1.17225853337843,0.733093800155922,"Strongylocentrotus purpuratus",19,"Scorpion SMR","KFM","den"
"den",0.698274506068945,-0.41912876463945,0.534695796182395,"Strongylocentrotus purpuratus",11,"Scorpion SMR","KFM","den"
"den",-1.12790241402715,0.116301502348674,-0.86367850185375,"Mesocentrotus franciscanus",12,"Scorpion SMR","KFM","den"
"den",2.32867154950632,1.84571572038933,1.78315387056051,"Panulirus interruptus",12,"Scorpion SMR","KFM","den"
"den",0.455528991042306,-0.513269985731823,0.34881616675474,"Strongylocentrotus purpuratus",12,"Scorpion SMR","KFM","den"
"den",-0.408703679664092,0.0409788995387748,-0.312960214788493,"Mesocentrotus franciscanus",13,"Scorpion SMR","KFM","den"
"den",2.35354693249758,1.93691250865081,1.80220191341222,"Panulirus interruptus",13,"Scorpion SMR","KFM","den"
"den",0.074112727206146,-0.607411206824195,0.0567509816502253,"Strongylocentrotus purpuratus",13,"Scorpion SMR","KFM","den"
"den",-0.233920283323555,-0.0343437032711238,-0.179121808182626,"Mesocentrotus franciscanus",14,"Scorpion SMR","KFM","den"
"den",2.71682283145096,2.02810929691229,2.08037631951831,"Panulirus interruptus",14,"Scorpion SMR","KFM","den"
"den",0.622415107357843,-0.701552427916567,0.476607320605505,"Strongylocentrotus purpuratus",14,"Scorpion SMR","KFM","den"
"den",0.109666306081023,-0.109666306081023,0.0839757320863508,"Mesocentrotus franciscanus",15,"Scorpion SMR","KFM","den"
"den",1.57787217175486,2.11930608517377,1.20823774864725,"Panulirus interruptus",15,"Scorpion SMR","KFM","den"
"den",1.30273854993502,-0.795693649008939,0.997557293186111,"Strongylocentrotus purpuratus",15,"Scorpion SMR","KFM","den"
"den",0.408132460205131,-0.184988908890922,0.312522809955939,"Mesocentrotus franciscanus",16,"Scorpion SMR","KFM","den"
"den",1.00837295143295,2.21050287343525,0.772150169351875,"Panulirus interruptus",16,"Scorpion SMR","KFM","den"
"den",1.50420117280814,-0.889834870101312,1.15182501540981,"Strongylocentrotus purpuratus",16,"Scorpion SMR","KFM","den"
"den",0.242388612594335,0.190475469701944,0.185606335431466,"Strongylocentrotus purpuratus",2,"South Point SMR","KFM","den"
"den",0.498494286773481,0.186304604394993,0.381716355447758,"Mesocentrotus franciscanus",10,"South Point SMR","KFM","den"
"den",-1.58268004029289,1.58268004029289,-1.21191931953883,"Panulirus interruptus",10,"South Point SMR","KFM","den"
"den",0.241884475899539,-0.405629647120558,0.185220298465966,"Strongylocentrotus purpuratus",10,"South Point SMR","KFM","den"
"den",-0.0809311461004957,0.57616625363737,-0.0619721087109051,"Mesocentrotus franciscanus",3,"South Point SMR","KFM","den"
"den",-0.806905952035604,0.806905952035604,-0.617879095854304,"Panulirus interruptus",3,"South Point SMR","KFM","den"
"den",0.102726870865698,0.115962330099132,0.0786619381482005,"Strongylocentrotus purpuratus",3,"South Point SMR","KFM","den"
"den",0.04834114909931,0.52047173231703,0.0370166875367426,"Mesocentrotus franciscanus",4,"South Point SMR","KFM","den"
"den",-0.917730821786644,0.917730821786644,-0.702741984952093,"Panulirus interruptus",4,"South Point SMR","KFM","den"
"den",1.11351603472292,0.0414491904963188,0.852662294804227,"Strongylocentrotus purpuratus",4,"South Point SMR","KFM","den"
"den",0.0864757105729723,0.464777210996691,0.0662177961723957,"Mesocentrotus franciscanus",5,"South Point SMR","KFM","den"
"den",0.580882220896416,1.02855569153768,0.444803983091056,"Panulirus interruptus",5,"South Point SMR","KFM","den"
"den",0.508487645821569,-0.0330639491064939,0.389368656980053,"Strongylocentrotus purpuratus",5,"South Point SMR","KFM","den"
"den",0.393263782848586,0.409082689676351,0.301137288634111,"Mesocentrotus franciscanus",6,"South Point SMR","KFM","den"
"den",-1.13938056128872,1.13938056128872,-0.872467763147672,"Panulirus interruptus",6,"South Point SMR","KFM","den"
"den",0.595929856623239,-0.107577088709307,0.456326539758508,"Strongylocentrotus purpuratus",6,"South Point SMR","KFM","den"
"den",0.351946028307177,0.353388168356012,0.269498685951392,"Mesocentrotus franciscanus",7,"South Point SMR","KFM","den"
"den",-1.25020543103976,1.25020543103976,-0.957330652245461,"Panulirus interruptus",7,"South Point SMR","KFM","den"
"den",1.16546725340264,-0.182090228312119,0.892443352243918,"Strongylocentrotus purpuratus",7,"South Point SMR","KFM","den"
"den",0.510552003809988,0.297693647035672,0.390949415734139,"Mesocentrotus franciscanus",8,"South Point SMR","KFM","den"
"den",-0.262418012122695,1.3610303007908,-0.200943621319452,"Panulirus interruptus",8,"South Point SMR","KFM","den"
"den",0.813889781398537,-0.256603367914932,0.623226884108293,"Strongylocentrotus purpuratus",8,"South Point SMR","KFM","den"
"den",0.478814587562752,0.241999125715332,0.366646848618202,"Mesocentrotus franciscanus",9,"South Point SMR","KFM","den"
"den",-1.47185517054184,1.47185517054184,-1.12705643044104,"Panulirus interruptus",9,"South Point SMR","KFM","den"
"den",1.6223457568409,-0.331116507517745,1.24229289283479,"Strongylocentrotus purpuratus",9,"South Point SMR","KFM","den"
"den",0.557771965346427,-0.314946087488063,0.427107566590266,"Mesocentrotus franciscanus",19,"South Point SMR","KFM","den"
"den",-1.73280600766504,2.58010386805225,-1.32687657911803,"Panulirus interruptus",19,"South Point SMR","KFM","den"
"den",0.189976629385027,-1.07624790354587,0.145472452770666,"Strongylocentrotus purpuratus",19,"South Point SMR","KFM","den"
"den",0.505929571966671,0.130610083074653,0.387409840891752,"Mesocentrotus franciscanus",11,"South Point SMR","KFM","den"
"den",-0.084066997609825,1.69350491004393,-0.0643733514956804,"Panulirus interruptus",11,"South Point SMR","KFM","den"
"den",0.0149584439135832,-0.48014278672337,0.0114542590464177,"Strongylocentrotus purpuratus",11,"South Point SMR","KFM","den"
"den",0.122665433460985,0.0749155617543135,0.0939296666832681,"Mesocentrotus franciscanus",12,"South Point SMR","KFM","den"
"den",0.593565493003405,1.80432977979497,0.454516055089249,"Panulirus interruptus",12,"South Point SMR","KFM","den"
"den",-0.250807220000173,-0.554655926326183,-0.192052788725247,"Strongylocentrotus purpuratus",12,"South Point SMR","KFM","den"
"den",-0.380487935668403,0.019221040433974,-0.291354328321883,"Mesocentrotus franciscanus",13,"South Point SMR","KFM","den"
"den",-1.91515464954601,1.91515464954601,-1.4665079868322,"Panulirus interruptus",13,"South Point SMR","KFM","den"
"den",-0.189497534223828,-0.629169065928996,-0.145105591075963,"Strongylocentrotus purpuratus",13,"South Point SMR","KFM","den"
"den",0.511581022050276,-0.0364734808863652,0.391737374799657,"Mesocentrotus franciscanus",14,"South Point SMR","KFM","den"
"den",0.538969838164494,2.02597951929705,0.412710050604663,"Panulirus interruptus",14,"South Point SMR","KFM","den"
"den",-0.163324609723986,-0.703682205531808,-0.12506397050664,"Strongylocentrotus purpuratus",14,"South Point SMR","KFM","den"
"den",0.763046221298008,-0.0921680022067046,0.584294003683161,"Mesocentrotus franciscanus",15,"South Point SMR","KFM","den"
"den",1.15903247695624,2.13680438904809,0.88751599504362,"Panulirus interruptus",15,"South Point SMR","KFM","den"
"den",-0.047626410551789,-0.778195345134621,-0.0364693845872471,"Strongylocentrotus purpuratus",15,"South Point SMR","KFM","den"
"den",1.24812770513345,-0.147862523527045,0.955739657159621,"Mesocentrotus franciscanus",16,"South Point SMR","KFM","den"
"den",-1.73680363503314,2.24762925879913,-1.32993771700843,"Panulirus interruptus",16,"South Point SMR","KFM","den"
"den",0.0767958059718601,-0.852708484737434,0.0588055188335031,"Strongylocentrotus purpuratus",16,"South Point SMR","KFM","den"
"den",0.754154192154261,-0.259251566167724,0.577485033054319,"Mesocentrotus franciscanus",18,"South Point SMR","KFM","den"
"den",-1.23251637115228,2.46927899830121,-0.943785454936876,"Panulirus interruptus",18,"South Point SMR","KFM","den"
"den",0.256253699491269,-1.00173476394306,0.196223368722901,"Strongylocentrotus purpuratus",18,"South Point SMR","KFM","den"
"den",0.934887728781341,0.631860774957709,0.715879692208802,"Mesocentrotus franciscanus",2,"South Point SMR","KFM","den"
"den",-0.696081082284564,0.696081082284564,-0.533016206756514,"Panulirus interruptus",2,"South Point SMR","KFM","den"
"den",-0.243625901459944,0.243625901459944,-0.186553775369993,"Panulirus interruptus",1,"Campus Point SMCA","LTER","den"
"den",-0.0250557371903194,0.310441597381749,-0.0191861470374115,"Panulirus interruptus",2,"Campus Point SMCA","LTER","den"
"den",-1.14052564500398,0.377257293303555,-0.873344598036394,"Panulirus interruptus",3,"Campus Point SMCA","LTER","den"
"den",-1.46708253715052,0.44407298922536,-1.12340184046406,"Panulirus interruptus",4,"Campus Point SMCA","LTER","den"
"den",-0.272415524814584,0.510888685147165,-0.208599103457454,"Panulirus interruptus",5,"Campus Point SMCA","LTER","den"
"den",0.178198644522379,0.57770438106897,0.136453594228899,"Panulirus interruptus",6,"Campus Point SMCA","LTER","den"
"den",-0.50715401609214,0.644520076990775,-0.388347445115963,"Panulirus interruptus",7,"Campus Point SMCA","LTER","den"
"den",0.0411242208843393,0.711335772912581,0.0314904064762768,"Panulirus interruptus",8,"Campus Point SMCA","LTER","den"
"den",0.186597917177987,0.778151468834386,0.142885242156627,"Panulirus interruptus",9,"Campus Point SMCA","LTER","den"
"den",-1.01947205557522,0.844967164756191,-0.78064918266925,"Panulirus interruptus",10,"Campus Point SMCA","LTER","den"
"den",-0.955328415665292,0.911782860677996,-0.731531916732162,"Panulirus interruptus",11,"Campus Point SMCA","LTER","den"
"den",-0.400462468787447,0.80268608297144,-0.30664960087821,"Panulirus interruptus",1,"Naples SMCA","LTER","den"
"den",-0.680546770894557,0.912984672051107,-0.521120983710802,"Panulirus interruptus",2,"Naples SMCA","LTER","den"
"den",-0.111691050038174,1.02328326113077,-0.0855261568445581,"Panulirus interruptus",3,"Naples SMCA","LTER","den"
"den",-0.43602937618258,1.13358185021044,-0.333884557477798,"Panulirus interruptus",4,"Naples SMCA","LTER","den"
"den",-0.989188530240974,1.24388043929011,-0.757459916056948,"Panulirus interruptus",5,"Naples SMCA","LTER","den"
"den",0.0703303818432324,1.35417902836978,0.0538546935175748,"Panulirus interruptus",6,"Naples SMCA","LTER","den"
"den",-0.58327820538656,1.46447761744945,-0.446638681083699,"Panulirus interruptus",7,"Naples SMCA","LTER","den"
"den",0.395087183548697,1.57477620652911,0.30253353707313,"Panulirus interruptus",8,"Naples SMCA","LTER","den"
"den",0.333156015026159,1.68507479560878,0.255110446048244,"Panulirus interruptus",9,"Naples SMCA","LTER","den"
"den",-1.83793299910724,1.79537338468845,-1.40737638242017,"Panulirus interruptus",10,"Naples SMCA","LTER","den"
"den",-2.20088059560625,1.90567197376812,-1.68529939463932,"Panulirus interruptus",11,"Naples SMCA","LTER","den"
"den",-0.555339455479919,0.449978939822092,-0.425244899704264,"Semicossyphus pulcher",1,"Campus Point SMCA","LTER","den"
"den",0.70216128883562,0.39645099983249,0.537672056074389,"Semicossyphus pulcher",2,"Campus Point SMCA","LTER","den"
"den",-1.54689586416883,0.342923059842889,-1.18451799187029,"Semicossyphus pulcher",3,"Campus Point SMCA","LTER","den"
"den",-2.62477003567033,0.289395119853287,-2.0098879334997,"Semicossyphus pulcher",4,"Campus Point SMCA","LTER","den"
"den",-2.57124209568072,0.235867179863685,-1.96889951957081,"Semicossyphus pulcher",5,"Campus Point SMCA","LTER","den"
"den",0.28028428207403,0.182339239874083,0.214624515227808,"Semicossyphus pulcher",6,"Campus Point SMCA","LTER","den"
"den",0.969800988783629,0.128811299884481,0.742614125718827,"Semicossyphus pulcher",7,"Campus Point SMCA","LTER","den"
"den",-1.82930250114009,0.0752833598948798,-1.40076767632838,"Semicossyphus pulcher",8,"Campus Point SMCA","LTER","den"
"den",-0.657744186625275,0.0217554199052782,-0.503660163009328,"Semicossyphus pulcher",9,"Campus Point SMCA","LTER","den"
"den",-1.17220028424162,-0.0317725200843237,-0.897599094368075,"Semicossyphus pulcher",10,"Campus Point SMCA","LTER","den"
"den",-1.11867234425201,-0.0853004600739256,-0.856610680439187,"Semicossyphus pulcher",11,"Campus Point SMCA","LTER","den"
"den",0.00741990151242378,0.938723793511412,0.00568170556464317,"Semicossyphus pulcher",8,"Naples SMCA","LTER","den"
"den",0.635296791677667,0.928678746679673,0.486471324508976,"Semicossyphus pulcher",9,"Naples SMCA","LTER","den"
"den",0.996185862137346,0.918633699847934,0.762818043723024,"Semicossyphus pulcher",10,"Naples SMCA","LTER","den"
"den",2.05324206886212,0.908588653016194,1.57224686455475,"Semicossyphus pulcher",11,"Naples SMCA","LTER","den"
"den",1.2245531001735,1.00903912133359,0.937687670356164,"Semicossyphus pulcher",1,"Naples SMCA","LTER","den"
"den",1.77359464773793,0.998994074501848,1.35811001838786,"Semicossyphus pulcher",2,"Naples SMCA","LTER","den"
"den",1.83441201994309,0.988949027670109,1.40468023249467,"Semicossyphus pulcher",3,"Naples SMCA","LTER","den"
"den",0.596632379920051,0.978903980838369,0.456864489018091,"Semicossyphus pulcher",4,"Naples SMCA","LTER","den"
"den",1.03647463551948,0.96885893400663,0.793668715734591,"Semicossyphus pulcher",5,"Naples SMCA","LTER","den"
"den",0.658286898004779,0.958813887174891,0.504075738102847,"Semicossyphus pulcher",6,"Naples SMCA","LTER","den"
"den",-0.869780429024521,0.948768840343151,-0.666024514655862,"Semicossyphus pulcher",7,"Naples SMCA","LTER","den"
"den",-1.23236691936431,0.226845053762211,-0.943671013922544,"Semicossyphus pulcher",3,"Anacapa Island SMR 2003","KFM","den"
"den",-0.940545460699752,0.304556693979754,-0.720212036360577,"Semicossyphus pulcher",2,"Anacapa Island SMR 2003","KFM","den"
"den",-1.43234598226013,-0.0840015071079607,-1.09680271689257,"Semicossyphus pulcher",7,"Anacapa Island SMR 2003","KFM","den"
"den",-2.48450832936171,0.149133413544668,-1.90248412013295,"Semicossyphus pulcher",4,"Anacapa Island SMR 2003","KFM","den"
"den",-0.0714217733271255,0.0714217733271255,-0.0546904141881062,"Semicossyphus pulcher",5,"Anacapa Island SMR 2003","KFM","den"
"den",-0.258402687336664,-0.00628986689041761,-0.197868931831669,"Semicossyphus pulcher",6,"Anacapa Island SMR 2003","KFM","den"
"den",1.33930967681898,-0.394848067978133,1.02556121948809,"Semicossyphus pulcher",11,"Anacapa Island SMR 2003","KFM","den"
"den",0.0235628088446866,-0.161713147325504,0.0180429540617645,"Semicossyphus pulcher",8,"Anacapa Island SMR 2003","KFM","den"
"den",0.134064271885221,-0.239424787543047,0.102658198133047,"Semicossyphus pulcher",9,"Anacapa Island SMR 2003","KFM","den"
"den",2.07499434531296,-0.31713642776059,1.58890342393731,"Semicossyphus pulcher",10,"Anacapa Island SMR 2003","KFM","den"
"den",1.08762923954627,-0.705694628848305,0.832839774524186,"Semicossyphus pulcher",15,"Anacapa Island SMR 2003","KFM","den"
"den",0.532091840784942,-0.783406269065848,0.40744330199357,"Semicossyphus pulcher",16,"Anacapa Island SMR 2003","KFM","den"
"den",2.03744183816904,-0.938829549500934,1.56014801681383,"Semicossyphus pulcher",18,"Anacapa Island SMR 2003","KFM","den"
"den",1.66316835464353,-1.01654118971848,1.27355233485165,"Semicossyphus pulcher",19,"Anacapa Island SMR 2003","KFM","den"
"den",0.848171853154159,-0.472559708195676,0.649477992365629,"Semicossyphus pulcher",12,"Anacapa Island SMR 2003","KFM","den"
"den",0.14234014780986,-0.550271348413218,0.108995356411306,"Semicossyphus pulcher",13,"Anacapa Island SMR 2003","KFM","den"
"den",1.06734964841461,-0.627982988630762,0.817310907248987,"Semicossyphus pulcher",14,"Anacapa Island SMR 2003","KFM","den"
"den",-0.305130743430698,0.459281423257956,-0.233650411665314,"Semicossyphus pulcher",1,"Gull Island SMR","KFM","den"
"den",0.166877244346154,0.45216196406007,0.127784360240671,"Semicossyphus pulcher",2,"Gull Island SMR","KFM","den"
"den",-0.880360576120029,0.445042504862184,-0.674126142491035,"Semicossyphus pulcher",3,"Gull Island SMR","KFM","den"
"den",0.168212757906018,0.437923045664298,0.128807014626586,"Semicossyphus pulcher",4,"Gull Island SMR","KFM","den"
"den",0.739267666183837,0.430803586466413,0.56608584435852,"Semicossyphus pulcher",5,"Gull Island SMR","KFM","den"
"den",0.0283009964745305,0.423684127268527,0.0216711675869348,"Semicossyphus pulcher",6,"Gull Island SMR","KFM","den"
"den",1.00482101286052,0.41656466807064,0.769430312610048,"Semicossyphus pulcher",7,"Gull Island SMR","KFM","den"
"den",0.101380414893235,0.409445208872755,0.0776309047337433,"Semicossyphus pulcher",8,"Gull Island SMR","KFM","den"
"den",0.0329923215829762,0.402325749674869,0.0252634966669874,"Semicossyphus pulcher",9,"Gull Island SMR","KFM","den"
"den",1.64167563678406,0.395206290476983,1.25709452952135,"Semicossyphus pulcher",10,"Gull Island SMR","KFM","den"
"den",0.258540333645955,0.388086831279097,0.197974332934384,"Semicossyphus pulcher",11,"Gull Island SMR","KFM","den"
"den",0.375358710100266,0.380967372081211,0.287426681923343,"Semicossyphus pulcher",12,"Gull Island SMR","KFM","den"
"den",-0.180944246758833,0.373847912883325,-0.138556008051918,"Semicossyphus pulcher",13,"Gull Island SMR","KFM","den"
"den",0.0253136340905852,0.366728453685439,0.0193836286685209,"Semicossyphus pulcher",14,"Gull Island SMR","KFM","den"
"den",-0.061116005931556,0.359608994487553,-0.0467988895012512,"Semicossyphus pulcher",15,"Gull Island SMR","KFM","den"
"den",0.181592950640591,0.352489535289667,0.139052745703842,"Semicossyphus pulcher",16,"Gull Island SMR","KFM","den"
"den",-0.171196532230729,0.338250616893895,-0.13109180602927,"Semicossyphus pulcher",18,"Gull Island SMR","KFM","den"
"den",-0.219905522585785,0.33113115769601,-0.168390163842388,"Semicossyphus pulcher",19,"Gull Island SMR","KFM","den"
"den",0.666960325707437,0.942477586726663,0.510717317153486,"Semicossyphus pulcher",2,"Harris Point SMR","KFM","den"
"den",0.545841183558987,0.920495885234443,0.41797170553352,"Semicossyphus pulcher",3,"Harris Point SMR","KFM","den"
"den",-0.898514183742223,0.898514183742223,-0.688027061967212,"Semicossyphus pulcher",4,"Harris Point SMR","KFM","den"
"den",0.858068573138107,0.876532482250003,0.657056293628842,"Semicossyphus pulcher",5,"Harris Point SMR","KFM","den"
"den",-0.603236352476877,0.854550780757783,-0.461921406224073,"Semicossyphus pulcher",6,"Harris Point SMR","KFM","den"
"den",-1.93118136793367,0.832569079265563,-1.47878026496065,"Semicossyphus pulcher",7,"Harris Point SMR","KFM","den"
"den",-0.299761754007352,0.810587377773344,-0.22953916880959,"Semicossyphus pulcher",8,"Harris Point SMR","KFM","den"
"den",-2.39804358871522,0.788605676281124,-1.83627472405755,"Semicossyphus pulcher",9,"Harris Point SMR","KFM","den"
"den",0.842813937645196,0.766623974788904,0.645375229234449,"Semicossyphus pulcher",10,"Harris Point SMR","KFM","den"
"den",-3.14253754609505,0.744642273296684,-2.40636254172003,"Semicossyphus pulcher",11,"Harris Point SMR","KFM","den"
"den",-1.6781720168319,0.722660571804464,-1.28504121927996,"Semicossyphus pulcher",12,"Harris Point SMR","KFM","den"
"den",-3.91955469518044,0.700678870312245,-3.00135462515801,"Semicossyphus pulcher",13,"Harris Point SMR","KFM","den"
"den",-1.26648383372214,0.678697168820024,-0.969795654772666,"Semicossyphus pulcher",14,"Harris Point SMR","KFM","den"
"den",-1.61222691235524,0.656715467327805,-1.2345445022496,"Semicossyphus pulcher",15,"Harris Point SMR","KFM","den"
"den",-1.7333460545037,0.634733765835585,-1.32729011386957,"Semicossyphus pulcher",16,"Harris Point SMR","KFM","den"
"den",-2.98866563564951,0.590770362851145,-2.28853686864918,"Semicossyphus pulcher",18,"Harris Point SMR","KFM","den"
"den",-1.15657532626104,0.568788661358926,-0.885634459722065,"Semicossyphus pulcher",19,"Harris Point SMR","KFM","den"
"den",1.43343598457949,0.964459288218882,1.09763737382608,"Semicossyphus pulcher",1,"Harris Point SMR","KFM","den"
"den",-0.114165684538203,0.961463544925407,-0.087421080191685,"Semicossyphus pulcher",4,"Scorpion SMR","KFM","den"
"den",-0.932316697275481,0.932316697275481,-0.713910953946002,"Semicossyphus pulcher",5,"Scorpion SMR","KFM","den"
"den",-1.05158985474383,0.903169849625554,-0.805243023699997,"Semicossyphus pulcher",6,"Scorpion SMR","KFM","den"
"den",-0.757612650131217,0.874023001975628,-0.580133308088678,"Semicossyphus pulcher",7,"Scorpion SMR","KFM","den"
"den",1.16259188772905,0.844876154325702,0.89024157353827,"Semicossyphus pulcher",8,"Scorpion SMR","KFM","den"
"den",-0.169102141750724,0.815729306675776,-0.129488050234823,"Semicossyphus pulcher",9,"Scorpion SMR","KFM","den"
"den",-1.16306003026076,0.78658245902585,-0.890600048380966,"Semicossyphus pulcher",10,"Scorpion SMR","KFM","den"
"den",0.0635449406939068,0.757435611375923,0.0486588187917271,"Semicossyphus pulcher",11,"Scorpion SMR","KFM","den"
"den",-0.697036220221892,0.728288763725997,-0.533747592816617,"Semicossyphus pulcher",12,"Scorpion SMR","KFM","den"
"den",-1.6825189411666,0.699141916076071,-1.2883698273673,"Semicossyphus pulcher",13,"Scorpion SMR","KFM","den"
"den",-1.02396365076713,0.669995068426144,-0.784088570827337,"Semicossyphus pulcher",14,"Scorpion SMR","KFM","den"
"den",-1.26160490491591,0.640848220776218,-0.966059670285342,"Semicossyphus pulcher",15,"Scorpion SMR","KFM","den"
"den",-0.498677984722897,0.611701373126292,-0.381857020072439,"Semicossyphus pulcher",16,"Scorpion SMR","KFM","den"
"den",-0.768519057443386,0.55340767782644,-0.588484765990384,"Semicossyphus pulcher",18,"Scorpion SMR","KFM","den"
"den",-0.695732370946403,0.524260830176514,-0.532749184997914,"Semicossyphus pulcher",19,"Scorpion SMR","KFM","den"
"den",-0.989810224362694,0.495113982526587,-0.757935971290966,"Semicossyphus pulcher",20,"Scorpion SMR","KFM","den"
"den",-1.04890408787519,1.04890408787519,-0.803186428132341,"Semicossyphus pulcher",1,"Scorpion SMR","KFM","den"
"den",-1.74189195765846,1.01975724022526,-1.33383404244167,"Semicossyphus pulcher",2,"Scorpion SMR","KFM","den"
"den",-0.354621625855336,0.990610392575333,-0.271547494477039,"Semicossyphus pulcher",3,"Scorpion SMR","KFM","den"
"den",-0.13449497784798,0.753534186254204,-0.102988006346975,"Semicossyphus pulcher",5,"South Point SMR","KFM","den"
"den",-0.584289237352599,0.64882775849017,-0.447412867363376,"Semicossyphus pulcher",16,"South Point SMR","KFM","den"
"den",-1.18940601410486,0.629790226169436,-0.910774187183532,"Semicossyphus pulcher",18,"South Point SMR","KFM","den"
"den",-0.62027146000907,0.62027146000907,-0.474965846921553,"Semicossyphus pulcher",19,"South Point SMR","KFM","den"
"den",0.103282440293366,0.744015420093837,0.0790873591465031,"Semicossyphus pulcher",6,"South Point SMR","KFM","den"
"den",-0.44681458148169,0.73449665393347,-0.342143206310422,"Semicossyphus pulcher",7,"South Point SMR","KFM","den"
"den",-0.031830707213158,0.724977887773104,-0.0243740036167205,"Semicossyphus pulcher",8,"South Point SMR","KFM","den"
"den",-1.22628474537873,0.715459121612737,-0.939013658063959,"Semicossyphus pulcher",9,"South Point SMR","KFM","den"
"den",-0.70594035545237,0.70594035545237,-0.540565833544292,"Semicossyphus pulcher",10,"South Point SMR","KFM","den"
"den",-0.13680580135658,0.696421589292003,-0.104757493282312,"Semicossyphus pulcher",11,"South Point SMR","KFM","den"
"den",-0.761010795285359,0.686902823131637,-0.582735399261913,"Semicossyphus pulcher",12,"South Point SMR","KFM","den"
"den",-0.594002448032219,0.67738405697127,-0.454850648454748,"Semicossyphus pulcher",13,"South Point SMR","KFM","den"
"den",0.179432569576301,0.667865290810903,0.137398458366716,"Semicossyphus pulcher",14,"South Point SMR","KFM","den"
"den",-0.722885045788107,0.658346524650536,-0.553541038297415,"Semicossyphus pulcher",15,"South Point SMR","KFM","den"
"den",-0.627939804908047,0.782090484735305,-0.480837795196226,"Semicossyphus pulcher",2,"South Point SMR","KFM","den"
"den",0.208257534436788,0.772571718574938,0.159470848812095,"Semicossyphus pulcher",3,"South Point SMR","KFM","den"
"den",-0.698514431277,0.763052952414571,-0.534879516193694,"Semicossyphus pulcher",4,"South Point SMR","KFM","den"
"den",-0.247232251895831,0.599452845485183,-0.189315297380133,"Semicossyphus pulcher",4,"Blue Cavern Onshore SMCA","PISCO","den"
"den",-0.292622812229773,0.521306543919598,-0.224072604980485,"Semicossyphus pulcher",7,"Blue Cavern Onshore SMCA","PISCO","den"
"den",0.78103568917449,0.49525777673107,0.598069235007679,"Semicossyphus pulcher",8,"Blue Cavern Onshore SMCA","PISCO","den"
"den",0.332418814011473,0.469209009542542,0.254545942718869,"Semicossyphus pulcher",9,"Blue Cavern Onshore SMCA","PISCO","den"
"den",0.100455204234968,0.443160242354014,0.0769224351487036,"Semicossyphus pulcher",10,"Blue Cavern Onshore SMCA","PISCO","den"
"den",-0.359953061325537,0.417111475165485,-0.275629980818381,"Semicossyphus pulcher",11,"Blue Cavern Onshore SMCA","PISCO","den"
"den",0.499825782724289,0.663325027081391,0.382735933395032,"Semicossyphus pulcher",1,"Cat Harbor SMCA","PISCO","den"
"den",-0.523579511182442,0.491830812867862,-0.400925081988949,"Semicossyphus pulcher",7,"Cat Harbor SMCA","PISCO","den"
"den",0.335259252385498,0.463248443832274,0.256720976240365,"Semicossyphus pulcher",8,"Cat Harbor SMCA","PISCO","den"
"den",-0.529976254601011,0.434666074796686,-0.405823315828849,"Semicossyphus pulcher",9,"Cat Harbor SMCA","PISCO","den"
"den",0.736013694846752,0.406083705761098,0.563594152653159,"Semicossyphus pulcher",10,"Cat Harbor SMCA","PISCO","den"
"den",-0.23773939435035,0.377501336725509,-0.182046249206082,"Semicossyphus pulcher",11,"Cat Harbor SMCA","PISCO","den"
"den",2.25383606557698,-0.11376990208071,1.72584944613357,"Semicossyphus pulcher",7,"Dana Point SMCA","PISCO","den"
"den",-0.831988033562503,-0.158410670465374,-0.637085415769144,"Semicossyphus pulcher",8,"Dana Point SMCA","PISCO","den"
"den",-2.63505189050037,-0.203051438850038,-2.01776114741028,"Semicossyphus pulcher",9,"Dana Point SMCA","PISCO","den"
"den",-0.501544439976287,-0.247692207234702,-0.38405197572471,"Semicossyphus pulcher",10,"Dana Point SMCA","PISCO","den"
"den",-0.136662629898992,-0.292332975619366,-0.104647861359851,"Semicossyphus pulcher",11,"Dana Point SMCA","PISCO","den"
"den",-0.344695893317268,0.19737117856041,-0.26394697717903,"Semicossyphus pulcher",7,"Farnsworth Onshore SMCA","PISCO","den"
"den",-0.105883987992766,0.128612239070322,-0.0810794648389601,"Semicossyphus pulcher",9,"Farnsworth Onshore SMCA","PISCO","den"
"den",-0.239944580506672,0.0942327693252782,-0.183734845535085,"Semicossyphus pulcher",10,"Farnsworth Onshore SMCA","PISCO","den"
"den",-0.145620121337659,0.0598532995802339,-0.111506958999773,"Semicossyphus pulcher",11,"Farnsworth Onshore SMCA","PISCO","den"
"den",0.493785624148184,0.753246669638196,0.378110750360496,"Semicossyphus pulcher",4,"Long Point SMR","PISCO","den"
"den",-0.40756273415008,0.685194470748359,-0.312086548680518,"Semicossyphus pulcher",7,"Long Point SMR","PISCO","den"
"den",-0.426121626387517,0.662510404451747,-0.326297810261619,"Semicossyphus pulcher",8,"Long Point SMR","PISCO","den"
"den",1.13324099806077,0.639826338155135,0.867766462126578,"Semicossyphus pulcher",9,"Long Point SMR","PISCO","den"
"den",0.130072129971699,0.617142271858522,0.0996012606673777,"Semicossyphus pulcher",10,"Long Point SMR","PISCO","den"
"den",0.00631565486702035,0.59445820556191,0.00483614119974936,"Semicossyphus pulcher",11,"Long Point SMR","PISCO","den"
"den",-0.28026442786443,-0.338774780541794,-0.214609312091624,"Semicossyphus pulcher",1,"Santa Barbara Island SMR","PISCO","den"
"den",0.143662318852042,-0.355420547941126,0.110007793915387,"Semicossyphus pulcher",2,"Santa Barbara Island SMR","PISCO","den"
"den",0.722927289413771,-0.372066315340458,0.553573385875426,"Semicossyphus pulcher",3,"Santa Barbara Island SMR","PISCO","den"
"den",0.629874139556677,-0.38871208273979,0.482318990050175,"Semicossyphus pulcher",4,"Santa Barbara Island SMR","PISCO","den"
"den",0.419746587591221,-0.405357850139121,0.321416196490454,"Semicossyphus pulcher",5,"Santa Barbara Island SMR","PISCO","den"
"den",0.194568889873865,-0.455295152337117,0.148988924240002,"Semicossyphus pulcher",8,"Santa Barbara Island SMR","PISCO","den"
"den",0.148510007352438,-0.588461291531772,0.113719856492261,"Semicossyphus pulcher",16,"Santa Barbara Island SMR","PISCO","den"
"den",0.275476589612602,-0.621752826330436,0.210943079164883,"Semicossyphus pulcher",18,"Santa Barbara Island SMR","PISCO","den"
"den",0.955852824515219,-0.638398593729768,0.731933476870903,"Semicossyphus pulcher",19,"Santa Barbara Island SMR","PISCO","den"
"den",0.573698721675147,-0.6550443611291,0.439303299903988,"Semicossyphus pulcher",20,"Santa Barbara Island SMR","PISCO","den"
"den",1.90622545915167,1.74009438054347,1.45967056039651,"Semicossyphus pulcher",7,"Swamis SMCA","PISCO","den"
"den",0.679894301026425,1.74364340238528,0.520621362297455,"Semicossyphus pulcher",8,"Swamis SMCA","PISCO","den"
"den",0.450032153109118,1.7471924242271,0.344607025350282,"Semicossyphus pulcher",9,"Swamis SMCA","PISCO","den"
"den",0.81420791139262,1.75074144606892,0.623470488548949,"Semicossyphus pulcher",10,"Swamis SMCA","PISCO","den"
"den",0.860669310125463,1.75429046791074,0.659047778527731,"Semicossyphus pulcher",11,"Swamis SMCA","PISCO","den"
"den",-0.150173207832478,-0.542973972727467,-0.114993433426772,"Mesocentrotus franciscanus",1,"Santa Barbara Island SMR","KFM","den"
"den",-2.29916592269445,-0.645273056471992,-1.76056027093327,"Panulirus interruptus",1,"Santa Barbara Island SMR","KFM","den"
"den",0.0954930030125734,-0.965540659700758,0.0731226857516322,"Strongylocentrotus purpuratus",1,"Santa Barbara Island SMR","KFM","den"
"den",0.311498183716271,-0.605795495286771,0.238526206962934,"Mesocentrotus franciscanus",2,"Santa Barbara Island SMR","KFM","den"
"den",0.541575187959917,-0.541575187959917,0.414705067709096,"Panulirus interruptus",2,"Santa Barbara Island SMR","KFM","den"
"den",-1.26403361914956,-1.04718080054254,-0.967919430708467,"Strongylocentrotus purpuratus",2,"Santa Barbara Island SMR","KFM","den"
"den",0.328939650275915,-0.668617017846076,0.251881812484319,"Mesocentrotus franciscanus",3,"Santa Barbara Island SMR","KFM","den"
"den",-2.39533602460838,-0.437877319447842,-1.83420143750156,"Panulirus interruptus",3,"Santa Barbara Island SMR","KFM","den"
"den",-2.24420556331115,-1.12882094138431,-1.71847499807351,"Strongylocentrotus purpuratus",3,"Santa Barbara Island SMR","KFM","den"
"den",0.583280795975734,-0.731438540405381,0.446640664798024,"Mesocentrotus franciscanus",4,"Santa Barbara Island SMR","KFM","den"
"den",-2.23076990652577,-0.334179450935767,-1.7081867960274,"Panulirus interruptus",4,"Santa Barbara Island SMR","KFM","den"
"den",-1.70460328826045,-1.21046108222609,-1.30528066608457,"Strongylocentrotus purpuratus",4,"Santa Barbara Island SMR","KFM","den"
"den",0.887350486030697,-0.794260062964685,0.679478586855599,"Mesocentrotus franciscanus",5,"Santa Barbara Island SMR","KFM","den"
"den",-0.725029862603744,-0.230481582423692,-0.555183407487376,"Panulirus interruptus",5,"Santa Barbara Island SMR","KFM","den"
"den",-0.50377887383001,-1.29210122306787,-0.385762968146815,"Strongylocentrotus purpuratus",5,"Santa Barbara Island SMR","KFM","den"
"den",0.842651320694961,-0.85708158552399,0.645250707146183,"Mesocentrotus franciscanus",6,"Santa Barbara Island SMR","KFM","den"
"den",0.378098142192523,-0.126783713911617,0.28952437102831,"Panulirus interruptus",6,"Santa Barbara Island SMR","KFM","den"
"den",-0.530517711067982,-1.37374136390965,-0.406237929987305,"Strongylocentrotus purpuratus",6,"Santa Barbara Island SMR","KFM","den"
"den",0.853812996254304,-0.919903108083294,0.653797633817659,"Mesocentrotus franciscanus",7,"Santa Barbara Island SMR","KFM","den"
"den",-1.07552644326857,-0.0230858453995416,-0.823572195319307,"Panulirus interruptus",7,"Santa Barbara Island SMR","KFM","den"
"den",-0.195522350667765,-1.45538150475143,-0.149719026046515,"Strongylocentrotus purpuratus",7,"Santa Barbara Island SMR","KFM","den"
"den",0.400174826078163,-0.982724630642599,0.306429341730669,"Mesocentrotus franciscanus",8,"Santa Barbara Island SMR","KFM","den"
"den",-0.417084259733746,0.0806120231125335,-0.31937754908019,"Panulirus interruptus",8,"Santa Barbara Island SMR","KFM","den"
"den",0.720209910228833,-1.5370216455932,0.551492583534524,"Strongylocentrotus purpuratus",8,"Santa Barbara Island SMR","KFM","den"
"den",-0.896597513057936,-1.0455461532019,-0.686559393093943,"Mesocentrotus franciscanus",9,"Santa Barbara Island SMR","KFM","den"
"den",-0.772096556526727,0.184309891624608,-0.591224195404009,"Panulirus interruptus",9,"Santa Barbara Island SMR","KFM","den"
"den",0.608973704961271,-1.61866178643498,0.466314718922675,"Strongylocentrotus purpuratus",9,"Santa Barbara Island SMR","KFM","den"
"den",-1.92932879689181,-1.10836767576121,-1.47736167966274,"Mesocentrotus franciscanus",10,"Santa Barbara Island SMR","KFM","den"
"den",-0.0366933318557776,0.288007760136684,-0.028097503375374,"Panulirus interruptus",10,"Santa Barbara Island SMR","KFM","den"
"den",-0.150910860559151,-1.70030192727676,-0.115558282649486,"Strongylocentrotus purpuratus",10,"Santa Barbara Island SMR","KFM","den"
"den",-0.545607232434087,-1.17118919832051,-0.417792560108749,"Mesocentrotus franciscanus",11,"Santa Barbara Island SMR","KFM","den"
"den",-0.12344164205408,0.391705628648759,-0.094524039624112,"Panulirus interruptus",11,"Santa Barbara Island SMR","KFM","den"
"den",-0.513076005524023,-1.78194206811854,-0.392882141466386,"Strongylocentrotus purpuratus",11,"Santa Barbara Island SMR","KFM","den"
"den",0.229427381859988,-1.23401072087982,0.17568141976181,"Mesocentrotus franciscanus",12,"Santa Barbara Island SMR","KFM","den"
"den",0.407464214381181,0.495403497160834,0.312011108283063,"Panulirus interruptus",12,"Santa Barbara Island SMR","KFM","den"
"den",0.199052914280055,-1.86358220896031,0.152422515154651,"Strongylocentrotus purpuratus",12,"Santa Barbara Island SMR","KFM","den"
"den",0.562863068358923,-1.29683224343912,0.4310060210735,"Mesocentrotus franciscanus",13,"Santa Barbara Island SMR","KFM","den"
"den",0.613921274172941,0.599101365672909,0.470103264023217,"Panulirus interruptus",13,"Santa Barbara Island SMR","KFM","den"
"den",1.37811589013751,-1.94522234980209,1.05527663791857,"Strongylocentrotus purpuratus",13,"Santa Barbara Island SMR","KFM","den"
"den",1.61454601562722,-1.35965376599843,1.23632032931998,"Mesocentrotus franciscanus",14,"Santa Barbara Island SMR","KFM","den"
"den",-0.428362388483224,0.702799234184984,-0.328013648463366,"Panulirus interruptus",14,"Santa Barbara Island SMR","KFM","den"
"den",0.45201602297939,-2.02686249064387,0.346126151239296,"Strongylocentrotus purpuratus",14,"Santa Barbara Island SMR","KFM","den"
"den",0.152012742962962,-1.42247528855773,0.116402036623152,"Mesocentrotus franciscanus",15,"Santa Barbara Island SMR","KFM","den"
"den",0.292115185971051,0.806497102697059,0.223683895920922,"Panulirus interruptus",15,"Santa Barbara Island SMR","KFM","den"
"den",-0.330941644225592,-2.10850263148565,-0.253414816681911,"Strongylocentrotus purpuratus",15,"Santa Barbara Island SMR","KFM","den"
"den",0.189516457537977,-1.48529681111704,0.145120081389496,"Mesocentrotus franciscanus",16,"Santa Barbara Island SMR","KFM","den"
"den",-1.49798163611125,0.910194971209134,-1.14706247561046,"Panulirus interruptus",16,"Santa Barbara Island SMR","KFM","den"
"den",0.144661829886096,-2.19014277232743,0.110773158171854,"Strongylocentrotus purpuratus",16,"Santa Barbara Island SMR","KFM","den"
"den",0.645858960192059,-1.61093985623565,0.494559185449238,"Mesocentrotus franciscanus",18,"Santa Barbara Island SMR","KFM","den"
"den",-0.0751729779088139,1.11759070823328,-0.057562856620153,"Panulirus interruptus",18,"Santa Barbara Island SMR","KFM","den"
"den",-1.03357137747318,-2.35342305401098,-0.79144557876038,"Strongylocentrotus purpuratus",18,"Santa Barbara Island SMR","KFM","den"
"den",0.510610568989271,-1.67376137879495,0.390994261357018,"Mesocentrotus franciscanus",19,"Santa Barbara Island SMR","KFM","den"
"den",-2.54621399148896,1.22128857674536,-1.94973453218915,"Panulirus interruptus",19,"Santa Barbara Island SMR","KFM","den"
"den",-1.63822795817151,-2.43506319485276,-1.25445450866322,"Strongylocentrotus purpuratus",19,"Santa Barbara Island SMR","KFM","den"
"den",1.58997942716238,-1.73658290135426,1.21750874238029,"Mesocentrotus franciscanus",20,"Santa Barbara Island SMR","KFM","den"
"den",-1.00221305299438,1.32498644525743,-0.767433296873521,"Panulirus interruptus",20,"Santa Barbara Island SMR","KFM","den"
"den",0.0335343058050777,-2.51670333569454,0.0256785149479587,"Strongylocentrotus purpuratus",20,"Santa Barbara Island SMR","KFM","den"
"den",-0.477370713764311,-0.438920018109844,-0.365541218606603,"Semicossyphus pulcher",1,"Santa Barbara Island SMR","KFM","den"
"den",0.622619870172342,-0.455565785509176,0.476764115412097,"Semicossyphus pulcher",2,"Santa Barbara Island SMR","KFM","den"
"den",0.235822774844278,-0.472211552908508,0.180578619521952,"Semicossyphus pulcher",3,"Santa Barbara Island SMR","KFM","den"
"den",0.825329556929053,-0.48885732030784,0.631986762683658,"Semicossyphus pulcher",4,"Santa Barbara Island SMR","KFM","den"
"den",0.505503087707172,-0.505503087707172,0.387083265399292,"Semicossyphus pulcher",5,"Santa Barbara Island SMR","KFM","den"
"den",1.18544307251677,-0.522148855106504,0.907739609536415,"Semicossyphus pulcher",6,"Santa Barbara Island SMR","KFM","den"
"den",0.61025358648798,-0.538794622505836,0.467294773709145,"Semicossyphus pulcher",7,"Santa Barbara Island SMR","KFM","den"
"den",-0.0635988185010556,-0.555440389905167,-0.0487000751124715,"Semicossyphus pulcher",8,"Santa Barbara Island SMR","KFM","den"
"den",-1.27374053319383,-0.572086157304499,-0.975352390222617,"Semicossyphus pulcher",9,"Santa Barbara Island SMR","KFM","den"
"den",0.314295079002071,-0.588731924703831,0.240667897857677,"Semicossyphus pulcher",10,"Santa Barbara Island SMR","KFM","den"
"den",0.966391037640493,-0.605377692103163,0.740002994243204,"Semicossyphus pulcher",11,"Santa Barbara Island SMR","KFM","den"
"den",0.0260400273961968,-0.622023459502495,0.0199398561170527,"Semicossyphus pulcher",12,"Santa Barbara Island SMR","KFM","den"
"den",-0.526634436264953,-0.638669226901827,-0.403264356278751,"Semicossyphus pulcher",13,"Santa Barbara Island SMR","KFM","den"
"den",0.325835793170917,-0.655314994301159,0.249505069052375,"Semicossyphus pulcher",14,"Santa Barbara Island SMR","KFM","den"
"den",-0.215342433300412,-0.671960761700491,-0.164896029891788,"Semicossyphus pulcher",15,"Santa Barbara Island SMR","KFM","den"
"den",-0.768639567992358,-0.688606529099822,-0.588577045578671,"Semicossyphus pulcher",16,"Santa Barbara Island SMR","KFM","den"
"den",0.721898063898486,-0.721898063898486,0.552785268091427,"Semicossyphus pulcher",18,"Santa Barbara Island SMR","KFM","den"
"den",0.303225760039973,-0.738543831297818,0.232191692204751,"Semicossyphus pulcher",19,"Santa Barbara Island SMR","KFM","den"
"den",2.14148395981704,-0.75518959869715,1.63981709335546,"Semicossyphus pulcher",20,"Santa Barbara Island SMR","KFM","den"
